name,train,held,matched,flipped,explanation
Saturn(older) to Saturn(younger) separation,0.5455169622908892,0.5699769078638578,0.49424390645328437,False,"The angle between the older partner's Saturn and the younger partner's Saturn, folded to 0-180 degrees. This is the raw synastry contact: duty, limitation and endurance — the classical marriage significator meeting duty, limitation and endurance — the classical marriage significator."
"Saturn(older) to Saturn(younger), harmonic 1 (conjunction axis)",0.5455169622908892,0.5699769078638578,0.49424390645328437,False,"cos(1 x separation) between the older partner's Saturn and the younger partner's Saturn. Peaks when the conjunction axis is exact and falls away smoothly with orb, which is what a hard orb window approximates."
digit sum of the birth year — older partner,0.5354729894046691,0.45905845147119806,0.4848609423491256,True,"The older partner's birth year with its digits added, e.g. 1899 -> 27. Deliberately almost decorrelated from the year itself: 1899 and 1900 are adjacent in time and give 27 and 10."
"Pluto longitude, cos — younger partner",0.5333536949568877,0.531733243106536,0.5256493538413586,False,Cosine of Pluto's tropical ecliptic longitude in the younger partner's chart. Pluto signifies compulsion and transformation. Cosine and sine together locate it on the zodiac circle without the 359-to-1 degree wrap that would otherwise dominate a monotone model.
"Neptune longitude, cos — older partner",0.5319334737979916,0.4754105547125274,0.5229974289108974,True,Cosine of Neptune's tropical ecliptic longitude in the older partner's chart. Neptune signifies idealisation and dissolution. Cosine and sine together locate it on the zodiac circle without the 359-to-1 degree wrap that would otherwise dominate a monotone model.
digit sum of the birth year — younger partner,0.527227333411312,0.4833240828081496,0.48849254653613017,True,"The younger partner's birth year with its digits added, e.g. 1899 -> 27. Deliberately almost decorrelated from the year itself: 1899 and 1900 are adjacent in time and give 27 and 10."
"Pluto longitude, cos — older partner",0.5264631841931456,0.47758139778625364,0.5262603561801357,True,Cosine of Pluto's tropical ecliptic longitude in the older partner's chart. Pluto signifies compulsion and transformation. Cosine and sine together locate it on the zodiac circle without the 359-to-1 degree wrap that would otherwise dominate a monotone model.
"Neptune longitude, cos — younger partner",0.5258101196535918,0.5244260573168009,0.5195706452337631,False,Cosine of Neptune's tropical ecliptic longitude in the younger partner's chart. Neptune signifies idealisation and dissolution. Cosine and sine together locate it on the zodiac circle without the 359-to-1 degree wrap that would otherwise dominate a monotone model.
Pluto zodiac sign (1 Aries .. 12 Pisces) — younger partner,0.5210728247709362,0.5269905717553669,0.5193539906499892,False,"Which of the twelve 30-degree signs Pluto occupied at the younger partner's birth, as an ordinal 1-12. A monotone model can only read a trend across the sign order, not a preference for one sign, so this tests whether the zodiac has a DIRECTION for Pluto."
Pluto zodiac sign (1 Aries .. 12 Pisces) — older partner,0.5198458403592328,0.48653310366512187,0.5180986685028295,True,"Which of the twelve 30-degree signs Pluto occupied at the older partner's birth, as an ordinal 1-12. A monotone model can only read a trend across the sign order, not a preference for one sign, so this tests whether the zodiac has a DIRECTION for Pluto."
birth day of the month — older partner,0.5144644999343662,0.5054077977826081,0.501099476496983,False,"The raw day of the month of the older partner's birth, 1-31, before any reduction."
"Neptune longitude, sin — older partner",0.5142220995521736,0.5158931085865835,0.5274528667042687,False,Sine of Neptune's tropical ecliptic longitude in the older partner's chart; the companion projection to the cosine above.
"Uranus longitude, sin — older partner",0.5128380281248952,0.4689165721108058,0.472405124408888,True,Sine of Uranus's tropical ecliptic longitude in the older partner's chart; the companion projection to the cosine above.
"Venus longitude, sin — younger partner",0.5127987876313015,0.49787178680957134,0.49917125070139645,True,Sine of Venus's tropical ecliptic longitude in the younger partner's chart; the companion projection to the cosine above.
"Uranus longitude, sin — younger partner",0.5124481464562564,0.4703846942541935,0.4761017249710247,True,Sine of Uranus's tropical ecliptic longitude in the younger partner's chart; the companion projection to the cosine above.
Uranus element of its sign (1 fire .. 4 water) — older partner,0.5123247660596169,0.5045432610151882,0.5175089674970788,False,"The element of Uranus's sign as an ordinal: fire, earth, air, water in zodiacal order."
Neptune zodiac sign (1 Aries .. 12 Pisces) — younger partner,0.5123223582149654,0.5283404762881242,0.5216128422641751,False,"Which of the twelve 30-degree signs Neptune occupied at the younger partner's birth, as an ordinal 1-12. A monotone model can only read a trend across the sign order, not a preference for one sign, so this tests whether the zodiac has a DIRECTION for Neptune."
"Sun(older) to Saturn(younger), harmonic 2 (opposition/square axis)",0.5115290872218736,0.5076840079837045,0.5089531141274446,False,"cos(2 x separation) between the older partner's Sun and the younger partner's Saturn. Peaks when the opposition/square axis is exact and falls away smoothly with orb, which is what a hard orb window approximates."
"Moon(older) to Venus(younger), harmonic 4 (square axis)",0.5109634970173731,0.49826747460662485,0.4959501978475094,True,"cos(4 x separation) between the older partner's Moon and the younger partner's Venus. Peaks when the square axis is exact and falls away smoothly with orb, which is what a hard orb window approximates."
Uranus zodiac sign (1 Aries .. 12 Pisces) — younger partner,0.5107166496571092,0.46588736688129706,0.4649804264417634,True,"Which of the twelve 30-degree signs Uranus occupied at the younger partner's birth, as an ordinal 1-12. A monotone model can only read a trend across the sign order, not a preference for one sign, so this tests whether the zodiac has a DIRECTION for Uranus."
"Mercury(older) to Venus(younger), harmonic 4 (square axis)",0.5104922968881561,0.49612226414578464,0.4929010121592378,True,"cos(4 x separation) between the older partner's Mercury and the younger partner's Venus. Peaks when the square axis is exact and falls away smoothly with orb, which is what a hard orb window approximates."
"Sun longitude, sin — younger partner",0.5103724817688167,0.4979957347332158,0.49601209915715905,True,Sine of Sun's tropical ecliptic longitude in the younger partner's chart; the companion projection to the cosine above.
Month pillar — older partner,0.5102942604825838,0.5016625540563325,0.5013774862023801,False,The older partner's Month pillar: the birth month reduced.
Venus daily speed — younger partner,0.5102349620979924,0.5021804011902646,0.5013017481293971,False,Venus's apparent motion in degrees per day at the younger partner's birth. Fast or slow relative to its mean is read as strength or weakness.
Birthday number — older partner,0.5102339681807594,0.5011022137463715,0.498244915808757,False,The older partner's Birthday number: the day of the month reduced to one figure.
Pluto element of its sign (1 fire .. 4 water) — older partner,0.5100844894412935,0.4577274808951592,0.47588707307668077,True,"The element of Pluto's sign as an ordinal: fire, earth, air, water in zodiacal order."
Pluto element of its sign (1 fire .. 4 water) — younger partner,0.510044245411913,0.46123148186122387,0.4611272519787482,True,"The element of Pluto's sign as an ordinal: fire, earth, air, water in zodiacal order."
Sun daily speed — older partner,0.5100235751396522,0.504502408326384,0.508948744623234,False,Sun's apparent motion in degrees per day at the older partner's birth. Fast or slow relative to its mean is read as strength or weakness.
"Venus(older) to Venus(younger), harmonic 4 (square axis)",0.5099625806833956,0.4966176001494666,0.49713214873646683,True,"cos(4 x separation) between the older partner's Venus and the younger partner's Venus. Peaks when the square axis is exact and falls away smoothly with orb, which is what a hard orb window approximates."
Year pillar — older partner,0.509702959883596,0.4934831189307669,0.4948132164393857,True,The older partner's Year pillar: the birth year's digits reduced on their own.
"Ceres longitude, cos — younger partner",0.5095643308728923,0.5025484969035804,0.5015620977552765,False,Cosine of Ceres's tropical ecliptic longitude in the younger partner's chart. Ceres signifies nurture and sustenance. Cosine and sine together locate it on the zodiac circle without the 359-to-1 degree wrap that would otherwise dominate a monotone model.
Vesta element of its sign (1 fire .. 4 water) — older partner,0.509285899387913,0.5055904614781701,0.5064360976394846,False,"The element of Vesta's sign as an ordinal: fire, earth, air, water in zodiacal order."
"Sun longitude, cos — older partner",0.5092837031514468,0.49633266802462556,0.49630194293645974,True,Cosine of Sun's tropical ecliptic longitude in the older partner's chart. Sun signifies identity and vitality. Cosine and sine together locate it on the zodiac circle without the 359-to-1 degree wrap that would otherwise dominate a monotone model.
"Pluto longitude, sin — older partner",0.509234783186478,0.5684364333984971,0.5448784494959958,False,Sine of Pluto's tropical ecliptic longitude in the older partner's chart; the companion projection to the cosine above.
"Moon(older) to Mercury(younger), harmonic 4 (square axis)",0.5092137153473242,0.504993084890657,0.5007686686157083,False,"cos(4 x separation) between the older partner's Moon and the younger partner's Mercury. Peaks when the square axis is exact and falls away smoothly with orb, which is what a hard orb window approximates."
Venus zodiac sign (1 Aries .. 12 Pisces) — older partner,0.5091779279145688,0.5030457468090245,0.5070911591457182,False,"Which of the twelve 30-degree signs Venus occupied at the older partner's birth, as an ordinal 1-12. A monotone model can only read a trend across the sign order, not a preference for one sign, so this tests whether the zodiac has a DIRECTION for Venus."
"Neptune longitude, sin — younger partner",0.5090583179910453,0.5316637958140235,0.5258241340097811,False,Sine of Neptune's tropical ecliptic longitude in the younger partner's chart; the companion projection to the cosine above.
Neptune zodiac sign (1 Aries .. 12 Pisces) — older partner,0.5089120614671248,0.4799399969013019,0.5248564708898168,True,"Which of the twelve 30-degree signs Neptune occupied at the older partner's birth, as an ordinal 1-12. A monotone model can only read a trend across the sign order, not a preference for one sign, so this tests whether the zodiac has a DIRECTION for Neptune."
"Pallas longitude, cos — younger partner",0.5088817021049352,0.499124959557433,0.499957397333947,True,Cosine of Pallas's tropical ecliptic longitude in the younger partner's chart. Pallas signifies strategy and craft. Cosine and sine together locate it on the zodiac circle without the 359-to-1 degree wrap that would otherwise dominate a monotone model.
birth month — older partner,0.5088594447712864,0.501269235851937,0.5010617895231669,False,"The raw calendar month of the older partner's birth, 1-12."
"Moon(older) to Sun(younger), harmonic 3 (trine axis)",0.5087951479448687,0.50082027778917,0.503014593779938,False,"cos(3 x separation) between the older partner's Moon and the younger partner's Sun. Peaks when the trine axis is exact and falls away smoothly with orb, which is what a hard orb window approximates."
Jupiter zodiac sign (1 Aries .. 12 Pisces) — older partner,0.5086730371973396,0.501236141300633,0.5027229293738829,False,"Which of the twelve 30-degree signs Jupiter occupied at the older partner's birth, as an ordinal 1-12. A monotone model can only read a trend across the sign order, not a preference for one sign, so this tests whether the zodiac has a DIRECTION for Jupiter."
Day pillar — older partner,0.5086512062862456,0.4959628976472679,0.49266596924524464,True,The older partner's Day pillar: the birth day reduced with no master numbers.
"Juno longitude, sin — younger partner",0.508552273047352,0.4985504016915246,0.4979729141716494,True,Sine of Juno's tropical ecliptic longitude in the younger partner's chart; the companion projection to the cosine above.
"Mercury longitude, cos — older partner",0.5084864789327155,0.4982454761286324,0.4983232027591963,True,Cosine of Mercury's tropical ecliptic longitude in the older partner's chart. Mercury signifies speech and reasoning. Cosine and sine together locate it on the zodiac circle without the 359-to-1 degree wrap that would otherwise dominate a monotone model.
"Mars to Saturn, harmonic 2 (opposition/square axis) — older partner's own chart",0.5084485690057401,0.5078736095731543,0.5120390764761551,False,cos(2 x separation) between Mars and Saturn natally for the older partner.
"Mars(older) to Saturn(younger), harmonic 2 (opposition/square axis)",0.508278169911613,0.4986762065555692,0.4948552729174124,True,"cos(2 x separation) between the older partner's Mars and the younger partner's Saturn. Peaks when the opposition/square axis is exact and falls away smoothly with orb, which is what a hard orb window approximates."
"Saturn(older) to Mercury(younger), harmonic 3 (trine axis)",0.508217508898557,0.49529008143196307,0.4933893042547683,True,"cos(3 x separation) between the older partner's Saturn and the younger partner's Mercury. Peaks when the trine axis is exact and falls away smoothly with orb, which is what a hard orb window approximates."
Day pillar — younger partner,0.5078877111297422,0.49987192807374903,0.4996912217024535,True,The younger partner's Day pillar: the birth day reduced with no master numbers.
"Venus to Jupiter, harmonic 2 (opposition/square axis) — younger partner's own chart",0.5078625970855948,0.49215056482886527,0.494561423759252,True,cos(2 x separation) between Venus and Jupiter natally for the younger partner.
"Vesta longitude, cos — younger partner",0.5075242804842383,0.48933268625226134,0.4914259403628218,True,Cosine of Vesta's tropical ecliptic longitude in the younger partner's chart. Vesta signifies devotion and what is kept sacred. Cosine and sine together locate it on the zodiac circle without the 359-to-1 degree wrap that would otherwise dominate a monotone model.
Mercury to Saturn separation — older partner's own chart,0.5072846213898978,0.4961731078574781,0.5004810095885128,True,"The natal angle between Mercury and Saturn in the older partner's own chart, 0-180 degrees: speech and reasoning against duty, limitation and endurance — the classical marriage significator within one person."
"Mercury to Saturn, harmonic 1 (conjunction axis) — older partner's own chart",0.5072846213898978,0.4961731078574781,0.5004810095885128,True,cos(1 x separation) between Mercury and Saturn natally for the older partner.
MeanNode daily speed — older partner,0.5072794979068712,0.4975765218936691,0.4962917474266351,True,MeanNode's apparent motion in degrees per day at the older partner's birth. Fast or slow relative to its mean is read as strength or weakness.
"Uranus longitude, cos — younger partner",0.5072694657551877,0.46587055188724386,0.46572051121742764,True,Cosine of Uranus's tropical ecliptic longitude in the younger partner's chart. Uranus signifies disruption and sudden change. Cosine and sine together locate it on the zodiac circle without the 359-to-1 degree wrap that would otherwise dominate a monotone model.
"Jupiter(older) to Mercury(younger), harmonic 4 (square axis)",0.5072629059014503,0.49994655885020073,0.5045552081395125,True,"cos(4 x separation) between the older partner's Jupiter and the younger partner's Mercury. Peaks when the square axis is exact and falls away smoothly with orb, which is what a hard orb window approximates."
Birthday number — younger partner,0.5072072689796976,0.5043203028521693,0.5034093056602922,False,The younger partner's Birthday number: the day of the month reduced to one figure.
Ceres degree within its sign (0-30) — younger partner,0.5071569607367874,0.5014531526974623,0.5028878781578315,False,"How far Ceres had travelled into its sign, 0 to 30 degrees. Early and late degrees are held to differ in strength by most traditions."
Juno element of its sign (1 fire .. 4 water) — younger partner,0.5071185185831647,0.505183096601913,0.5025541572737499,False,"The element of Juno's sign as an ordinal: fire, earth, air, water in zodiacal order."
Neptune degree within its sign (0-30) — older partner,0.507059867847867,0.5009394523506815,0.5026348110389698,False,"How far Neptune had travelled into its sign, 0 to 30 degrees. Early and late degrees are held to differ in strength by most traditions."
"Mars to Saturn, harmonic 2 (opposition/square axis) — younger partner's own chart",0.5070460844601752,0.49665035293259874,0.49770710266550683,True,cos(2 x separation) between Mars and Saturn natally for the younger partner.
"Venus(older) to Jupiter(younger), harmonic 4 (square axis)",0.5070096429657569,0.5005702401946711,0.4980366361080535,False,"cos(4 x separation) between the older partner's Venus and the younger partner's Jupiter. Peaks when the square axis is exact and falls away smoothly with orb, which is what a hard orb window approximates."
Sun(older) to Venus(younger) separation,0.5070087901206474,0.5054830893108586,0.5083865350814749,False,"The angle between the older partner's Sun and the younger partner's Venus, folded to 0-180 degrees. This is the raw synastry contact: identity and vitality meeting attraction, affection and what is valued."
"Sun(older) to Venus(younger), harmonic 1 (conjunction axis)",0.5070087901206474,0.5054830893108586,0.5083865350814749,False,"cos(1 x separation) between the older partner's Sun and the younger partner's Venus. Peaks when the conjunction axis is exact and falls away smoothly with orb, which is what a hard orb window approximates."
"Venus longitude, sin — older partner",0.5069722620592443,0.504625444868237,0.5085587663724412,False,Sine of Venus's tropical ecliptic longitude in the older partner's chart; the companion projection to the cosine above.
Mercury degree within its sign (0-30) — younger partner,0.5069566511463177,0.49966894056423644,0.49876415855911227,True,"How far Mercury had travelled into its sign, 0 to 30 degrees. Early and late degrees are held to differ in strength by most traditions."
Moon to Venus separation — younger partner's own chart,0.5069489242413778,0.48999690130190887,0.4908728339548346,True,"The natal angle between Moon and Venus in the younger partner's own chart, 0-180 degrees: feeling, habit and the domestic against attraction, affection and what is valued within one person."
"Moon to Venus, harmonic 1 (conjunction axis) — younger partner's own chart",0.5069489242413777,0.48999690130190887,0.4908728339548346,True,cos(1 x separation) between Moon and Venus natally for the younger partner.
"Mars longitude, sin — older partner",0.5069307547931226,0.49606340027432594,0.49737684097225837,True,Sine of Mars's tropical ecliptic longitude in the older partner's chart; the companion projection to the cosine above.
"Mercury(older) to Moon(younger), harmonic 4 (square axis)",0.5069147591380414,0.5074364311200427,0.5120463589831726,False,"cos(4 x separation) between the older partner's Mercury and the younger partner's Moon. Peaks when the square axis is exact and falls away smoothly with orb, which is what a hard orb window approximates."
"Moon(older) to Mercury(younger), harmonic 3 (trine axis)",0.5067779897144187,0.49820967021649876,0.4983221103831436,True,"cos(3 x separation) between the older partner's Moon and the younger partner's Mercury. Peaks when the trine axis is exact and falls away smoothly with orb, which is what a hard orb window approximates."
"Moon(older) to Saturn(younger), harmonic 2 (opposition/square axis)",0.5067548923603988,0.5042637060429169,0.5009503671657975,False,"cos(2 x separation) between the older partner's Moon and the younger partner's Saturn. Peaks when the opposition/square axis is exact and falls away smoothly with orb, which is what a hard orb window approximates."
Pluto degree within its sign (0-30) — younger partner,0.5066208417813359,0.5006183269764454,0.5059410692249628,False,"How far Pluto had travelled into its sign, 0 to 30 degrees. Early and late degrees are held to differ in strength by most traditions."
Mercury zodiac sign (1 Aries .. 12 Pisces) — younger partner,0.5066053527034251,0.4957969350230352,0.49667244048098047,True,"Which of the twelve 30-degree signs Mercury occupied at the younger partner's birth, as an ordinal 1-12. A monotone model can only read a trend across the sign order, not a preference for one sign, so this tests whether the zodiac has a DIRECTION for Mercury."
"Mercury(older) to Saturn(younger), harmonic 2 (opposition/square axis)",0.5065612901081593,0.5093402165443136,0.5118169600121181,False,"cos(2 x separation) between the older partner's Mercury and the younger partner's Saturn. Peaks when the opposition/square axis is exact and falls away smoothly with orb, which is what a hard orb window approximates."
Neptune daily speed — older partner,0.5065572150475042,0.49778611692117003,0.4915646721215072,True,Neptune's apparent motion in degrees per day at the older partner's birth. Fast or slow relative to its mean is read as strength or weakness.
Venus zodiac sign (1 Aries .. 12 Pisces) — younger partner,0.5065531592239568,0.49144289965230786,0.48942488949705915,True,"Which of the twelve 30-degree signs Venus occupied at the younger partner's birth, as an ordinal 1-12. A monotone model can only read a trend across the sign order, not a preference for one sign, so this tests whether the zodiac has a DIRECTION for Venus."
Neptune retrograde — older partner,0.5065185612856965,0.49889882295041627,0.4951811651064502,True,"1 when Neptune was apparently moving backwards through the zodiac at the older partner's birth, 0 otherwise. Retrogradation is read as an inward or frustrated expression of idealisation and dissolution."
Mercury daily speed — younger partner,0.5064454314206439,0.5026003317429721,0.5042460657166151,False,Mercury's apparent motion in degrees per day at the younger partner's birth. Fast or slow relative to its mean is read as strength or weakness.
"Venus to Mars, harmonic 2 (opposition/square axis) — older partner's own chart",0.5064241006743511,0.497553896840695,0.49973855799806793,True,cos(2 x separation) between Venus and Mars natally for the older partner.
"Juno longitude, cos — older partner",0.5063934431369916,0.5029425783902264,0.5050791845194292,False,"Cosine of Juno's tropical ecliptic longitude in the older partner's chart. Juno signifies the marriage asteroid, partnership and its bargains. Cosine and sine together locate it on the zodiac circle without the 359-to-1 degree wrap that would otherwise dominate a monotone model."
"Venus to Mars, harmonic 2 (opposition/square axis) — younger partner's own chart",0.5063584668689457,0.5058125652207595,0.5086505259608631,False,cos(2 x separation) between Venus and Mars natally for the younger partner.
Moon(older) to Sun(younger) separation,0.5062993255874008,0.5026684917087042,0.5006226543500053,False,"The angle between the older partner's Moon and the younger partner's Sun, folded to 0-180 degrees. This is the raw synastry contact: feeling, habit and the domestic meeting identity and vitality."
"Moon(older) to Sun(younger), harmonic 1 (conjunction axis)",0.5062993255874008,0.5026684917087042,0.5006226543500053,False,"cos(1 x separation) between the older partner's Moon and the younger partner's Sun. Peaks when the conjunction axis is exact and falls away smoothly with orb, which is what a hard orb window approximates."
"Venus(older) to Saturn(younger), harmonic 4 (square axis)",0.5062270197117962,0.49862840458060487,0.49669155706190166,True,"cos(4 x separation) between the older partner's Venus and the younger partner's Saturn. Peaks when the square axis is exact and falls away smoothly with orb, which is what a hard orb window approximates."
birth day of the month — younger partner,0.5062264458047487,0.48795432382306436,0.48522961926689184,True,"The raw day of the month of the younger partner's birth, 1-31, before any reduction."
"Mercury longitude, sin — older partner",0.5061229052785527,0.5046337612270845,0.5092764574390263,False,Sine of Mercury's tropical ecliptic longitude in the older partner's chart; the companion projection to the cosine above.
Saturn element of its sign (1 fire .. 4 water) — older partner,0.5060962426472327,0.49928502098456573,0.4990663826003429,True,"The element of Saturn's sign as an ordinal: fire, earth, air, water in zodiacal order."
"Mercury longitude, sin — younger partner",0.5060894230925409,0.49508516862841595,0.4936179749751211,True,Sine of Mercury's tropical ecliptic longitude in the younger partner's chart; the companion projection to the cosine above.
Mars(older) to Mars(younger) separation,0.5060853159700396,0.5045112601220341,0.502244832788177,False,"The angle between the older partner's Mars and the younger partner's Mars, folded to 0-180 degrees. This is the raw synastry contact: desire, drive and conflict meeting desire, drive and conflict."
"Mars(older) to Mars(younger), harmonic 1 (conjunction axis)",0.5060853159700396,0.5045112601220341,0.502244832788177,False,"cos(1 x separation) between the older partner's Mars and the younger partner's Mars. Peaks when the conjunction axis is exact and falls away smoothly with orb, which is what a hard orb window approximates."
"Uranus longitude, cos — older partner",0.5060611221008788,0.45030740907827405,0.48451739008057004,True,Cosine of Uranus's tropical ecliptic longitude in the older partner's chart. Uranus signifies disruption and sudden change. Cosine and sine together locate it on the zodiac circle without the 359-to-1 degree wrap that would otherwise dominate a monotone model.
Vesta zodiac sign (1 Aries .. 12 Pisces) — older partner,0.5060501088567009,0.5054197938454388,0.506401505731151,False,"Which of the twelve 30-degree signs Vesta occupied at the older partner's birth, as an ordinal 1-12. A monotone model can only read a trend across the sign order, not a preference for one sign, so this tests whether the zodiac has a DIRECTION for Vesta."
Moon(older) to Mercury(younger) separation,0.506041022529481,0.502487126732195,0.5006168283443913,False,"The angle between the older partner's Moon and the younger partner's Mercury, folded to 0-180 degrees. This is the raw synastry contact: feeling, habit and the domestic meeting speech and reasoning."
"Moon(older) to Mercury(younger), harmonic 1 (conjunction axis)",0.506041022529481,0.502487126732195,0.5006168283443913,False,"cos(1 x separation) between the older partner's Moon and the younger partner's Mercury. Peaks when the conjunction axis is exact and falls away smoothly with orb, which is what a hard orb window approximates."
Jupiter(older) to Sun(younger) separation,0.5058639834270009,0.49685433156980957,0.4980923472867382,True,"The angle between the older partner's Jupiter and the younger partner's Sun, folded to 0-180 degrees. This is the raw synastry contact: expansion, luck and generosity meeting identity and vitality."
"Jupiter(older) to Sun(younger), harmonic 1 (conjunction axis)",0.5058639834270009,0.49685433156980957,0.4980923472867382,True,"cos(1 x separation) between the older partner's Jupiter and the younger partner's Sun. Peaks when the conjunction axis is exact and falls away smoothly with orb, which is what a hard orb window approximates."
"Lilith longitude, cos — older partner",0.5057443061736002,0.5005119459368321,0.5021792902250185,False,"Cosine of Lilith's tropical ecliptic longitude in the older partner's chart. Lilith signifies the lunar apogee, the disowned. Cosine and sine together locate it on the zodiac circle without the 359-to-1 degree wrap that would otherwise dominate a monotone model."
"Sun longitude, sin — older partner",0.5057334307953609,0.5047457016956258,0.5097705755401708,False,Sine of Sun's tropical ecliptic longitude in the older partner's chart; the companion projection to the cosine above.
"Jupiter longitude, sin — older partner",0.5056472806145569,0.5011621029223458,0.5053657511705719,False,Sine of Jupiter's tropical ecliptic longitude in the older partner's chart; the companion projection to the cosine above.
Pluto degree within its sign (0-30) — older partner,0.5056433883064253,0.5000578271746708,0.512307072734403,False,"How far Pluto had travelled into its sign, 0 to 30 degrees. Early and late degrees are held to differ in strength by most traditions."
"Moon(older) to Sun(younger), harmonic 4 (square axis)",0.5056376460297665,0.4989759372422498,0.49231841159782935,True,"cos(4 x separation) between the older partner's Moon and the younger partner's Sun. Peaks when the square axis is exact and falls away smoothly with orb, which is what a hard orb window approximates."
Mars zodiac sign (1 Aries .. 12 Pisces) — older partner,0.5056287713107317,0.49734483724999656,0.4995699679606104,True,"Which of the twelve 30-degree signs Mars occupied at the older partner's birth, as an ordinal 1-12. A monotone model can only read a trend across the sign order, not a preference for one sign, so this tests whether the zodiac has a DIRECTION for Mars."
"Jupiter longitude, sin — younger partner",0.5056077772138241,0.490953123077554,0.4885318720740252,True,Sine of Jupiter's tropical ecliptic longitude in the younger partner's chart; the companion projection to the cosine above.
Mars(older) to Venus(younger) separation,0.5055671805041353,0.5118452177518945,0.5179375430350649,False,"The angle between the older partner's Mars and the younger partner's Venus, folded to 0-180 degrees. This is the raw synastry contact: desire, drive and conflict meeting attraction, affection and what is valued."
"Mars(older) to Venus(younger), harmonic 1 (conjunction axis)",0.5055671805041352,0.5118452177518945,0.5179375430350649,False,"cos(1 x separation) between the older partner's Mars and the younger partner's Venus. Peaks when the conjunction axis is exact and falls away smoothly with orb, which is what a hard orb window approximates."
Saturn daily speed — younger partner,0.5055667957619805,0.5053995042083054,0.5034387998137134,False,Saturn's apparent motion in degrees per day at the younger partner's birth. Fast or slow relative to its mean is read as strength or weakness.
Ceres element of its sign (1 fire .. 4 water) — younger partner,0.5055173083023337,0.5028112710586156,0.5023950344954151,False,"The element of Ceres's sign as an ordinal: fire, earth, air, water in zodiacal order."
Mercury to Saturn separation — younger partner's own chart,0.5055167472200247,0.5050960824253692,0.5022801529472124,False,"The natal angle between Mercury and Saturn in the younger partner's own chart, 0-180 degrees: speech and reasoning against duty, limitation and endurance — the classical marriage significator within one person."
"Mercury to Saturn, harmonic 1 (conjunction axis) — younger partner's own chart",0.5055167472200247,0.5050960824253692,0.5022801529472124,False,cos(1 x separation) between Mercury and Saturn natally for the younger partner.
"Sun longitude, cos — younger partner",0.505508584273976,0.4980008156867034,0.49962786389140035,True,Cosine of Sun's tropical ecliptic longitude in the younger partner's chart. Sun signifies identity and vitality. Cosine and sine together locate it on the zodiac circle without the 359-to-1 degree wrap that would otherwise dominate a monotone model.
"Mercury(older) to Saturn(younger), harmonic 4 (square axis)",0.5054857754765723,0.5024857824440525,0.5037202687099439,False,"cos(4 x separation) between the older partner's Mercury and the younger partner's Saturn. Peaks when the square axis is exact and falls away smoothly with orb, which is what a hard orb window approximates."
TrueNode daily speed — younger partner,0.5054820947766258,0.49461637661941155,0.4952015561260995,True,TrueNode's apparent motion in degrees per day at the younger partner's birth. Fast or slow relative to its mean is read as strength or weakness.
Saturn retrograde — younger partner,0.5054527902491769,0.5038500184554813,0.5043815203471426,False,"1 when Saturn was apparently moving backwards through the zodiac at the younger partner's birth, 0 otherwise. Retrogradation is read as an inward or frustrated expression of duty, limitation and endurance — the classical marriage significator."
Mercury(older) to Venus(younger) separation,0.5054233702990817,0.507875944988995,0.5105898575796515,False,"The angle between the older partner's Mercury and the younger partner's Venus, folded to 0-180 degrees. This is the raw synastry contact: speech and reasoning meeting attraction, affection and what is valued."
"Mercury(older) to Venus(younger), harmonic 1 (conjunction axis)",0.5054233702990817,0.507875944988995,0.5105898575796515,False,"cos(1 x separation) between the older partner's Mercury and the younger partner's Venus. Peaks when the conjunction axis is exact and falls away smoothly with orb, which is what a hard orb window approximates."
"Mercury to Jupiter, harmonic 2 (opposition/square axis) — older partner's own chart",0.5054186091149174,0.4972424776825384,0.4955900778754888,True,cos(2 x separation) between Mercury and Jupiter natally for the older partner.
"Sun to Saturn, harmonic 2 (opposition/square axis) — younger partner's own chart",0.5054116741375791,0.4959012198845279,0.5022430121614226,True,cos(2 x separation) between Sun and Saturn natally for the younger partner.
Neptune element of its sign (1 fire .. 4 water) — younger partner,0.5053815360021285,0.5214434806581999,0.5240967233452051,False,"The element of Neptune's sign as an ordinal: fire, earth, air, water in zodiacal order."
Sun to Venus separation — younger partner's own chart,0.5053783426422446,0.506284888834206,0.5072905177753252,False,"The natal angle between Sun and Venus in the younger partner's own chart, 0-180 degrees: identity and vitality against attraction, affection and what is valued within one person."
"Sun to Venus, harmonic 1 (conjunction axis) — younger partner's own chart",0.5053783426422446,0.506284888834206,0.5072905177753252,False,cos(1 x separation) between Sun and Venus natally for the younger partner.
"Sun to Venus, harmonic 2 (opposition/square axis) — younger partner's own chart",0.5053783426422446,0.506284888834206,0.5072905177753252,False,cos(2 x separation) between Sun and Venus natally for the younger partner.
Saturn daily speed — older partner,0.5053691056243474,0.4979042775704384,0.5002694527596514,True,Saturn's apparent motion in degrees per day at the older partner's birth. Fast or slow relative to its mean is read as strength or weakness.
"Moon to Mars, harmonic 2 (opposition/square axis) — older partner's own chart",0.5053624688221791,0.4978657716897474,0.49379348339424545,True,cos(2 x separation) between Moon and Mars natally for the older partner.
"Jupiter(older) to Saturn(younger), harmonic 2 (opposition/square axis)",0.505359419740603,0.5080263913382275,0.5074143203946245,False,"cos(2 x separation) between the older partner's Jupiter and the younger partner's Saturn. Peaks when the opposition/square axis is exact and falls away smoothly with orb, which is what a hard orb window approximates."
"Mars longitude, cos — older partner",0.5053496889702741,0.4999687623890962,0.49657212394681294,True,"Cosine of Mars's tropical ecliptic longitude in the older partner's chart. Mars signifies desire, drive and conflict. Cosine and sine together locate it on the zodiac circle without the 359-to-1 degree wrap that would otherwise dominate a monotone model."
Moon to Saturn separation — older partner's own chart,0.5053404872204078,0.49280500530879895,0.4953850753029432,True,"The natal angle between Moon and Saturn in the older partner's own chart, 0-180 degrees: feeling, habit and the domestic against duty, limitation and endurance — the classical marriage significator within one person."
"Moon to Saturn, harmonic 1 (conjunction axis) — older partner's own chart",0.5053404872204078,0.49280500530879895,0.4953850753029432,True,cos(1 x separation) between Moon and Saturn natally for the older partner.
Mars to Saturn separation — older partner's own chart,0.5053332284184227,0.493383459331866,0.49441832249635603,True,"The natal angle between Mars and Saturn in the older partner's own chart, 0-180 degrees: desire, drive and conflict against duty, limitation and endurance — the classical marriage significator within one person."
"Mars to Saturn, harmonic 1 (conjunction axis) — older partner's own chart",0.5053332284184227,0.493383459331866,0.49441832249635603,True,cos(1 x separation) between Mars and Saturn natally for the older partner.
"Jupiter(older) to Saturn(younger), harmonic 4 (square axis)",0.5053305704913706,0.49634785392372643,0.4976233538348043,True,"cos(4 x separation) between the older partner's Jupiter and the younger partner's Saturn. Peaks when the square axis is exact and falls away smoothly with orb, which is what a hard orb window approximates."
"Moon(older) to Saturn(younger), harmonic 4 (square axis)",0.5053229654214463,0.49736486486486486,0.49692532553716684,True,"cos(4 x separation) between the older partner's Moon and the younger partner's Saturn. Peaks when the square axis is exact and falls away smoothly with orb, which is what a hard orb window approximates."
"Jupiter to Saturn, harmonic 2 (opposition/square axis) — younger partner's own chart",0.5052820416809258,0.49756285116679655,0.49822743779191475,True,cos(2 x separation) between Jupiter and Saturn natally for the younger partner.
"Sun(older) to Venus(younger), harmonic 4 (square axis)",0.5052802846917528,0.4936246906998045,0.48963189475903457,True,"cos(4 x separation) between the older partner's Sun and the younger partner's Venus. Peaks when the square axis is exact and falls away smoothly with orb, which is what a hard orb window approximates."
"Venus(older) to Venus(younger), harmonic 3 (trine axis)",0.5052452635371223,0.49808100589208326,0.502640272919233,True,"cos(3 x separation) between the older partner's Venus and the younger partner's Venus. Peaks when the trine axis is exact and falls away smoothly with orb, which is what a hard orb window approximates."
"Jupiter to Saturn, harmonic 2 (opposition/square axis) — older partner's own chart",0.5052430384449943,0.5120081158548533,0.5028165095890591,False,cos(2 x separation) between Jupiter and Saturn natally for the older partner.
"Mars(older) to Moon(younger), harmonic 3 (trine axis)",0.5052358790347324,0.5009041932676227,0.4990503610849042,False,"cos(3 x separation) between the older partner's Mars and the younger partner's Moon. Peaks when the trine axis is exact and falls away smoothly with orb, which is what a hard orb window approximates."
"Venus longitude, cos — older partner",0.505234176550698,0.4949280919766504,0.49537633629452205,True,"Cosine of Venus's tropical ecliptic longitude in the older partner's chart. Venus signifies attraction, affection and what is valued. Cosine and sine together locate it on the zodiac circle without the 359-to-1 degree wrap that would otherwise dominate a monotone model."
"Venus(older) to Jupiter(younger), harmonic 3 (trine axis)",0.5052323073450631,0.5046380788983217,0.5031183695049388,False,"cos(3 x separation) between the older partner's Venus and the younger partner's Jupiter. Peaks when the trine axis is exact and falls away smoothly with orb, which is what a hard orb window approximates."
Jupiter(older) to Venus(younger) separation,0.5051875554201035,0.4972578458579976,0.5004620750702671,True,"The angle between the older partner's Jupiter and the younger partner's Venus, folded to 0-180 degrees. This is the raw synastry contact: expansion, luck and generosity meeting attraction, affection and what is valued."
"Jupiter(older) to Venus(younger), harmonic 1 (conjunction axis)",0.5051875554201035,0.4972578458579976,0.5004620750702671,True,"cos(1 x separation) between the older partner's Jupiter and the younger partner's Venus. Peaks when the conjunction axis is exact and falls away smoothly with orb, which is what a hard orb window approximates."
Ceres daily speed — younger partner,0.5051674269930441,0.5000003645527166,0.4999632233395611,False,Ceres's apparent motion in degrees per day at the younger partner's birth. Fast or slow relative to its mean is read as strength or weakness.
Sun to Saturn separation — younger partner's own chart,0.5051599116962892,0.5053559857277612,0.5033288339577476,False,"The natal angle between Sun and Saturn in the younger partner's own chart, 0-180 degrees: identity and vitality against duty, limitation and endurance — the classical marriage significator within one person."
"Sun to Saturn, harmonic 1 (conjunction axis) — younger partner's own chart",0.505159911696289,0.5053559857277612,0.5033288339577476,False,cos(1 x separation) between Sun and Saturn natally for the younger partner.
Uranus daily speed — younger partner,0.5051370323628236,0.501143624656523,0.5034169522926607,False,Uranus's apparent motion in degrees per day at the younger partner's birth. Fast or slow relative to its mean is read as strength or weakness.
Sun daily speed — younger partner,0.5051179042653663,0.4995582532456584,0.49762007670664643,True,Sun's apparent motion in degrees per day at the younger partner's birth. Fast or slow relative to its mean is read as strength or weakness.
Pluto daily speed — older partner,0.5050750151336724,0.5048408043855692,0.509377684286571,False,Pluto's apparent motion in degrees per day at the older partner's birth. Fast or slow relative to its mean is read as strength or weakness.
Pluto retrograde — older partner,0.5050645309099571,0.5046271992781857,0.5098057136365308,False,"1 when Pluto was apparently moving backwards through the zodiac at the older partner's birth, 0 otherwise. Retrogradation is read as an inward or frustrated expression of compulsion and transformation."
Vesta zodiac sign (1 Aries .. 12 Pisces) — younger partner,0.5050468135337336,0.49939495641316584,0.49991260991578873,True,"Which of the twelve 30-degree signs Vesta occupied at the younger partner's birth, as an ordinal 1-12. A monotone model can only read a trend across the sign order, not a preference for one sign, so this tests whether the zodiac has a DIRECTION for Vesta."
"Sun(older) to Jupiter(younger), harmonic 4 (square axis)",0.505046521770933,0.5134778670931933,0.512863820395899,False,"cos(4 x separation) between the older partner's Sun and the younger partner's Jupiter. Peaks when the square axis is exact and falls away smoothly with orb, which is what a hard orb window approximates."
Chiron daily speed — older partner,0.505024690859839,0.5080207977324821,0.5072781375133952,False,Chiron's apparent motion in degrees per day at the older partner's birth. Fast or slow relative to its mean is read as strength or weakness.
"Mars(older) to Venus(younger), harmonic 2 (opposition/square axis)",0.5049986085479358,0.5044480557947932,0.5033648823674848,False,"cos(2 x separation) between the older partner's Mars and the younger partner's Venus. Peaks when the opposition/square axis is exact and falls away smoothly with orb, which is what a hard orb window approximates."
"Venus(older) to Sun(younger), harmonic 4 (square axis)",0.5049912856222581,0.4909537268679909,0.4939791873231944,True,"cos(4 x separation) between the older partner's Venus and the younger partner's Sun. Peaks when the square axis is exact and falls away smoothly with orb, which is what a hard orb window approximates."
"Saturn(older) to Saturn(younger), harmonic 4 (square axis)",0.5049902436122559,0.49951925749725445,0.5034253271757309,True,"cos(4 x separation) between the older partner's Saturn and the younger partner's Saturn. Peaks when the square axis is exact and falls away smoothly with orb, which is what a hard orb window approximates."
"Moon phase, sin — older partner",0.5049739882562203,0.4955469657821706,0.49511198128978295,True,Sine of the older partner's Moon phase; separates the waxing half of the cycle from the waning.
Pallas zodiac sign (1 Aries .. 12 Pisces) — younger partner,0.5049591179719415,0.5015745715366353,0.5002228447147388,False,"Which of the twelve 30-degree signs Pallas occupied at the younger partner's birth, as an ordinal 1-12. A monotone model can only read a trend across the sign order, not a preference for one sign, so this tests whether the zodiac has a DIRECTION for Pallas."
"Moon(older) to Saturn(younger), harmonic 3 (trine axis)",0.5049485279441337,0.5057207548975379,0.5069795547256735,False,"cos(3 x separation) between the older partner's Moon and the younger partner's Saturn. Peaks when the trine axis is exact and falls away smoothly with orb, which is what a hard orb window approximates."
Juno degree within its sign (0-30) — younger partner,0.5049074823685976,0.5118548442220673,0.5093998959329747,False,"How far Juno had travelled into its sign, 0 to 30 degrees. Early and late degrees are held to differ in strength by most traditions."
"Saturn longitude, cos — older partner",0.5048926986513037,0.5029108850884269,0.5210224130077228,False,"Cosine of Saturn's tropical ecliptic longitude in the older partner's chart. Saturn signifies duty, limitation and endurance — the classical marriage significator. Cosine and sine together locate it on the zodiac circle without the 359-to-1 degree wrap that would otherwise dominate a monotone model."
Attitude number — younger partner,0.5048911596826849,0.4969139701157911,0.4961814174453184,True,The younger partner's Attitude number: month plus day reduced — how the person is said to present.
Chiron retrograde — older partner,0.5048817238813412,0.5009176475413197,0.5016877210013302,False,"1 when Chiron was apparently moving backwards through the zodiac at the older partner's birth, 0 otherwise. Retrogradation is read as an inward or frustrated expression of the wound and its healing."
Saturn zodiac sign (1 Aries .. 12 Pisces) — older partner,0.5048457536960624,0.5062126732195017,0.5106184414196956,False,"Which of the twelve 30-degree signs Saturn occupied at the older partner's birth, as an ordinal 1-12. A monotone model can only read a trend across the sign order, not a preference for one sign, so this tests whether the zodiac has a DIRECTION for Saturn."
Mars element of its sign (1 fire .. 4 water) — younger partner,0.5048403705120813,0.49897376131822263,0.49976477502333133,True,"The element of Mars's sign as an ordinal: fire, earth, air, water in zodiacal order."
Sun zodiac sign (1 Aries .. 12 Pisces) — older partner,0.5048309956282454,0.507260317981107,0.5078771237155933,False,"Which of the twelve 30-degree signs Sun occupied at the older partner's birth, as an ordinal 1-12. A monotone model can only read a trend across the sign order, not a preference for one sign, so this tests whether the zodiac has a DIRECTION for Sun."
both in the same Personal Year at their date midpoint,0.5047762596443717,0.4975735599028467,0.4979758271744565,True,1 when both partners share a Personal Year computed at the midpoint date between their births.
Venus degree within its sign (0-30) — older partner,0.5047532552697058,0.5106882755289432,0.5093052233417459,False,"How far Venus had travelled into its sign, 0 to 30 degrees. Early and late degrees are held to differ in strength by most traditions."
Venus(older) to Venus(younger) separation,0.504741809190604,0.5043396697152388,0.5044565301694239,False,"The angle between the older partner's Venus and the younger partner's Venus, folded to 0-180 degrees. This is the raw synastry contact: attraction, affection and what is valued meeting attraction, affection and what is valued."
"Venus(older) to Venus(younger), harmonic 1 (conjunction axis)",0.5047418091906039,0.5043396697152388,0.5044565301694239,False,"cos(1 x separation) between the older partner's Venus and the younger partner's Venus. Peaks when the conjunction axis is exact and falls away smoothly with orb, which is what a hard orb window approximates."
"Moon(older) to Moon(younger), harmonic 3 (trine axis)",0.5047241174638575,0.5045706366457504,0.505630106175311,False,"cos(3 x separation) between the older partner's Moon and the younger partner's Moon. Peaks when the trine axis is exact and falls away smoothly with orb, which is what a hard orb window approximates."
"Mars(older) to Moon(younger), harmonic 1 (conjunction axis)",0.5047113279933987,0.5022116388011684,0.5032250582327468,False,"cos(1 x separation) between the older partner's Mars and the younger partner's Moon. Peaks when the conjunction axis is exact and falls away smoothly with orb, which is what a hard orb window approximates."
Mars(older) to Moon(younger) separation,0.5047113279933986,0.5022116388011684,0.5032250582327468,False,"The angle between the older partner's Mars and the younger partner's Moon, folded to 0-180 degrees. This is the raw synastry contact: desire, drive and conflict meeting feeling, habit and the domestic."
Moon zodiac sign (1 Aries .. 12 Pisces) — older partner,0.50470316504735,0.4969825515956017,0.4993717017070561,True,"Which of the twelve 30-degree signs Moon occupied at the older partner's birth, as an ordinal 1-12. A monotone model can only read a trend across the sign order, not a preference for one sign, so this tests whether the zodiac has a DIRECTION for Moon."
"Chiron longitude, cos — older partner",0.5046940306273607,0.4445852301466869,0.4582919899341188,True,Cosine of Chiron's tropical ecliptic longitude in the older partner's chart. Chiron signifies the wound and its healing. Cosine and sine together locate it on the zodiac circle without the 359-to-1 degree wrap that would otherwise dominate a monotone model.
"Saturn(older) to Venus(younger), harmonic 3 (trine axis)",0.5046833251769065,0.49991883005919424,0.49397372544293117,True,"cos(3 x separation) between the older partner's Saturn and the younger partner's Venus. Peaks when the trine axis is exact and falls away smoothly with orb, which is what a hard orb window approximates."
Sun to Saturn separation — older partner's own chart,0.5046832321975525,0.4975389501793144,0.49986272474271815,True,"The natal angle between Sun and Saturn in the older partner's own chart, 0-180 degrees: identity and vitality against duty, limitation and endurance — the classical marriage significator within one person."
"Sun to Saturn, harmonic 1 (conjunction axis) — older partner's own chart",0.5046832321975525,0.4975389501793144,0.49986272474271815,True,cos(1 x separation) between Sun and Saturn natally for the older partner.
MeanNode zodiac sign (1 Aries .. 12 Pisces) — older partner,0.5046800356314839,0.49334095476356477,0.493548427033103,True,"Which of the twelve 30-degree signs MeanNode occupied at the older partner's birth, as an ordinal 1-12. A monotone model can only read a trend across the sign order, not a preference for one sign, so this tests whether the zodiac has a DIRECTION for MeanNode."
Moon nakshatra 1-27 (tropical) — older partner,0.5046574256175267,0.4964188961343741,0.49916160137959814,True,"Which of the 27 lunar mansions the Moon occupied for the older partner, as an ordinal. The nakshatra pair is the foundation of ashtakuta marriage matching."
"Venus(older) to Mars(younger), harmonic 3 (trine axis)",0.5046322955424563,0.4960613382730226,0.4990481763327989,True,"cos(3 x separation) between the older partner's Venus and the younger partner's Mars. Peaks when the trine axis is exact and falls away smoothly with orb, which is what a hard orb window approximates."
"Pallas longitude, sin — older partner",0.5045887587614686,0.49925508209271485,0.5007843260057961,True,Sine of Pallas's tropical ecliptic longitude in the older partner's chart; the companion projection to the cosine above.
"Saturn(older) to Mars(younger), harmonic 3 (trine axis)",0.5045793742590787,0.5035236640282164,0.5048020851274093,False,"cos(3 x separation) between the older partner's Saturn and the younger partner's Mars. Peaks when the trine axis is exact and falls away smoothly with orb, which is what a hard orb window approximates."
"Pluto longitude, sin — younger partner",0.5045676845099455,0.5393806249344945,0.5351730523936327,False,Sine of Pluto's tropical ecliptic longitude in the younger partner's chart; the companion projection to the cosine above.
Sun degree within its sign (0-30) — younger partner,0.5045520832155728,0.5034658026767284,0.5016371075775578,False,"How far Sun had travelled into its sign, 0 to 30 degrees. Early and late degrees are held to differ in strength by most traditions."
"Ceres longitude, sin — older partner",0.5045392937451141,0.5047515345390915,0.5064686868583884,False,Sine of Ceres's tropical ecliptic longitude in the older partner's chart; the companion projection to the cosine above.
Uranus zodiac sign (1 Aries .. 12 Pisces) — older partner,0.5045238944403726,0.44289655360975544,0.4585871135310073,True,"Which of the twelve 30-degree signs Uranus occupied at the older partner's birth, as an ordinal 1-12. A monotone model can only read a trend across the sign order, not a preference for one sign, so this tests whether the zodiac has a DIRECTION for Uranus."
"Venus(older) to Saturn(younger), harmonic 3 (trine axis)",0.5044873759975235,0.5064639411794192,0.5078319721720842,False,"cos(3 x separation) between the older partner's Venus and the younger partner's Saturn. Peaks when the trine axis is exact and falls away smoothly with orb, which is what a hard orb window approximates."
Mercury zodiac sign (1 Aries .. 12 Pisces) — older partner,0.5044400975990814,0.5108191271696583,0.5150318227350402,False,"Which of the twelve 30-degree signs Mercury occupied at the older partner's birth, as an ordinal 1-12. A monotone model can only read a trend across the sign order, not a preference for one sign, so this tests whether the zodiac has a DIRECTION for Mercury."
"Moon nakshatra cycle, cos — younger partner",0.5044204340687921,0.4998600117568251,0.49537487979311856,True,"Cosine of the younger partner's position around the 27-nakshatra wheel, wrap-free."
Ceres retrograde — older partner,0.5043719020521628,0.49699711091972093,0.49680206910589386,True,"1 when Ceres was apparently moving backwards through the zodiac at the older partner's birth, 0 otherwise. Retrogradation is read as an inward or frustrated expression of nurture and sustenance."
Mercury element of its sign (1 fire .. 4 water) — older partner,0.5043632742093438,0.49098094300673967,0.4889158422565285,True,"The element of Mercury's sign as an ordinal: fire, earth, air, water in zodiacal order."
Pallas retrograde — older partner,0.5043540115419697,0.5005544618974057,0.5023868416750203,False,"1 when Pallas was apparently moving backwards through the zodiac at the older partner's birth, 0 otherwise. Retrogradation is read as an inward or frustrated expression of strategy and craft."
"Chiron longitude, sin — younger partner",0.5043524276867661,0.5003553021914176,0.5004322167914949,False,Sine of Chiron's tropical ecliptic longitude in the younger partner's chart; the companion projection to the cosine above.
"Saturn(older) to Sun(younger), harmonic 3 (trine axis)",0.5043493753990057,0.49834981795148714,0.5005123243686885,True,"cos(3 x separation) between the older partner's Saturn and the younger partner's Sun. Peaks when the trine axis is exact and falls away smoothly with orb, which is what a hard orb window approximates."
Saturn(older) to Jupiter(younger) separation,0.5043429758544994,0.5064525261224806,0.49979572567815617,False,"The angle between the older partner's Saturn and the younger partner's Jupiter, folded to 0-180 degrees. This is the raw synastry contact: duty, limitation and endurance — the classical marriage significator meeting expansion, luck and generosity."
"Saturn(older) to Jupiter(younger), harmonic 1 (conjunction axis)",0.5043429758544993,0.5064525261224806,0.49979572567815617,False,"cos(1 x separation) between the older partner's Saturn and the younger partner's Jupiter. Peaks when the conjunction axis is exact and falls away smoothly with orb, which is what a hard orb window approximates."
Ceres daily speed — older partner,0.5042461843469335,0.5037106453950156,0.505539074837591,False,Ceres's apparent motion in degrees per day at the older partner's birth. Fast or slow relative to its mean is read as strength or weakness.
"Jupiter(older) to Venus(younger), harmonic 2 (opposition/square axis)",0.5042067578946317,0.5085888506108537,0.5085136148289321,False,"cos(2 x separation) between the older partner's Jupiter and the younger partner's Venus. Peaks when the opposition/square axis is exact and falls away smoothly with orb, which is what a hard orb window approximates."
"Mars longitude, cos — younger partner",0.5041821921080548,0.504771311523967,0.504386253976704,False,"Cosine of Mars's tropical ecliptic longitude in the younger partner's chart. Mars signifies desire, drive and conflict. Cosine and sine together locate it on the zodiac circle without the 359-to-1 degree wrap that would otherwise dominate a monotone model."
Mercury retrograde — younger partner,0.5041533492711916,0.5050323084845088,0.504853244739208,False,"1 when Mercury was apparently moving backwards through the zodiac at the younger partner's birth, 0 otherwise. Retrogradation is read as an inward or frustrated expression of speech and reasoning."
TrueNode zodiac sign (1 Aries .. 12 Pisces) — older partner,0.5041426245836297,0.49460862987418375,0.4948825823187284,True,"Which of the twelve 30-degree signs TrueNode occupied at the older partner's birth, as an ordinal 1-12. A monotone model can only read a trend across the sign order, not a preference for one sign, so this tests whether the zodiac has a DIRECTION for TrueNode."
Juno retrograde — older partner,0.5041295209070779,0.5005096902668982,0.5045353633078895,False,"1 when Juno was apparently moving backwards through the zodiac at the older partner's birth, 0 otherwise. Retrogradation is read as an inward or frustrated expression of the marriage asteroid, partnership and its bargains."
"Moon(older) to Venus(younger), harmonic 3 (trine axis)",0.5041243012385126,0.49665950092733097,0.49679278390944637,True,"cos(3 x separation) between the older partner's Moon and the younger partner's Venus. Peaks when the trine axis is exact and falls away smoothly with orb, which is what a hard orb window approximates."
Pallas degree within its sign (0-30) — older partner,0.5041126146955639,0.5012172643052765,0.5005836929374611,False,"How far Pallas had travelled into its sign, 0 to 30 degrees. Early and late degrees are held to differ in strength by most traditions."
Uranus degree within its sign (0-30) — younger partner,0.5040976963185158,0.5030851412869622,0.502339141254055,False,"How far Uranus had travelled into its sign, 0 to 30 degrees. Early and late degrees are held to differ in strength by most traditions."
Pallas zodiac sign (1 Aries .. 12 Pisces) — older partner,0.5040839065184548,0.49760909240044293,0.4983459605936263,True,"Which of the twelve 30-degree signs Pallas occupied at the older partner's birth, as an ordinal 1-12. A monotone model can only read a trend across the sign order, not a preference for one sign, so this tests whether the zodiac has a DIRECTION for Pallas."
Ceres retrograde — younger partner,0.5040484044361309,0.49800327641754044,0.49965972485960236,True,"1 when Ceres was apparently moving backwards through the zodiac at the younger partner's birth, 0 otherwise. Retrogradation is read as an inward or frustrated expression of nurture and sustenance."
Sun zodiac sign (1 Aries .. 12 Pisces) — younger partner,0.5040421491699326,0.4977618399886989,0.49719878367567794,True,"Which of the twelve 30-degree signs Sun occupied at the younger partner's birth, as an ordinal 1-12. A monotone model can only read a trend across the sign order, not a preference for one sign, so this tests whether the zodiac has a DIRECTION for Sun."
"Sun(older) to Moon(younger), harmonic 2 (opposition/square axis)",0.5040291288541809,0.5008758492939069,0.49938754115981937,False,"cos(2 x separation) between the older partner's Sun and the younger partner's Moon. Peaks when the opposition/square axis is exact and falls away smoothly with orb, which is what a hard orb window approximates."
"Moon(older) to Venus(younger), harmonic 2 (opposition/square axis)",0.5040034280782477,0.4946077298846646,0.4920271113171251,True,"cos(2 x separation) between the older partner's Moon and the younger partner's Venus. Peaks when the opposition/square axis is exact and falls away smoothly with orb, which is what a hard orb window approximates."
"Moon(older) to Jupiter(younger), harmonic 2 (opposition/square axis)",0.5039959384309698,0.4976237884318309,0.49860722053288287,True,"cos(2 x separation) between the older partner's Moon and the younger partner's Jupiter. Peaks when the opposition/square axis is exact and falls away smoothly with orb, which is what a hard orb window approximates."
"Pallas longitude, sin — younger partner",0.5039757651173256,0.5056635315133039,0.5065335011708451,False,Sine of Pallas's tropical ecliptic longitude in the younger partner's chart; the companion projection to the cosine above.
"Moon(older) to Jupiter(younger), harmonic 4 (square axis)",0.5039493653931447,0.5110775836534562,0.5052718068300449,False,"cos(4 x separation) between the older partner's Moon and the younger partner's Jupiter. Peaks when the square axis is exact and falls away smoothly with orb, which is what a hard orb window approximates."
Mercury degree within its sign (0-30) — older partner,0.5039124654143254,0.4986590611856166,0.5023726407863359,True,"How far Mercury had travelled into its sign, 0 to 30 degrees. Early and late degrees are held to differ in strength by most traditions."
"Mercury(older) to Mars(younger), harmonic 4 (square axis)",0.5039093650337956,0.49878828373137934,0.5018137083727348,True,"cos(4 x separation) between the older partner's Mercury and the younger partner's Mars. Peaks when the square axis is exact and falls away smoothly with orb, which is what a hard orb window approximates."
Mars daily speed — older partner,0.5039022953967032,0.4983924820116019,0.4975578112716459,True,Mars's apparent motion in degrees per day at the older partner's birth. Fast or slow relative to its mean is read as strength or weakness.
Vesta daily speed — older partner,0.5038922728635735,0.5019764225530539,0.49976441089798046,False,Vesta's apparent motion in degrees per day at the older partner's birth. Fast or slow relative to its mean is read as strength or weakness.
"Jupiter(older) to Mars(younger), harmonic 3 (trine axis)",0.5038777520534186,0.49805496315739106,0.4982707687086695,True,"cos(3 x separation) between the older partner's Jupiter and the younger partner's Mars. Peaks when the trine axis is exact and falls away smoothly with orb, which is what a hard orb window approximates."
"Saturn(older) to Jupiter(younger), harmonic 2 (opposition/square axis)",0.5038687619117374,0.5013424995557014,0.5020565799817719,False,"cos(2 x separation) between the older partner's Saturn and the younger partner's Jupiter. Peaks when the opposition/square axis is exact and falls away smoothly with orb, which is what a hard orb window approximates."
Mars(older) to Sun(younger) separation,0.5038626701609548,0.5132738087100758,0.5184881005655959,False,"The angle between the older partner's Mars and the younger partner's Sun, folded to 0-180 degrees. This is the raw synastry contact: desire, drive and conflict meeting identity and vitality."
"Mars(older) to Sun(younger), harmonic 1 (conjunction axis)",0.5038626701609548,0.5132738087100758,0.5184881005655959,False,"cos(1 x separation) between the older partner's Mars and the younger partner's Sun. Peaks when the conjunction axis is exact and falls away smoothly with orb, which is what a hard orb window approximates."
"Vesta longitude, sin — younger partner",0.5038542443077672,0.495798666648439,0.4955336384461023,True,Sine of Vesta's tropical ecliptic longitude in the younger partner's chart; the companion projection to the cosine above.
TrueNode zodiac sign (1 Aries .. 12 Pisces) — younger partner,0.5038455298979634,0.4969449912735193,0.49977223959302436,True,"Which of the twelve 30-degree signs TrueNode occupied at the younger partner's birth, as an ordinal 1-12. A monotone model can only read a trend across the sign order, not a preference for one sign, so this tests whether the zodiac has a DIRECTION for TrueNode."
Moon(older) to Venus(younger) separation,0.5038381300238548,0.5036429183356346,0.5023074623485284,False,"The angle between the older partner's Moon and the younger partner's Venus, folded to 0-180 degrees. This is the raw synastry contact: feeling, habit and the domestic meeting attraction, affection and what is valued."
"Moon(older) to Venus(younger), harmonic 1 (conjunction axis)",0.5038381300238548,0.5036429183356346,0.5023074623485284,False,"cos(1 x separation) between the older partner's Moon and the younger partner's Venus. Peaks when the conjunction axis is exact and falls away smoothly with orb, which is what a hard orb window approximates."
Jupiter(older) to Mercury(younger) separation,0.50383027487153,0.4969572721431599,0.49661144948470803,True,"The angle between the older partner's Jupiter and the younger partner's Mercury, folded to 0-180 degrees. This is the raw synastry contact: expansion, luck and generosity meeting speech and reasoning."
"Jupiter(older) to Mercury(younger), harmonic 1 (conjunction axis)",0.50383027487153,0.4969572721431599,0.49661144948470803,True,"cos(1 x separation) between the older partner's Jupiter and the younger partner's Mercury. Peaks when the conjunction axis is exact and falls away smoothly with orb, which is what a hard orb window approximates."
"Moon(older) to Moon(younger), harmonic 2 (opposition/square axis)",0.5038127081859838,0.4974342665882878,0.49615592867075675,True,"cos(2 x separation) between the older partner's Moon and the younger partner's Moon. Peaks when the opposition/square axis is exact and falls away smoothly with orb, which is what a hard orb window approximates."
"Moon longitude, sin — older partner",0.5038020251788219,0.4978552224455108,0.5021836597292291,True,Sine of Moon's tropical ecliptic longitude in the older partner's chart; the companion projection to the cosine above.
Jupiter degree within its sign (0-30) — younger partner,0.503788184079807,0.4932646607153436,0.48795109213937116,True,"How far Jupiter had travelled into its sign, 0 to 30 degrees. Early and late degrees are held to differ in strength by most traditions."
"Sun(older) to Moon(younger), harmonic 4 (square axis)",0.5037661127048663,0.50303201912079,0.5018515774092263,False,"cos(4 x separation) between the older partner's Sun and the younger partner's Moon. Peaks when the square axis is exact and falls away smoothly with orb, which is what a hard orb window approximates."
"Saturn(older) to Mercury(younger), harmonic 4 (square axis)",0.5037544870794255,0.4988120024425032,0.5000440591674565,True,"cos(4 x separation) between the older partner's Saturn and the younger partner's Mercury. Peaks when the square axis is exact and falls away smoothly with orb, which is what a hard orb window approximates."
TrueNode degree within its sign (0-30) — older partner,0.5037417296708129,0.5039349820229941,0.5081050661852444,False,"How far TrueNode had travelled into its sign, 0 to 30 degrees. Early and late degrees are held to differ in strength by most traditions."
Attitude number — older partner,0.5037319668386376,0.5025856812806737,0.5008478658795248,False,The older partner's Attitude number: month plus day reduced — how the person is said to present.
"Moon nakshatra cycle, sin — older partner",0.5037054132175949,0.4985709875277402,0.5034611935227926,True,Sine of the older partner's position around the same 27-fold nakshatra wheel; the companion projection to the cosine above.
Juno zodiac sign (1 Aries .. 12 Pisces) — older partner,0.5036852559348738,0.5019575227731525,0.4994352415807847,False,"Which of the twelve 30-degree signs Juno occupied at the older partner's birth, as an ordinal 1-12. A monotone model can only read a trend across the sign order, not a preference for one sign, so this tests whether the zodiac has a DIRECTION for Juno."
"Venus(older) to Moon(younger), harmonic 2 (opposition/square axis)",0.5036814950803117,0.49418797021604305,0.49382661880117557,True,"cos(2 x separation) between the older partner's Venus and the younger partner's Moon. Peaks when the opposition/square axis is exact and falls away smoothly with orb, which is what a hard orb window approximates."
MeanNode zodiac sign (1 Aries .. 12 Pisces) — younger partner,0.5036631589104561,0.4970430445620127,0.5000857515201323,True,"Which of the twelve 30-degree signs MeanNode occupied at the younger partner's birth, as an ordinal 1-12. A monotone model can only read a trend across the sign order, not a preference for one sign, so this tests whether the zodiac has a DIRECTION for MeanNode."
"Moon longitude, cos — younger partner",0.5036631492919023,0.5003638008266232,0.496918771280851,False,"Cosine of Moon's tropical ecliptic longitude in the younger partner's chart. Moon signifies feeling, habit and the domestic. Cosine and sine together locate it on the zodiac circle without the 359-to-1 degree wrap that would otherwise dominate a monotone model."
"Mercury to Saturn, harmonic 2 (opposition/square axis) — older partner's own chart",0.5036522578827399,0.4980307545785543,0.5002308554724582,True,cos(2 x separation) between Mercury and Saturn natally for the older partner.
Ceres element of its sign (1 fire .. 4 water) — older partner,0.5036317703630028,0.5111008352814119,0.5095865101753009,False,"The element of Ceres's sign as an ordinal: fire, earth, air, water in zodiacal order."
"Mercury(older) to Venus(younger), harmonic 2 (opposition/square axis)",0.5036170379446627,0.5040479136192338,0.5050427719843411,False,"cos(2 x separation) between the older partner's Mercury and the younger partner's Venus. Peaks when the opposition/square axis is exact and falls away smoothly with orb, which is what a hard orb window approximates."
Neptune retrograde — younger partner,0.5035795800897191,0.5003679703983194,0.5006475969365406,False,"1 when Neptune was apparently moving backwards through the zodiac at the younger partner's birth, 0 otherwise. Retrogradation is read as an inward or frustrated expression of idealisation and dissolution."
Saturn degree within its sign (0-30) — older partner,0.5035527699739066,0.4892630111143009,0.489007055656924,True,"How far Saturn had travelled into its sign, 0 to 30 degrees. Early and late degrees are held to differ in strength by most traditions."
"Mars(older) to Mercury(younger), harmonic 4 (square axis)",0.5035497529541769,0.4979053826208606,0.4980879777825276,True,"cos(4 x separation) between the older partner's Mars and the younger partner's Mercury. Peaks when the square axis is exact and falls away smoothly with orb, which is what a hard orb window approximates."
"Moon(older) to Mars(younger), harmonic 2 (opposition/square axis)",0.5035184349427853,0.502658853846259,0.5048599810581993,False,"cos(2 x separation) between the older partner's Moon and the younger partner's Mars. Peaks when the opposition/square axis is exact and falls away smoothly with orb, which is what a hard orb window approximates."
"Moon(older) to Mars(younger), harmonic 3 (trine axis)",0.5035112659139696,0.5037164896307537,0.5034810383544156,False,"cos(3 x separation) between the older partner's Moon and the younger partner's Mars. Peaks when the trine axis is exact and falls away smoothly with orb, which is what a hard orb window approximates."
Saturn(older) to Moon(younger) separation,0.503499518453513,0.5003292936335425,0.5026795984571281,False,"The angle between the older partner's Saturn and the younger partner's Moon, folded to 0-180 degrees. This is the raw synastry contact: duty, limitation and endurance — the classical marriage significator meeting feeling, habit and the domestic."
"Saturn(older) to Moon(younger), harmonic 1 (conjunction axis)",0.5034995184535129,0.5003292936335425,0.5026795984571281,False,"cos(1 x separation) between the older partner's Saturn and the younger partner's Moon. Peaks when the conjunction axis is exact and falls away smoothly with orb, which is what a hard orb window approximates."
"Sun to Moon, harmonic 2 (opposition/square axis) — younger partner's own chart",0.5034990054639734,0.49230853007787756,0.4920755399887922,True,cos(2 x separation) between Sun and Moon natally for the younger partner.
Juno daily speed — younger partner,0.5034985245362801,0.4992189002355922,0.4992681080447306,True,Juno's apparent motion in degrees per day at the younger partner's birth. Fast or slow relative to its mean is read as strength or weakness.
"Mars(older) to Sun(younger), harmonic 4 (square axis)",0.5034949528466107,0.49410740406567416,0.4933343213267854,True,"cos(4 x separation) between the older partner's Mars and the younger partner's Sun. Peaks when the square axis is exact and falls away smoothly with orb, which is what a hard orb window approximates."
Venus daily speed — older partner,0.5034854240659129,0.49659521433421283,0.4948405258407017,True,Venus's apparent motion in degrees per day at the older partner's birth. Fast or slow relative to its mean is read as strength or weakness.
Moon to Mercury separation — older partner's own chart,0.5034760395635232,0.495344092195382,0.49419038002670496,True,"The natal angle between Moon and Mercury in the older partner's own chart, 0-180 degrees: feeling, habit and the domestic against speech and reasoning within one person."
"Moon to Mercury, harmonic 1 (conjunction axis) — older partner's own chart",0.5034760395635232,0.495344092195382,0.49419038002670496,True,cos(1 x separation) between Moon and Mercury natally for the older partner.
"Venus to Saturn, harmonic 2 (opposition/square axis) — older partner's own chart",0.5034750584710286,0.49930199547043247,0.5008203744155333,True,cos(2 x separation) between Venus and Saturn natally for the older partner.
"Pallas longitude, cos — older partner",0.5034645934844211,0.4924693889640779,0.49342389616310195,True,Cosine of Pallas's tropical ecliptic longitude in the older partner's chart. Pallas signifies strategy and craft. Cosine and sine together locate it on the zodiac circle without the 359-to-1 degree wrap that would otherwise dominate a monotone model.
"Mercury(older) to Sun(younger), harmonic 4 (square axis)",0.5034514513336539,0.507004139951788,0.5041808872788075,False,"cos(4 x separation) between the older partner's Mercury and the younger partner's Sun. Peaks when the square axis is exact and falls away smoothly with orb, which is what a hard orb window approximates."
"Sun(older) to Mercury(younger), harmonic 2 (opposition/square axis)",0.5033977156793823,0.5004778488655575,0.5092666260545525,False,"cos(2 x separation) between the older partner's Sun and the younger partner's Mercury. Peaks when the opposition/square axis is exact and falls away smoothly with orb, which is what a hard orb window approximates."
Moon to Jupiter separation — younger partner's own chart,0.5033826594363955,0.5088787269819136,0.5100338381688573,False,"The natal angle between Moon and Jupiter in the younger partner's own chart, 0-180 degrees: feeling, habit and the domestic against expansion, luck and generosity within one person."
"Moon to Jupiter, harmonic 1 (conjunction axis) — younger partner's own chart",0.5033826594363955,0.5088787269819136,0.5100338381688573,False,cos(1 x separation) between Moon and Jupiter natally for the younger partner.
"Sun(older) to Venus(younger), harmonic 2 (opposition/square axis)",0.5033597159792376,0.5057915920472825,0.5087772415829694,False,"cos(2 x separation) between the older partner's Sun and the younger partner's Venus. Peaks when the opposition/square axis is exact and falls away smoothly with orb, which is what a hard orb window approximates."
"Sun(older) to Venus(younger), harmonic 3 (trine axis)",0.5033492830544761,0.49766006142713276,0.4947977411119733,True,"cos(3 x separation) between the older partner's Sun and the younger partner's Venus. Peaks when the trine axis is exact and falls away smoothly with orb, which is what a hard orb window approximates."
Pallas retrograde — younger partner,0.5033439704065568,0.501777650184327,0.501009719597991,False,"1 when Pallas was apparently moving backwards through the zodiac at the younger partner's birth, 0 otherwise. Retrogradation is read as an inward or frustrated expression of strategy and craft."
Pallas daily speed — younger partner,0.5033391322739617,0.5019366863069443,0.501098202058255,False,Pallas's apparent motion in degrees per day at the younger partner's birth. Fast or slow relative to its mean is read as strength or weakness.
Venus to Saturn separation — younger partner's own chart,0.5033059226136427,0.5024382652758981,0.4998008234330685,False,"The natal angle between Venus and Saturn in the younger partner's own chart, 0-180 degrees: attraction, affection and what is valued against duty, limitation and endurance — the classical marriage significator within one person."
"Venus to Saturn, harmonic 1 (conjunction axis) — younger partner's own chart",0.5033059226136427,0.5024382652758981,0.4998008234330685,False,cos(1 x separation) between Venus and Saturn natally for the younger partner.
absolute difference of the two Life Paths,0.503303322397914,0.5027093216129634,0.49904344270323747,False,How far apart the partners' Life Paths are.
"Sun(older) to Sun(younger), harmonic 4 (square axis)",0.5033015461716331,0.4970342383354523,0.4963860558925131,True,"cos(4 x separation) between the older partner's Sun and the younger partner's Sun. Peaks when the square axis is exact and falls away smoothly with orb, which is what a hard orb window approximates."
"Venus(older) to Moon(younger), harmonic 3 (trine axis)",0.5032764449522243,0.5057652075444184,0.5046557067363554,False,"cos(3 x separation) between the older partner's Venus and the younger partner's Moon. Peaks when the trine axis is exact and falls away smoothly with orb, which is what a hard orb window approximates."
Juno zodiac sign (1 Aries .. 12 Pisces) — younger partner,0.5032676279445126,0.4985026680701946,0.49865892633270786,True,"Which of the twelve 30-degree signs Juno occupied at the younger partner's birth, as an ordinal 1-12. A monotone model can only read a trend across the sign order, not a preference for one sign, so this tests whether the zodiac has a DIRECTION for Juno."
"Chiron longitude, sin — older partner",0.5032660152336476,0.47691068914134166,0.48884319924902786,True,Sine of Chiron's tropical ecliptic longitude in the older partner's chart; the companion projection to the cosine above.
"Saturn(older) to Mercury(younger), harmonic 2 (opposition/square axis)",0.5032526935365416,0.5010759887353211,0.49732622754848604,False,"cos(2 x separation) between the older partner's Saturn and the younger partner's Mercury. Peaks when the opposition/square axis is exact and falls away smoothly with orb, which is what a hard orb window approximates."
Jupiter to Saturn separation — older partner's own chart,0.503234908830441,0.49917294380875565,0.4989946499062195,True,"The natal angle between Jupiter and Saturn in the older partner's own chart, 0-180 degrees: expansion, luck and generosity against duty, limitation and endurance — the classical marriage significator within one person."
"Jupiter to Saturn, harmonic 1 (conjunction axis) — older partner's own chart",0.503234908830441,0.49917294380875565,0.4989946499062195,True,cos(1 x separation) between Jupiter and Saturn natally for the older partner.
"Jupiter(older) to Mars(younger), harmonic 2 (opposition/square axis)",0.5032253319569738,0.49408060944100396,0.4968554134697978,True,"cos(2 x separation) between the older partner's Jupiter and the younger partner's Mars. Peaks when the opposition/square axis is exact and falls away smoothly with orb, which is what a hard orb window approximates."
"Mars(older) to Jupiter(younger), harmonic 2 (opposition/square axis)",0.5031880568545537,0.4968227294061892,0.4998743767539463,True,"cos(2 x separation) between the older partner's Mars and the younger partner's Jupiter. Peaks when the opposition/square axis is exact and falls away smoothly with orb, which is what a hard orb window approximates."
"Venus(older) to Saturn(younger), harmonic 2 (opposition/square axis)",0.5031509805355802,0.5153005851071102,0.5162123171225941,False,"cos(2 x separation) between the older partner's Venus and the younger partner's Saturn. Peaks when the opposition/square axis is exact and falls away smoothly with orb, which is what a hard orb window approximates."
Venus(older) to Mercury(younger) separation,0.5031297940675954,0.5014247973314742,0.5007023978018481,False,"The angle between the older partner's Venus and the younger partner's Mercury, folded to 0-180 degrees. This is the raw synastry contact: attraction, affection and what is valued meeting speech and reasoning."
"Venus(older) to Mercury(younger), harmonic 1 (conjunction axis)",0.5031297940675953,0.5014247973314742,0.5007023978018481,False,"cos(1 x separation) between the older partner's Venus and the younger partner's Mercury. Peaks when the conjunction axis is exact and falls away smoothly with orb, which is what a hard orb window approximates."
younger partner's Personal Year in the older's birth year,0.5031265429963881,0.5054658186259097,0.5076486350579159,False,The same quantity with the partners exchanged.
"Sun(older) to Sun(younger), harmonic 2 (opposition/square axis)",0.5031154399790407,0.5015711424626448,0.5075388512646255,False,"cos(2 x separation) between the older partner's Sun and the younger partner's Sun. Peaks when the opposition/square axis is exact and falls away smoothly with orb, which is what a hard orb window approximates."
"Sun to Mercury, harmonic 1 (conjunction axis) — younger partner's own chart",0.503085074204482,0.5056144763883762,0.5035327441542405,False,cos(1 x separation) between Sun and Mercury natally for the younger partner.
"Sun to Mercury, harmonic 2 (opposition/square axis) — younger partner's own chart",0.503085074204482,0.5056144763883762,0.5035327441542405,False,cos(2 x separation) between Sun and Mercury natally for the younger partner.
Sun to Mercury separation — younger partner's own chart,0.5030850742044819,0.5056144763883762,0.5035327441542405,False,"The natal angle between Sun and Mercury in the younger partner's own chart, 0-180 degrees: identity and vitality against speech and reasoning within one person."
"Venus(older) to Mercury(younger), harmonic 4 (square axis)",0.5030720506825457,0.49665861233008424,0.49787095907340295,True,"cos(4 x separation) between the older partner's Venus and the younger partner's Mercury. Peaks when the square axis is exact and falls away smoothly with orb, which is what a hard orb window approximates."
Venus to Jupiter separation — younger partner's own chart,0.5030715312806369,0.5007130195445825,0.4962331232451434,False,"The natal angle between Venus and Jupiter in the younger partner's own chart, 0-180 degrees: attraction, affection and what is valued against expansion, luck and generosity within one person."
"Venus to Jupiter, harmonic 1 (conjunction axis) — younger partner's own chart",0.5030715312806369,0.5007130195445825,0.4962331232451434,False,cos(1 x separation) between Venus and Jupiter natally for the younger partner.
"Mercury to Mars, harmonic 2 (opposition/square axis) — older partner's own chart",0.5030650836433612,0.49984449548182475,0.49880785360121793,True,cos(2 x separation) between Mercury and Mars natally for the older partner.
"Venus(older) to Moon(younger), harmonic 4 (square axis)",0.5030648111176683,0.5016694805579479,0.5004791889617585,False,"cos(4 x separation) between the older partner's Venus and the younger partner's Moon. Peaks when the square axis is exact and falls away smoothly with orb, which is what a hard orb window approximates."
Mars(older) to Jupiter(younger) separation,0.5030386294140418,0.5074339476046608,0.509599800750608,False,"The angle between the older partner's Mars and the younger partner's Jupiter, folded to 0-180 degrees. This is the raw synastry contact: desire, drive and conflict meeting expansion, luck and generosity."
"Mars(older) to Jupiter(younger), harmonic 1 (conjunction axis)",0.5030386294140418,0.5074339476046608,0.509599800750608,False,"cos(1 x separation) between the older partner's Mars and the younger partner's Jupiter. Peaks when the conjunction axis is exact and falls away smoothly with orb, which is what a hard orb window approximates."
Mars to Jupiter separation — older partner's own chart,0.50302382645964,0.5129782817719085,0.5096343926589416,False,"The natal angle between Mars and Jupiter in the older partner's own chart, 0-180 degrees: desire, drive and conflict against expansion, luck and generosity within one person."
"Mars to Jupiter, harmonic 1 (conjunction axis) — older partner's own chart",0.50302382645964,0.5129782817719085,0.5096343926589416,False,cos(1 x separation) between Mars and Jupiter natally for the older partner.
"Mars(older) to Sun(younger), harmonic 2 (opposition/square axis)",0.5030200976669242,0.504975814205708,0.5091541113211305,False,"cos(2 x separation) between the older partner's Mars and the younger partner's Sun. Peaks when the opposition/square axis is exact and falls away smoothly with orb, which is what a hard orb window approximates."
"Moon(older) to Mars(younger), harmonic 4 (square axis)",0.5030157051939915,0.5070249650257238,0.5101481735290337,False,"cos(4 x separation) between the older partner's Moon and the younger partner's Mars. Peaks when the square axis is exact and falls away smoothly with orb, which is what a hard orb window approximates."
Venus to Jupiter separation — older partner's own chart,0.503007244072773,0.5087907558544887,0.5088034586082328,False,"The natal angle between Venus and Jupiter in the older partner's own chart, 0-180 degrees: attraction, affection and what is valued against expansion, luck and generosity within one person."
"Venus to Jupiter, harmonic 1 (conjunction axis) — older partner's own chart",0.503007244072773,0.5087907558544887,0.5088034586082328,False,cos(1 x separation) between Venus and Jupiter natally for the older partner.
"Sun(older) to Moon(younger), harmonic 3 (trine axis)",0.5029998858790645,0.49875506386507906,0.49428869387144264,True,"cos(3 x separation) between the older partner's Sun and the younger partner's Moon. Peaks when the trine axis is exact and falls away smoothly with orb, which is what a hard orb window approximates."
Lilith element of its sign (1 fire .. 4 water) — older partner,0.5029861281408499,0.498349031884692,0.4991108058931503,True,"The element of Lilith's sign as an ordinal: fire, earth, air, water in zodiacal order."
MeanNode degree within its sign (0-30) — younger partner,0.502967785558625,0.5060608028362201,0.5054389403660989,False,"How far MeanNode had travelled into its sign, 0 to 30 degrees. Early and late degrees are held to differ in strength by most traditions."
"Jupiter longitude, cos — older partner",0.5029628640652296,0.49598611509840645,0.4903703409706198,True,"Cosine of Jupiter's tropical ecliptic longitude in the older partner's chart. Jupiter signifies expansion, luck and generosity. Cosine and sine together locate it on the zodiac circle without the 359-to-1 degree wrap that would otherwise dominate a monotone model."
same numerological compatibility group,0.5029532198618853,0.5030423063427616,0.5024378192241435,False,"1 when both Life Paths fall in the same taught grouping — 1-5-7 (mind), 2-4-8 (business), 3-6-9 (creative)."
"Sun(older) to Sun(younger), harmonic 3 (trine axis)",0.5029501547493864,0.4921654317443392,0.49094238189685274,True,"cos(3 x separation) between the older partner's Sun and the younger partner's Sun. Peaks when the trine axis is exact and falls away smoothly with orb, which is what a hard orb window approximates."
"Saturn(older) to Sun(younger), harmonic 2 (opposition/square axis)",0.5029346849085832,0.49814858485192326,0.492596239240551,True,"cos(2 x separation) between the older partner's Saturn and the younger partner's Sun. Peaks when the opposition/square axis is exact and falls away smoothly with orb, which is what a hard orb window approximates."
"Mercury(older) to Sun(younger), harmonic 3 (trine axis)",0.5029332677749802,0.4962509284702001,0.49701744925093955,True,"cos(3 x separation) between the older partner's Mercury and the younger partner's Sun. Peaks when the trine axis is exact and falls away smoothly with orb, which is what a hard orb window approximates."
"Moon longitude, sin — younger partner",0.5029002825475848,0.4984500813408249,0.49229474345002217,True,Sine of Moon's tropical ecliptic longitude in the younger partner's chart; the companion projection to the cosine above.
Mars degree within its sign (0-30) — older partner,0.502886024644569,0.5032532684429498,0.5020249010762453,False,"How far Mars had travelled into its sign, 0 to 30 degrees. Early and late degrees are held to differ in strength by most traditions."
Vesta degree within its sign (0-30) — older partner,0.5028709299273666,0.4989517742325026,0.49752394761401403,True,"How far Vesta had travelled into its sign, 0 to 30 degrees. Early and late degrees are held to differ in strength by most traditions."
"Moon to Saturn, harmonic 2 (opposition/square axis) — younger partner's own chart",0.5028652838362466,0.506513782371142,0.5023395053794059,False,cos(2 x separation) between Moon and Saturn natally for the younger partner.
"Jupiter(older) to Mercury(younger), harmonic 3 (trine axis)",0.5028640398366131,0.5014550096378625,0.5031620645470445,False,"cos(3 x separation) between the older partner's Jupiter and the younger partner's Mercury. Peaks when the trine axis is exact and falls away smoothly with orb, which is what a hard orb window approximates."
"Mercury to Saturn, harmonic 2 (opposition/square axis) — younger partner's own chart",0.502863539671812,0.49573922177108826,0.5005884265670225,True,cos(2 x separation) between Mercury and Saturn natally for the younger partner.
Pallas daily speed — older partner,0.5028293136509678,0.5040554439112861,0.5051658463529387,False,Pallas's apparent motion in degrees per day at the older partner's birth. Fast or slow relative to its mean is read as strength or weakness.
Pallas element of its sign (1 fire .. 4 water) — younger partner,0.5028290475376441,0.49130798097034817,0.4880240992722227,True,"The element of Pallas's sign as an ordinal: fire, earth, air, water in zodiacal order."
Venus element of its sign (1 fire .. 4 water) — younger partner,0.5028288776098591,0.5026655752869713,0.5063927667227298,False,"The element of Venus's sign as an ordinal: fire, earth, air, water in zodiacal order."
"Mars(older) to Mercury(younger), harmonic 2 (opposition/square axis)",0.5028208589421185,0.5032592266014118,0.50717254116164,False,"cos(2 x separation) between the older partner's Mars and the younger partner's Mercury. Peaks when the opposition/square axis is exact and falls away smoothly with orb, which is what a hard orb window approximates."
"TrueNode longitude, cos — older partner",0.5028174443554956,0.4962950051720917,0.49659542796926925,True,Cosine of TrueNode's tropical ecliptic longitude in the older partner's chart. TrueNode signifies the karmic node of the Moon's orbit (true). Cosine and sine together locate it on the zodiac circle without the 359-to-1 degree wrap that would otherwise dominate a monotone model.
"Lilith longitude, cos — younger partner",0.5028141964904731,0.5025999671902555,0.50187378905563,False,"Cosine of Lilith's tropical ecliptic longitude in the younger partner's chart. Lilith signifies the lunar apogee, the disowned. Cosine and sine together locate it on the zodiac circle without the 359-to-1 degree wrap that would otherwise dominate a monotone model."
identical Birthday numbers,0.5028093455331395,0.49840827170113966,0.4992185869970109,True,1 when both partners reduce the same day-of-month number.
"Jupiter(older) to Sun(younger), harmonic 4 (square axis)",0.5028041034212818,0.5025364552716601,0.5038495332095064,False,"cos(4 x separation) between the older partner's Jupiter and the younger partner's Sun. Peaks when the square axis is exact and falls away smoothly with orb, which is what a hard orb window approximates."
"Mars(older) to Venus(younger), harmonic 4 (square axis)",0.502793369115166,0.504557170979781,0.5022524794205455,False,"cos(4 x separation) between the older partner's Mars and the younger partner's Venus. Peaks when the square axis is exact and falls away smoothly with orb, which is what a hard orb window approximates."
"Jupiter(older) to Mercury(younger), harmonic 2 (opposition/square axis)",0.5027901949923897,0.4902537172984821,0.4923573730103736,True,"cos(2 x separation) between the older partner's Jupiter and the younger partner's Mercury. Peaks when the opposition/square axis is exact and falls away smoothly with orb, which is what a hard orb window approximates."
Moon pada 1-4 within its nakshatra — older partner,0.5027625512685754,0.500469270484445,0.5033115380035809,False,Which quarter of the nakshatra the Moon fell in for the older partner; the 108 padas are the finest division routinely read.
"MeanNode longitude, cos — older partner",0.5027603037331551,0.49638092569048564,0.4966132701114624,True,Cosine of MeanNode's tropical ecliptic longitude in the older partner's chart. MeanNode signifies the karmic node of the Moon's orbit (mean). Cosine and sine together locate it on the zodiac circle without the 359-to-1 degree wrap that would otherwise dominate a monotone model.
"Jupiter(older) to Moon(younger), harmonic 2 (opposition/square axis)",0.5027445068615204,0.5038903129229381,0.5068557521063741,False,"cos(2 x separation) between the older partner's Jupiter and the younger partner's Moon. Peaks when the opposition/square axis is exact and falls away smoothly with orb, which is what a hard orb window approximates."
"Moon to Venus, harmonic 2 (opposition/square axis) — younger partner's own chart",0.5027232370327354,0.4974912165579844,0.4952470717949596,True,cos(2 x separation) between Moon and Venus natally for the younger partner.
"Jupiter(older) to Moon(younger), harmonic 4 (square axis)",0.5027154395917337,0.49985428144381105,0.4987958374646389,True,"cos(4 x separation) between the older partner's Jupiter and the younger partner's Moon. Peaks when the square axis is exact and falls away smoothly with orb, which is what a hard orb window approximates."
"Ceres longitude, cos — older partner",0.5027042981001708,0.4909709633761227,0.4925285119252873,True,Cosine of Ceres's tropical ecliptic longitude in the older partner's chart. Ceres signifies nurture and sustenance. Cosine and sine together locate it on the zodiac circle without the 359-to-1 degree wrap that would otherwise dominate a monotone model.
Ceres degree within its sign (0-30) — older partner,0.5027032657087224,0.4941931992690718,0.49215419106458236,True,"How far Ceres had travelled into its sign, 0 to 30 degrees. Early and late degrees are held to differ in strength by most traditions."
Uranus retrograde — younger partner,0.5026849583945284,0.4998547485269792,0.5013905947150118,True,"1 when Uranus was apparently moving backwards through the zodiac at the younger partner's birth, 0 otherwise. Retrogradation is read as an inward or frustrated expression of disruption and sudden change."
Venus(older) to Sun(younger) separation,0.5026792674168237,0.5004175609600496,0.4992407986434146,False,"The angle between the older partner's Venus and the younger partner's Sun, folded to 0-180 degrees. This is the raw synastry contact: attraction, affection and what is valued meeting identity and vitality."
"Venus(older) to Sun(younger), harmonic 1 (conjunction axis)",0.5026792674168237,0.5004175609600496,0.4992407986434146,False,"cos(1 x separation) between the older partner's Venus and the younger partner's Sun. Peaks when the conjunction axis is exact and falls away smoothly with orb, which is what a hard orb window approximates."
Lilith degree within its sign (0-30) — younger partner,0.5026364392026376,0.5003550743459696,0.5000495210477197,False,"How far Lilith had travelled into its sign, 0 to 30 degrees. Early and late degrees are held to differ in strength by most traditions."
"Mars(older) to Jupiter(younger), harmonic 4 (square axis)",0.5026315850391192,0.4908285941480175,0.4893431433557865,True,"cos(4 x separation) between the older partner's Mars and the younger partner's Jupiter. Peaks when the square axis is exact and falls away smoothly with orb, which is what a hard orb window approximates."
"Venus(older) to Mars(younger), harmonic 2 (opposition/square axis)",0.5026303859260703,0.507034375042721,0.5089869777850765,False,"cos(2 x separation) between the older partner's Venus and the younger partner's Mars. Peaks when the opposition/square axis is exact and falls away smoothly with orb, which is what a hard orb window approximates."
"Venus longitude, cos — younger partner",0.5025998053371419,0.5002521565571642,0.5017685568292256,False,"Cosine of Venus's tropical ecliptic longitude in the younger partner's chart. Venus signifies attraction, affection and what is valued. Cosine and sine together locate it on the zodiac circle without the 359-to-1 degree wrap that would otherwise dominate a monotone model."
"Mercury(older) to Mars(younger), harmonic 2 (opposition/square axis)",0.502580427157284,0.5008154474656751,0.5020445638451928,False,"cos(2 x separation) between the older partner's Mercury and the younger partner's Mars. Peaks when the opposition/square axis is exact and falls away smoothly with orb, which is what a hard orb window approximates."
Juno retrograde — younger partner,0.5025281759664927,0.49743480202509033,0.4970504025951942,True,"1 when Juno was apparently moving backwards through the zodiac at the younger partner's birth, 0 otherwise. Retrogradation is read as an inward or frustrated expression of the marriage asteroid, partnership and its bargains."
Venus to Saturn separation — older partner's own chart,0.502513857145969,0.49775891217469365,0.49884026075744625,True,"The natal angle between Venus and Saturn in the older partner's own chart, 0-180 degrees: attraction, affection and what is valued against duty, limitation and endurance — the classical marriage significator within one person."
"Venus to Saturn, harmonic 1 (conjunction axis) — older partner's own chart",0.502513857145969,0.49775891217469365,0.49884026075744625,True,cos(1 x separation) between Venus and Saturn natally for the older partner.
Uranus degree within its sign (0-30) — older partner,0.5024893875449308,0.50303496971934,0.5002669038821953,False,"How far Uranus had travelled into its sign, 0 to 30 degrees. Early and late degrees are held to differ in strength by most traditions."
"Moon nakshatra cycle, sin — younger partner",0.5024765179198564,0.4986087870875428,0.49337892668226824,True,Sine of the younger partner's position around the same 27-fold nakshatra wheel; the companion projection to the cosine above.
"Chiron longitude, cos — younger partner",0.5024548152561473,0.5426759080780325,0.545212716568104,False,Cosine of Chiron's tropical ecliptic longitude in the younger partner's chart. Chiron signifies the wound and its healing. Cosine and sine together locate it on the zodiac circle without the 359-to-1 degree wrap that would otherwise dominate a monotone model.
Moon(older) to Mars(younger) separation,0.5024464535266521,0.4985918353862208,0.4964432235726013,True,"The angle between the older partner's Moon and the younger partner's Mars, folded to 0-180 degrees. This is the raw synastry contact: feeling, habit and the domestic meeting desire, drive and conflict."
"Moon(older) to Mars(younger), harmonic 1 (conjunction axis)",0.5024464535266521,0.4985918353862208,0.4964432235726013,True,"cos(1 x separation) between the older partner's Moon and the younger partner's Mars. Peaks when the conjunction axis is exact and falls away smoothly with orb, which is what a hard orb window approximates."
"Vesta longitude, sin — older partner",0.5024205571734568,0.49523889595209775,0.4957135163694372,True,Sine of Vesta's tropical ecliptic longitude in the older partner's chart; the companion projection to the cosine above.
Mars(older) to Mercury(younger) separation,0.5024151804018451,0.5133417294380875,0.5185132252148067,False,"The angle between the older partner's Mars and the younger partner's Mercury, folded to 0-180 degrees. This is the raw synastry contact: desire, drive and conflict meeting speech and reasoning."
"Mars(older) to Mercury(younger), harmonic 1 (conjunction axis)",0.5024151804018451,0.5133417294380875,0.5185132252148067,False,"cos(1 x separation) between the older partner's Mars and the younger partner's Mercury. Peaks when the conjunction axis is exact and falls away smoothly with orb, which is what a hard orb window approximates."
Moon to Venus separation — older partner's own chart,0.5024078350328751,0.4924161414829093,0.49022541908096945,True,"The natal angle between Moon and Venus in the older partner's own chart, 0-180 degrees: feeling, habit and the domestic against attraction, affection and what is valued within one person."
"Moon to Venus, harmonic 1 (conjunction axis) — older partner's own chart",0.5024078350328751,0.4924161414829093,0.49022541908096945,True,cos(1 x separation) between Moon and Venus natally for the older partner.
Mars daily speed — younger partner,0.5023709414664251,0.5028893764781474,0.5057943267085581,False,Mars's apparent motion in degrees per day at the younger partner's birth. Fast or slow relative to its mean is read as strength or weakness.
"Mercury(older) to Mercury(younger), harmonic 4 (square axis)",0.5023679757456494,0.5026174087592904,0.505259426568115,False,"cos(4 x separation) between the older partner's Mercury and the younger partner's Mercury. Peaks when the square axis is exact and falls away smoothly with orb, which is what a hard orb window approximates."
Moon pada 1-4 within its nakshatra — younger partner,0.5023503577611492,0.5046255246141438,0.49953519398960133,False,Which quarter of the nakshatra the Moon fell in for the younger partner; the 108 padas are the finest division routinely read.
"Venus to Mars, harmonic 1 (conjunction axis) — younger partner's own chart",0.5023377382184755,0.5024109010376082,0.5012999275026426,False,cos(1 x separation) between Venus and Mars natally for the younger partner.
Venus to Mars separation — younger partner's own chart,0.5023377382184754,0.5024109010376082,0.5012999275026426,False,"The natal angle between Venus and Mars in the younger partner's own chart, 0-180 degrees: attraction, affection and what is valued against desire, drive and conflict within one person."
Sun(older) to Mercury(younger) separation,0.5023250032531552,0.5038053493554252,0.505374490178993,False,"The angle between the older partner's Sun and the younger partner's Mercury, folded to 0-180 degrees. This is the raw synastry contact: identity and vitality meeting speech and reasoning."
"Sun(older) to Mercury(younger), harmonic 1 (conjunction axis)",0.5023250032531552,0.5038053493554252,0.505374490178993,False,"cos(1 x separation) between the older partner's Sun and the younger partner's Mercury. Peaks when the conjunction axis is exact and falls away smoothly with orb, which is what a hard orb window approximates."
"Jupiter(older) to Jupiter(younger), harmonic 2 (opposition/square axis)",0.50232296732592,0.49466052167493746,0.5078090322749788,True,"cos(2 x separation) between the older partner's Jupiter and the younger partner's Jupiter. Peaks when the opposition/square axis is exact and falls away smoothly with orb, which is what a hard orb window approximates."
Jupiter zodiac sign (1 Aries .. 12 Pisces) — younger partner,0.5022865771304557,0.49451468919602454,0.4942508248349511,True,"Which of the twelve 30-degree signs Jupiter occupied at the younger partner's birth, as an ordinal 1-12. A monotone model can only read a trend across the sign order, not a preference for one sign, so this tests whether the zodiac has a DIRECTION for Jupiter."
"Mercury longitude, cos — younger partner",0.502278821369854,0.5016246063969888,0.5009390792799203,False,Cosine of Mercury's tropical ecliptic longitude in the younger partner's chart. Mercury signifies speech and reasoning. Cosine and sine together locate it on the zodiac circle without the 359-to-1 degree wrap that would otherwise dominate a monotone model.
"Mars(older) to Sun(younger), harmonic 3 (trine axis)",0.5022704211661433,0.5051654727565198,0.5096325720321873,False,"cos(3 x separation) between the older partner's Mars and the younger partner's Sun. Peaks when the trine axis is exact and falls away smoothly with orb, which is what a hard orb window approximates."
Vesta degree within its sign (0-30) — younger partner,0.5022699210013423,0.49606467620883404,0.4994319644526267,True,"How far Vesta had travelled into its sign, 0 to 30 degrees. Early and late degrees are held to differ in strength by most traditions."
TrueNode degree within its sign (0-30) — younger partner,0.502260353746429,0.5012562258768632,0.49999526637043856,False,"How far TrueNode had travelled into its sign, 0 to 30 degrees. Early and late degrees are held to differ in strength by most traditions."
Sun(older) to Saturn(younger) separation,0.5022589814994106,0.49950002734145377,0.5001212537418431,True,"The angle between the older partner's Sun and the younger partner's Saturn, folded to 0-180 degrees. This is the raw synastry contact: identity and vitality meeting duty, limitation and endurance — the classical marriage significator."
"Sun(older) to Saturn(younger), harmonic 1 (conjunction axis)",0.5022589814994105,0.49950002734145377,0.5001212537418431,True,"cos(1 x separation) between the older partner's Sun and the younger partner's Saturn. Peaks when the conjunction axis is exact and falls away smoothly with orb, which is what a hard orb window approximates."
"MeanNode longitude, sin — younger partner",0.5022578080358389,0.49428137545739975,0.4980253482221762,True,Sine of MeanNode's tropical ecliptic longitude in the younger partner's chart; the companion projection to the cosine above.
Moon(older) to Saturn(younger) separation,0.5022386607012738,0.5017460138438894,0.5006885610385147,False,"The angle between the older partner's Moon and the younger partner's Saturn, folded to 0-180 degrees. This is the raw synastry contact: feeling, habit and the domestic meeting duty, limitation and endurance — the classical marriage significator."
"Moon(older) to Saturn(younger), harmonic 1 (conjunction axis)",0.5022386607012738,0.5017460138438894,0.5006885610385147,False,"cos(1 x separation) between the older partner's Moon and the younger partner's Saturn. Peaks when the conjunction axis is exact and falls away smoothly with orb, which is what a hard orb window approximates."
"Mars(older) to Saturn(younger), harmonic 3 (trine axis)",0.502231228765319,0.49461098807456927,0.49274735126116637,True,"cos(3 x separation) between the older partner's Mars and the younger partner's Saturn. Peaks when the trine axis is exact and falls away smoothly with orb, which is what a hard orb window approximates."
Sun to Moon separation — younger partner's own chart,0.502211844173092,0.4893530100662119,0.4903153580426369,True,"The natal angle between Sun and Moon in the younger partner's own chart, 0-180 degrees: identity and vitality against feeling, habit and the domestic within one person."
"Sun to Moon, harmonic 1 (conjunction axis) — younger partner's own chart",0.502211844173092,0.4893530100662119,0.4903153580426369,True,cos(1 x separation) between Sun and Moon natally for the younger partner.
"Moon phase, cos — younger partner",0.502211844173092,0.4893530100662119,0.4903153580426369,True,"Cosine of the younger partner's Moon phase; +1 at new moon, -1 at full moon, and free of the 360-degree wrap."
illuminated fraction of the Moon — younger partner,0.502211844173092,0.4893530100662119,0.4903153580426369,True,"The fraction of the Moon's disc lit at the younger partner's birth, (1 - cos(phase))/2: 0 at new, 1 at full."
Pallas element of its sign (1 fire .. 4 water) — older partner,0.502207615215575,0.4990387656245016,0.4991100776424486,True,"The element of Pallas's sign as an ordinal: fire, earth, air, water in zodiacal order."
Vesta daily speed — younger partner,0.5022070861951122,0.5036458005805502,0.5073291150625185,False,Vesta's apparent motion in degrees per day at the younger partner's birth. Fast or slow relative to its mean is read as strength or weakness.
Jupiter degree within its sign (0-30) — older partner,0.5021935849516673,0.49326197213905865,0.49343700467573365,True,"How far Jupiter had travelled into its sign, 0 to 30 degrees. Early and late degrees are held to differ in strength by most traditions."
"Sun(older) to Mars(younger), harmonic 4 (square axis)",0.5021756335239664,0.4969014727929751,0.49664931852119953,True,"cos(4 x separation) between the older partner's Sun and the younger partner's Mars. Peaks when the square axis is exact and falls away smoothly with orb, which is what a hard orb window approximates."
"Moon(older) to Sun(younger), harmonic 2 (opposition/square axis)",0.5021570376531564,0.4984771607723049,0.49970287371368166,True,"cos(2 x separation) between the older partner's Moon and the younger partner's Sun. Peaks when the opposition/square axis is exact and falls away smoothly with orb, which is what a hard orb window approximates."
"Saturn(older) to Saturn(younger), harmonic 3 (trine axis)",0.5021522892937307,0.49163133922997354,0.5046444188504781,True,"cos(3 x separation) between the older partner's Saturn and the younger partner's Saturn. Peaks when the trine axis is exact and falls away smoothly with orb, which is what a hard orb window approximates."
Juno element of its sign (1 fire .. 4 water) — older partner,0.5021472652024274,0.49386824609131136,0.495627400723954,True,"The element of Juno's sign as an ordinal: fire, earth, air, water in zodiacal order."
"TrueNode longitude, sin — younger partner",0.502147047181873,0.4942531681909527,0.4981054557993698,True,Sine of TrueNode's tropical ecliptic longitude in the younger partner's chart; the companion projection to the cosine above.
"Jupiter(older) to Mars(younger), harmonic 4 (square axis)",0.5021307533516219,0.5050010139122431,0.5004278472872843,False,"cos(4 x separation) between the older partner's Jupiter and the younger partner's Mars. Peaks when the square axis is exact and falls away smoothly with orb, which is what a hard orb window approximates."
Sun element of its sign (1 fire .. 4 water) — older partner,0.502118220375933,0.4939916244013361,0.496164303553827,True,"The element of Sun's sign as an ordinal: fire, earth, air, water in zodiacal order."
Sun to Mercury separation — older partner's own chart,0.502105075018981,0.4941220203511554,0.4939478725430187,True,"The natal angle between Sun and Mercury in the older partner's own chart, 0-180 degrees: identity and vitality against speech and reasoning within one person."
"Sun to Mercury, harmonic 1 (conjunction axis) — older partner's own chart",0.502105075018981,0.4941220203511554,0.4939478725430187,True,cos(1 x separation) between Sun and Mercury natally for the older partner.
"Sun to Mercury, harmonic 2 (opposition/square axis) — older partner's own chart",0.502105075018981,0.4941220203511554,0.4939478725430187,True,cos(2 x separation) between Sun and Mercury natally for the older partner.
"Jupiter(older) to Jupiter(younger), harmonic 3 (trine axis)",0.5021044979057491,0.48913251263403007,0.4894228868076293,True,"cos(3 x separation) between the older partner's Jupiter and the younger partner's Jupiter. Peaks when the trine axis is exact and falls away smoothly with orb, which is what a hard orb window approximates."
Mercury to Venus separation — younger partner's own chart,0.5020988069280443,0.49940514110468587,0.5007927008888664,True,"The natal angle between Mercury and Venus in the younger partner's own chart, 0-180 degrees: speech and reasoning against attraction, affection and what is valued within one person."
"Mercury to Venus, harmonic 1 (conjunction axis) — younger partner's own chart",0.5020988069280443,0.49940514110468587,0.5007927008888664,True,cos(1 x separation) between Mercury and Venus natally for the younger partner.
"Mercury to Venus, harmonic 2 (opposition/square axis) — younger partner's own chart",0.5020988069280443,0.49940514110468587,0.5007927008888664,True,cos(2 x separation) between Mercury and Venus natally for the younger partner.
"Moon to Mercury, harmonic 2 (opposition/square axis) — younger partner's own chart",0.5020693677408413,0.49124733990439606,0.4893365890994707,True,cos(2 x separation) between Moon and Mercury natally for the younger partner.
"Sun(older) to Mercury(younger), harmonic 4 (square axis)",0.5020602814136215,0.4996149981544519,0.5015049300751883,True,"cos(4 x separation) between the older partner's Sun and the younger partner's Mercury. Peaks when the square axis is exact and falls away smoothly with orb, which is what a hard orb window approximates."
"Moon phase, sin — younger partner",0.5020598325477743,0.5028084913441514,0.5036641934059084,False,Sine of the younger partner's Moon phase; separates the waxing half of the cycle from the waning.
Month pillar — younger partner,0.5020412591202567,0.5024798698546802,0.5002239370907914,False,The younger partner's Month pillar: the birth month reduced.
"Venus(older) to Mars(younger), harmonic 4 (square axis)",0.5020384665334505,0.4928232671214462,0.4934799714671375,True,"cos(4 x separation) between the older partner's Venus and the younger partner's Mars. Peaks when the square axis is exact and falls away smoothly with orb, which is what a hard orb window approximates."
Jupiter retrograde — younger partner,0.5020298034226007,0.49489967964930026,0.49822798397994106,True,"1 when Jupiter was apparently moving backwards through the zodiac at the younger partner's birth, 0 otherwise. Retrogradation is read as an inward or frustrated expression of expansion, luck and generosity."
"Sun(older) to Saturn(younger), harmonic 4 (square axis)",0.5020022430595866,0.4969126827890106,0.4944339798864439,True,"cos(4 x separation) between the older partner's Sun and the younger partner's Saturn. Peaks when the square axis is exact and falls away smoothly with orb, which is what a hard orb window approximates."
"Mars(older) to Mars(younger), harmonic 3 (trine axis)",0.5019961929892041,0.5023621990731247,0.5020489333494034,False,"cos(3 x separation) between the older partner's Mars and the younger partner's Mars. Peaks when the trine axis is exact and falls away smoothly with orb, which is what a hard orb window approximates."
"Saturn(older) to Venus(younger), harmonic 4 (square axis)",0.5019952471647405,0.5021047792861146,0.503078315716342,False,"cos(4 x separation) between the older partner's Saturn and the younger partner's Venus. Peaks when the square axis is exact and falls away smoothly with orb, which is what a hard orb window approximates."
"Moon to Jupiter, harmonic 2 (opposition/square axis) — older partner's own chart",0.5019855741057346,0.5026023367829134,0.5031697111794129,False,cos(2 x separation) between Moon and Jupiter natally for the older partner.
Saturn retrograde — older partner,0.5019690911105908,0.49785825278996754,0.49986836868565676,True,"1 when Saturn was apparently moving backwards through the zodiac at the older partner's birth, 0 otherwise. Retrogradation is read as an inward or frustrated expression of duty, limitation and endurance — the classical marriage significator."
MeanNode element of its sign (1 fire .. 4 water) — younger partner,0.5019642850398419,0.5003095963945736,0.4982780512156871,False,"The element of MeanNode's sign as an ordinal: fire, earth, air, water in zodiacal order."
"Mercury(older) to Venus(younger), harmonic 3 (trine axis)",0.5019494179617477,0.5010636395120462,0.4979674522913862,False,"cos(3 x separation) between the older partner's Mercury and the younger partner's Venus. Peaks when the trine axis is exact and falls away smoothly with orb, which is what a hard orb window approximates."
Venus to Mars separation — older partner's own chart,0.5019430921594877,0.5020519988881142,0.5017084761463303,False,"The natal angle between Venus and Mars in the older partner's own chart, 0-180 degrees: attraction, affection and what is valued against desire, drive and conflict within one person."
"Venus to Mars, harmonic 1 (conjunction axis) — older partner's own chart",0.5019430921594877,0.5020519988881142,0.5017084761463303,False,cos(1 x separation) between Venus and Mars natally for the older partner.
MeanNode daily speed — younger partner,0.501941434562038,0.5073155249331274,0.5061653704411051,False,MeanNode's apparent motion in degrees per day at the younger partner's birth. Fast or slow relative to its mean is read as strength or weakness.
Jupiter element of its sign (1 fire .. 4 water) — younger partner,0.501929308771796,0.5024442690034496,0.4995554029465752,False,"The element of Jupiter's sign as an ordinal: fire, earth, air, water in zodiacal order."
Mercury element of its sign (1 fire .. 4 water) — younger partner,0.5019269842879448,0.5091495440812588,0.5125330125146241,False,"The element of Mercury's sign as an ordinal: fire, earth, air, water in zodiacal order."
"Jupiter longitude, cos — younger partner",0.5019199403003294,0.5063936166819323,0.5041302738550352,False,"Cosine of Jupiter's tropical ecliptic longitude in the younger partner's chart. Jupiter signifies expansion, luck and generosity. Cosine and sine together locate it on the zodiac circle without the 359-to-1 degree wrap that would otherwise dominate a monotone model."
MeanNode element of its sign (1 fire .. 4 water) — older partner,0.5019190585995581,0.509342107661531,0.5081569540477449,False,"The element of MeanNode's sign as an ordinal: fire, earth, air, water in zodiacal order."
"Mercury(older) to Sun(younger), harmonic 2 (opposition/square axis)",0.5019182346101102,0.4980874083491686,0.5030393543037978,True,"cos(2 x separation) between the older partner's Mercury and the younger partner's Sun. Peaks when the opposition/square axis is exact and falls away smoothly with orb, which is what a hard orb window approximates."
Lilith element of its sign (1 fire .. 4 water) — younger partner,0.5018993662136073,0.4997771329751603,0.49962622532732137,True,"The element of Lilith's sign as an ordinal: fire, earth, air, water in zodiacal order."
"Mercury(older) to Moon(younger), harmonic 2 (opposition/square axis)",0.5018922452775609,0.503889242049333,0.5020638624887895,False,"cos(2 x separation) between the older partner's Mercury and the younger partner's Moon. Peaks when the opposition/square axis is exact and falls away smoothly with orb, which is what a hard orb window approximates."
Moon phase angle (0-360) — younger partner,0.5018791191577168,0.501580290457377,0.5048421389160062,False,"The Moon's elongation from the Sun at the younger partner's birth: 0 is new moon, 180 full. The lunation cycle is the single most widely read cycle in every tradition here."
"Venus to Saturn, harmonic 2 (opposition/square axis) — younger partner's own chart",0.5018738161283514,0.4903278468149485,0.4919065858259838,True,cos(2 x separation) between Venus and Saturn natally for the younger partner.
Chaldean number — older partner,0.5018661212852575,0.5074957278978524,0.5059512647347875,False,"The older partner's Chaldean number: the same date reduced under the Chaldean rule, which holds 9 sacred and reduces to 1-8."
Saturn(older) to Venus(younger) separation,0.5018629407501122,0.49689805511125695,0.49974802525719086,True,"The angle between the older partner's Saturn and the younger partner's Venus, folded to 0-180 degrees. This is the raw synastry contact: duty, limitation and endurance — the classical marriage significator meeting attraction, affection and what is valued."
"Saturn(older) to Venus(younger), harmonic 1 (conjunction axis)",0.5018629407501122,0.49689805511125695,0.49974802525719086,True,"cos(1 x separation) between the older partner's Saturn and the younger partner's Venus. Peaks when the conjunction axis is exact and falls away smoothly with orb, which is what a hard orb window approximates."
Moon nakshatra 1-27 (tropical) — younger partner,0.501861039482631,0.49862015657539177,0.49361997766455096,True,"Which of the 27 lunar mansions the Moon occupied for the younger partner, as an ordinal. The nakshatra pair is the foundation of ashtakuta marriage matching."
"Moon to Jupiter, harmonic 2 (opposition/square axis) — younger partner's own chart",0.5018547329174787,0.4973848355183712,0.4945971080436382,True,cos(2 x separation) between Moon and Jupiter natally for the younger partner.
Sun(older) to Sun(younger) separation,0.501848176269926,0.5038443792806464,0.5064861648752307,False,"The angle between the older partner's Sun and the younger partner's Sun, folded to 0-180 degrees. This is the raw synastry contact: identity and vitality meeting identity and vitality."
"Sun(older) to Sun(younger), harmonic 1 (conjunction axis)",0.501848176269926,0.5038443792806464,0.5064861648752307,False,"cos(1 x separation) between the older partner's Sun and the younger partner's Sun. Peaks when the conjunction axis is exact and falls away smoothly with orb, which is what a hard orb window approximates."
"Ceres longitude, sin — younger partner",0.5018371950875942,0.5026056633264524,0.5030630224516051,False,Sine of Ceres's tropical ecliptic longitude in the younger partner's chart; the companion projection to the cosine above.
Uranus element of its sign (1 fire .. 4 water) — younger partner,0.501834921902697,0.5100371046311866,0.5139884215420927,False,"The element of Uranus's sign as an ordinal: fire, earth, air, water in zodiacal order."
"Juno longitude, sin — older partner",0.5018096892297186,0.5079315051014596,0.5041888980365269,False,Sine of Juno's tropical ecliptic longitude in the older partner's chart; the companion projection to the cosine above.
Lilith daily speed — younger partner,0.5017590924301923,0.5079590744006526,0.5061468000482102,False,Lilith's apparent motion in degrees per day at the younger partner's birth. Fast or slow relative to its mean is read as strength or weakness.
"Mercury(older) to Mercury(younger), harmonic 2 (opposition/square axis)",0.5017514264427602,0.4959607445077855,0.5030375336770434,True,"cos(2 x separation) between the older partner's Mercury and the younger partner's Mercury. Peaks when the opposition/square axis is exact and falls away smoothly with orb, which is what a hard orb window approximates."
Mercury retrograde — older partner,0.501740592744921,0.4965976978495947,0.49728417107045936,True,"1 when Mercury was apparently moving backwards through the zodiac at the older partner's birth, 0 otherwise. Retrogradation is read as an inward or frustrated expression of speech and reasoning."
"Mars to Jupiter, harmonic 2 (opposition/square axis) — older partner's own chart",0.5017367870037742,0.4887551891800754,0.4967112198308492,True,cos(2 x separation) between Mars and Jupiter natally for the older partner.
TrueNode element of its sign (1 fire .. 4 water) — younger partner,0.5017204546993077,0.49976955711401844,0.49772093942884027,True,"The element of TrueNode's sign as an ordinal: fire, earth, air, water in zodiacal order."
Chiron degree within its sign (0-30) — older partner,0.5017186592359191,0.49196771885694496,0.49713578998997565,True,"How far Chiron had travelled into its sign, 0 to 30 degrees. Early and late degrees are held to differ in strength by most traditions."
"Jupiter(older) to Venus(younger), harmonic 4 (square axis)",0.5017107111042401,0.4926010950252225,0.49002442188728357,True,"cos(4 x separation) between the older partner's Jupiter and the younger partner's Venus. Peaks when the square axis is exact and falls away smoothly with orb, which is what a hard orb window approximates."
"Moon to Mars, harmonic 1 (conjunction axis) — younger partner's own chart",0.5017007975813877,0.4923677698943253,0.4931311393809942,True,cos(1 x separation) between Moon and Mars natally for the younger partner.
Moon to Mars separation — younger partner's own chart,0.5017007975813876,0.4923677698943253,0.4931311393809942,True,"The natal angle between Moon and Mars in the younger partner's own chart, 0-180 degrees: feeling, habit and the domestic against desire, drive and conflict within one person."
"Sun(older) to Jupiter(younger), harmonic 3 (trine axis)",0.501697873541012,0.499592350316933,0.5023507932652832,True,"cos(3 x separation) between the older partner's Sun and the younger partner's Jupiter. Peaks when the trine axis is exact and falls away smoothly with orb, which is what a hard orb window approximates."
"Sun(older) to Saturn(younger), harmonic 3 (trine axis)",0.501690614739027,0.4902095152815942,0.4858748493886517,True,"cos(3 x separation) between the older partner's Sun and the younger partner's Saturn. Peaks when the trine axis is exact and falls away smoothly with orb, which is what a hard orb window approximates."
Jupiter element of its sign (1 fire .. 4 water) — older partner,0.5016782805467845,0.494449320337029,0.4953646842832939,True,"The element of Jupiter's sign as an ordinal: fire, earth, air, water in zodiacal order."
Moon zodiac sign (1 Aries .. 12 Pisces) — younger partner,0.5016745709911764,0.49867539770422925,0.49374414440920117,True,"Which of the twelve 30-degree signs Moon occupied at the younger partner's birth, as an ordinal 1-12. A monotone model can only read a trend across the sign order, not a preference for one sign, so this tests whether the zodiac has a DIRECTION for Moon."
"Saturn(older) to Sun(younger), harmonic 4 (square axis)",0.5016654590144795,0.5026185707710745,0.5019280437329111,False,"cos(4 x separation) between the older partner's Saturn and the younger partner's Sun. Peaks when the square axis is exact and falls away smoothly with orb, which is what a hard orb window approximates."
Mercury(older) to Moon(younger) separation,0.5016567959036298,0.49230863260832913,0.49179661997001795,True,"The angle between the older partner's Mercury and the younger partner's Moon, folded to 0-180 degrees. This is the raw synastry contact: speech and reasoning meeting feeling, habit and the domestic."
"Mercury(older) to Moon(younger), harmonic 1 (conjunction axis)",0.5016567959036298,0.49230863260832913,0.49179661997001795,True,"cos(1 x separation) between the older partner's Mercury and the younger partner's Moon. Peaks when the conjunction axis is exact and falls away smoothly with orb, which is what a hard orb window approximates."
Lilith zodiac sign (1 Aries .. 12 Pisces) — older partner,0.5016546092857173,0.4990532679872589,0.49916578882113327,True,"Which of the twelve 30-degree signs Lilith occupied at the older partner's birth, as an ordinal 1-12. A monotone model can only read a trend across the sign order, not a preference for one sign, so this tests whether the zodiac has a DIRECTION for Lilith."
Chiron zodiac sign (1 Aries .. 12 Pisces) — older partner,0.5016438108559089,0.48107876844978514,0.4919226073414225,True,"Which of the twelve 30-degree signs Chiron occupied at the older partner's birth, as an ordinal 1-12. A monotone model can only read a trend across the sign order, not a preference for one sign, so this tests whether the zodiac has a DIRECTION for Chiron."
"Mars(older) to Mars(younger), harmonic 2 (opposition/square axis)",0.5016373760433719,0.49839846295460866,0.498263122076301,True,"cos(2 x separation) between the older partner's Mars and the younger partner's Mars. Peaks when the opposition/square axis is exact and falls away smoothly with orb, which is what a hard orb window approximates."
Saturn(older) to Mars(younger) separation,0.501637289476387,0.49768038524108327,0.49511380191653737,True,"The angle between the older partner's Saturn and the younger partner's Mars, folded to 0-180 degrees. This is the raw synastry contact: duty, limitation and endurance — the classical marriage significator meeting desire, drive and conflict."
"Saturn(older) to Mars(younger), harmonic 1 (conjunction axis)",0.501637289476387,0.49768038524108327,0.49511380191653737,True,"cos(1 x separation) between the older partner's Saturn and the younger partner's Mars. Peaks when the conjunction axis is exact and falls away smoothly with orb, which is what a hard orb window approximates."
Vesta element of its sign (1 fire .. 4 water) — younger partner,0.5016257119437155,0.5057705846969883,0.506725395230759,False,"The element of Vesta's sign as an ordinal: fire, earth, air, water in zodiacal order."
Venus retrograde — younger partner,0.5016193957600094,0.49955854944474065,0.4982112342138006,True,"1 when Venus was apparently moving backwards through the zodiac at the younger partner's birth, 0 otherwise. Retrogradation is read as an inward or frustrated expression of attraction, affection and what is valued."
"Saturn(older) to Saturn(younger), harmonic 2 (opposition/square axis)",0.5016082959488466,0.5193656896653862,0.4932287249750301,False,"cos(2 x separation) between the older partner's Saturn and the younger partner's Saturn. Peaks when the opposition/square axis is exact and falls away smoothly with orb, which is what a hard orb window approximates."
Sun to Jupiter separation — younger partner's own chart,0.5015997258173509,0.49850244022474677,0.5026963482232686,True,"The natal angle between Sun and Jupiter in the younger partner's own chart, 0-180 degrees: identity and vitality against expansion, luck and generosity within one person."
"Sun to Jupiter, harmonic 1 (conjunction axis) — younger partner's own chart",0.5015997258173509,0.49850244022474677,0.5026963482232686,True,cos(1 x separation) between Sun and Jupiter natally for the younger partner.
"Jupiter(older) to Jupiter(younger), harmonic 4 (square axis)",0.5015959008390963,0.4997892999220769,0.5020223521987891,True,"cos(4 x separation) between the older partner's Jupiter and the younger partner's Jupiter. Peaks when the square axis is exact and falls away smoothly with orb, which is what a hard orb window approximates."
"Moon longitude, cos — older partner",0.5015735088456934,0.5052370731885147,0.5070906129576919,False,"Cosine of Moon's tropical ecliptic longitude in the older partner's chart. Moon signifies feeling, habit and the domestic. Cosine and sine together locate it on the zodiac circle without the 359-to-1 degree wrap that would otherwise dominate a monotone model."
Mercury to Jupiter separation — older partner's own chart,0.5015717262070434,0.5029821095754328,0.5050715378870607,False,"The natal angle between Mercury and Jupiter in the older partner's own chart, 0-180 degrees: speech and reasoning against expansion, luck and generosity within one person."
"Mercury to Jupiter, harmonic 1 (conjunction axis) — older partner's own chart",0.5015717262070434,0.5029821095754328,0.5050715378870607,False,cos(1 x separation) between Mercury and Jupiter natally for the older partner.
Moon to Jupiter separation — older partner's own chart,0.5015371571244446,0.4930461569308307,0.4942333468181088,True,"The natal angle between Moon and Jupiter in the older partner's own chart, 0-180 degrees: feeling, habit and the domestic against expansion, luck and generosity within one person."
"Moon to Jupiter, harmonic 1 (conjunction axis) — older partner's own chart",0.5015371571244446,0.4930461569308307,0.4942333468181088,True,cos(1 x separation) between Moon and Jupiter natally for the older partner.
"Saturn(older) to Venus(younger), harmonic 2 (opposition/square axis)",0.5015370833821983,0.501046824517993,0.5033120841916071,False,"cos(2 x separation) between the older partner's Saturn and the younger partner's Venus. Peaks when the opposition/square axis is exact and falls away smoothly with orb, which is what a hard orb window approximates."
Neptune daily speed — younger partner,0.5015234186233375,0.5017977005837401,0.5005738615529873,False,Neptune's apparent motion in degrees per day at the younger partner's birth. Fast or slow relative to its mean is read as strength or weakness.
Chiron degree within its sign (0-30) — younger partner,0.5015157879039362,0.4983132373648307,0.4979565285308598,True,"How far Chiron had travelled into its sign, 0 to 30 degrees. Early and late degrees are held to differ in strength by most traditions."
Mars to Saturn separation — younger partner's own chart,0.5015110748125413,0.5005509530775084,0.4981531562203352,False,"The natal angle between Mars and Saturn in the younger partner's own chart, 0-180 degrees: desire, drive and conflict against duty, limitation and endurance — the classical marriage significator within one person."
"Mars to Saturn, harmonic 1 (conjunction axis) — younger partner's own chart",0.5015110748125413,0.5005509530775084,0.4981531562203352,False,cos(1 x separation) between Mars and Saturn natally for the younger partner.
Sun to Moon separation — older partner's own chart,0.5014645370427471,0.4930953715475718,0.49209847988589767,True,"The natal angle between Sun and Moon in the older partner's own chart, 0-180 degrees: identity and vitality against feeling, habit and the domestic within one person."
illuminated fraction of the Moon — older partner,0.5014645370427471,0.4930953715475718,0.49209847988589767,True,"The fraction of the Moon's disc lit at the older partner's birth, (1 - cos(phase))/2: 0 at new, 1 at full."
"Sun to Moon, harmonic 1 (conjunction axis) — older partner's own chart",0.501464537042747,0.4930953715475718,0.49209847988589767,True,cos(1 x separation) between Sun and Moon natally for the older partner.
"Moon phase, cos — older partner",0.501464537042747,0.4930953715475718,0.49209847988589767,True,"Cosine of the older partner's Moon phase; +1 at new moon, -1 at full moon, and free of the 360-degree wrap."
"Sun to Moon, harmonic 2 (opposition/square axis) — older partner's own chart",0.501453430819215,0.5046615128026357,0.5049979845661828,False,cos(2 x separation) between Sun and Moon natally for the older partner.
Life Path — older partner,0.5014512602322256,0.5023658446002908,0.5008427681246125,False,"The older partner's Life Path: the digit sum of the whole birth date reduced to one figure, keeping the master numbers 11, 22 and 33 — the single most-read number in the practice."
"Sun to Jupiter, harmonic 2 (opposition/square axis) — younger partner's own chart",0.5014438282962709,0.514771858353042,0.5116097726874672,False,cos(2 x separation) between Sun and Jupiter natally for the younger partner.
"Mercury(older) to Mars(younger), harmonic 3 (trine axis)",0.5014167039743653,0.4905701718410368,0.4868030049080456,True,"cos(3 x separation) between the older partner's Mercury and the younger partner's Mars. Peaks when the trine axis is exact and falls away smoothly with orb, which is what a hard orb window approximates."
"Venus(older) to Mercury(younger), harmonic 2 (opposition/square axis)",0.5014138119958359,0.5050453754209445,0.5131150668880063,False,"cos(2 x separation) between the older partner's Venus and the younger partner's Mercury. Peaks when the opposition/square axis is exact and falls away smoothly with orb, which is what a hard orb window approximates."
Mercury to Venus separation — older partner's own chart,0.5014136677175278,0.5055420215359517,0.5051807754923248,False,"The natal angle between Mercury and Venus in the older partner's own chart, 0-180 degrees: speech and reasoning against attraction, affection and what is valued within one person."
"Mercury to Venus, harmonic 1 (conjunction axis) — older partner's own chart",0.5014136677175278,0.5055420215359517,0.5051807754923248,False,cos(1 x separation) between Mercury and Venus natally for the older partner.
"Mercury to Venus, harmonic 2 (opposition/square axis) — older partner's own chart",0.5014136677175278,0.5055420215359517,0.5051807754923248,False,cos(2 x separation) between Mercury and Venus natally for the older partner.
TrueNode retrograde — older partner,0.5014118946974316,0.4924801888383072,0.4927333324351575,True,"1 when TrueNode was apparently moving backwards through the zodiac at the older partner's birth, 0 otherwise. Retrogradation is read as an inward or frustrated expression of the karmic node of the Moon's orbit (true)."
"Saturn longitude, sin — older partner",0.5014075118430529,0.49650373438689066,0.4917620280616843,True,Sine of Saturn's tropical ecliptic longitude in the older partner's chart; the companion projection to the cosine above.
"Sun(older) to Mars(younger), harmonic 2 (opposition/square axis)",0.5014007948862689,0.49871671747620155,0.5007122291863219,True,"cos(2 x separation) between the older partner's Sun and the younger partner's Mars. Peaks when the opposition/square axis is exact and falls away smoothly with orb, which is what a hard orb window approximates."
Pluto retrograde — younger partner,0.5014005255667606,0.5022844923831267,0.49964024415333025,False,"1 when Pluto was apparently moving backwards through the zodiac at the younger partner's birth, 0 otherwise. Retrogradation is read as an inward or frustrated expression of compulsion and transformation."
"Sun(older) to Mars(younger), harmonic 3 (trine axis)",0.5013921894867424,0.5030640997598509,0.5024480147339682,False,"cos(3 x separation) between the older partner's Sun and the younger partner's Mars. Peaks when the trine axis is exact and falls away smoothly with orb, which is what a hard orb window approximates."
Lilith zodiac sign (1 Aries .. 12 Pisces) — younger partner,0.501368332266967,0.4944516785374145,0.4961868793255816,True,"Which of the twelve 30-degree signs Lilith occupied at the younger partner's birth, as an ordinal 1-12. A monotone model can only read a trend across the sign order, not a preference for one sign, so this tests whether the zodiac has a DIRECTION for Lilith."
Jupiter retrograde — older partner,0.5013636320003105,0.506092245508027,0.5082093880982717,False,"1 when Jupiter was apparently moving backwards through the zodiac at the older partner's birth, 0 otherwise. Retrogradation is read as an inward or frustrated expression of expansion, luck and generosity."
"Moon to Saturn, harmonic 2 (opposition/square axis) — older partner's own chart",0.5013629907633861,0.49945713543589115,0.4918730862937028,True,cos(2 x separation) between Moon and Saturn natally for the older partner.
Mercury(older) to Saturn(younger) separation,0.5013561712086942,0.49823113325768864,0.498388017071653,True,"The angle between the older partner's Mercury and the younger partner's Saturn, folded to 0-180 degrees. This is the raw synastry contact: speech and reasoning meeting duty, limitation and endurance — the classical marriage significator."
"Mercury(older) to Saturn(younger), harmonic 1 (conjunction axis)",0.5013561712086942,0.49823113325768864,0.498388017071653,True,"cos(1 x separation) between the older partner's Mercury and the younger partner's Saturn. Peaks when the conjunction axis is exact and falls away smoothly with orb, which is what a hard orb window approximates."
Mercury(older) to Mars(younger) separation,0.5013500217465885,0.4970837263667309,0.49402980074696673,True,"The angle between the older partner's Mercury and the younger partner's Mars, folded to 0-180 degrees. This is the raw synastry contact: speech and reasoning meeting desire, drive and conflict."
"Mercury(older) to Mars(younger), harmonic 1 (conjunction axis)",0.5013500217465885,0.4970837263667309,0.49402980074696673,True,"cos(1 x separation) between the older partner's Mercury and the younger partner's Mars. Peaks when the conjunction axis is exact and falls away smoothly with orb, which is what a hard orb window approximates."
"Venus(older) to Sun(younger), harmonic 2 (opposition/square axis)",0.5013311116696855,0.508820182094082,0.5143749406020521,False,"cos(2 x separation) between the older partner's Venus and the younger partner's Sun. Peaks when the opposition/square axis is exact and falls away smoothly with orb, which is what a hard orb window approximates."
"Jupiter(older) to Venus(younger), harmonic 3 (trine axis)",0.5013225190948973,0.49821431826363544,0.49764228835305013,True,"cos(3 x separation) between the older partner's Jupiter and the younger partner's Venus. Peaks when the trine axis is exact and falls away smoothly with orb, which is what a hard orb window approximates."
"TrueNode longitude, cos — younger partner",0.5013142663756793,0.5005981398697635,0.49914284892402777,False,Cosine of TrueNode's tropical ecliptic longitude in the younger partner's chart. TrueNode signifies the karmic node of the Moon's orbit (true). Cosine and sine together locate it on the zodiac circle without the 359-to-1 degree wrap that would otherwise dominate a monotone model.
Mars retrograde — younger partner,0.5013077706456344,0.5004024889836726,0.5004067280169333,False,"1 when Mars was apparently moving backwards through the zodiac at the younger partner's birth, 0 otherwise. Retrogradation is read as an inward or frustrated expression of desire, drive and conflict."
Moon to Mars separation — older partner's own chart,0.5012969177106875,0.5000431994969172,0.5051836884951318,False,"The natal angle between Moon and Mars in the older partner's own chart, 0-180 degrees: feeling, habit and the domestic against desire, drive and conflict within one person."
"Moon to Mars, harmonic 1 (conjunction axis) — older partner's own chart",0.5012969177106874,0.5000431994969172,0.5051836884951318,False,cos(1 x separation) between Moon and Mars natally for the older partner.
Mars element of its sign (1 fire .. 4 water) — older partner,0.5012884533832843,0.5008371725291301,0.5037679691309093,False,"The element of Mars's sign as an ordinal: fire, earth, air, water in zodiacal order."
"MeanNode longitude, cos — younger partner",0.5012809284679756,0.5006040866359531,0.4991443054254313,False,Cosine of MeanNode's tropical ecliptic longitude in the younger partner's chart. MeanNode signifies the karmic node of the Moon's orbit (mean). Cosine and sine together locate it on the zodiac circle without the 359-to-1 degree wrap that would otherwise dominate a monotone model.
Moon(older) to Jupiter(younger) separation,0.5012633842257217,0.4963630056460102,0.4950832153870634,True,"The angle between the older partner's Moon and the younger partner's Jupiter, folded to 0-180 degrees. This is the raw synastry contact: feeling, habit and the domestic meeting expansion, luck and generosity."
"Moon(older) to Jupiter(younger), harmonic 1 (conjunction axis)",0.5012633842257217,0.4963630056460102,0.4950832153870634,True,"cos(1 x separation) between the older partner's Moon and the younger partner's Jupiter. Peaks when the conjunction axis is exact and falls away smoothly with orb, which is what a hard orb window approximates."
"Sun to Jupiter, harmonic 2 (opposition/square axis) — older partner's own chart",0.5012604505667921,0.49820968160877116,0.49718166978418654,True,cos(2 x separation) between Sun and Jupiter natally for the older partner.
"Mercury to Jupiter, harmonic 2 (opposition/square axis) — younger partner's own chart",0.5012545415685331,0.5115456807338447,0.5078101246510315,False,cos(2 x separation) between Mercury and Jupiter natally for the younger partner.
"Mars(older) to Venus(younger), harmonic 3 (trine axis)",0.5012535989502541,0.5059639799131453,0.5036492642665222,False,"cos(3 x separation) between the older partner's Mars and the younger partner's Venus. Peaks when the trine axis is exact and falls away smoothly with orb, which is what a hard orb window approximates."
Jupiter daily speed — younger partner,0.5012445126230342,0.4973007833326498,0.5011083975680796,True,Jupiter's apparent motion in degrees per day at the younger partner's birth. Fast or slow relative to its mean is read as strength or weakness.
"Mercury(older) to Jupiter(younger), harmonic 2 (opposition/square axis)",0.5012414988094891,0.49771235195742025,0.4942963405038111,True,"cos(2 x separation) between the older partner's Mercury and the younger partner's Jupiter. Peaks when the opposition/square axis is exact and falls away smoothly with orb, which is what a hard orb window approximates."
MeanNode degree within its sign (0-30) — older partner,0.5012391807380072,0.49993663618094575,0.5050638912546922,True,"How far MeanNode had travelled into its sign, 0 to 30 degrees. Early and late degrees are held to differ in strength by most traditions."
Venus degree within its sign (0-30) — younger partner,0.5012282893288449,0.49376480425797575,0.49270838984862214,True,"How far Venus had travelled into its sign, 0 to 30 degrees. Early and late degrees are held to differ in strength by most traditions."
Pallas degree within its sign (0-30) — younger partner,0.5012149900750311,0.5072789557387433,0.508903228954374,False,"How far Pallas had travelled into its sign, 0 to 30 degrees. Early and late degrees are held to differ in strength by most traditions."
Life Path — younger partner,0.5012077729534461,0.5047074464449275,0.5011025715624655,False,"The younger partner's Life Path: the digit sum of the whole birth date reduced to one figure, keeping the master numbers 11, 22 and 33 — the single most-read number in the practice."
"Mercury(older) to Jupiter(younger), harmonic 3 (trine axis)",0.5011861536505371,0.5054387278021573,0.5076029373263805,False,"cos(3 x separation) between the older partner's Mercury and the younger partner's Jupiter. Peaks when the trine axis is exact and falls away smoothly with orb, which is what a hard orb window approximates."
Mercury to Jupiter separation — younger partner's own chart,0.5011856919599516,0.49731190219050614,0.4997214441065766,True,"The natal angle between Mercury and Jupiter in the younger partner's own chart, 0-180 degrees: speech and reasoning against expansion, luck and generosity within one person."
"Mercury to Jupiter, harmonic 1 (conjunction axis) — younger partner's own chart",0.5011856919599516,0.49731190219050614,0.4997214441065766,True,cos(1 x separation) between Mercury and Jupiter natally for the younger partner.
Chiron retrograde — younger partner,0.5011816008683734,0.49869171143829716,0.49568748140684926,True,"1 when Chiron was apparently moving backwards through the zodiac at the younger partner's birth, 0 otherwise. Retrogradation is read as an inward or frustrated expression of the wound and its healing."
Jupiter(older) to Jupiter(younger) separation,0.5011788339310441,0.4874226009013566,0.512306708609052,True,"The angle between the older partner's Jupiter and the younger partner's Jupiter, folded to 0-180 degrees. This is the raw synastry contact: expansion, luck and generosity meeting expansion, luck and generosity."
"Jupiter(older) to Jupiter(younger), harmonic 1 (conjunction axis)",0.5011788339310441,0.4874226009013566,0.512306708609052,True,"cos(1 x separation) between the older partner's Jupiter and the younger partner's Jupiter. Peaks when the conjunction axis is exact and falls away smoothly with orb, which is what a hard orb window approximates."
Sun degree within its sign (0-30) — older partner,0.5011441814876452,0.489647750937584,0.4905742511671128,True,"How far Sun had travelled into its sign, 0 to 30 degrees. Early and late degrees are held to differ in strength by most traditions."
"Sun(older) to Jupiter(younger), harmonic 2 (opposition/square axis)",0.5011392471695113,0.4933295852757158,0.4909860769389584,True,"cos(2 x separation) between the older partner's Sun and the younger partner's Jupiter. Peaks when the opposition/square axis is exact and falls away smoothly with orb, which is what a hard orb window approximates."
Chiron zodiac sign (1 Aries .. 12 Pisces) — younger partner,0.5011339120782996,0.4869980450860572,0.4846022312873251,True,"Which of the twelve 30-degree signs Chiron occupied at the younger partner's birth, as an ordinal 1-12. A monotone model can only read a trend across the sign order, not a preference for one sign, so this tests whether the zodiac has a DIRECTION for Chiron."
Sun to Mars separation — older partner's own chart,0.5011201479277156,0.5010729014295023,0.5016946393829969,False,"The natal angle between Sun and Mars in the older partner's own chart, 0-180 degrees: identity and vitality against desire, drive and conflict within one person."
"Sun to Mars, harmonic 1 (conjunction axis) — older partner's own chart",0.5011201479277156,0.5010729014295023,0.5016946393829969,False,cos(1 x separation) between Sun and Mars natally for the older partner.
"Venus(older) to Venus(younger), harmonic 2 (opposition/square axis)",0.5011189167528206,0.5027106203320164,0.5045439202536351,False,"cos(2 x separation) between the older partner's Venus and the younger partner's Venus. Peaks when the opposition/square axis is exact and falls away smoothly with orb, which is what a hard orb window approximates."
"Moon(older) to Jupiter(younger), harmonic 3 (trine axis)",0.5011024465824153,0.49998344702821185,0.5016560420958036,True,"cos(3 x separation) between the older partner's Moon and the younger partner's Jupiter. Peaks when the trine axis is exact and falls away smoothly with orb, which is what a hard orb window approximates."
Jupiter to Saturn separation — younger partner's own chart,0.5010844470619451,0.4968841679312089,0.4995197186621889,True,"The natal angle between Jupiter and Saturn in the younger partner's own chart, 0-180 degrees: expansion, luck and generosity against duty, limitation and endurance — the classical marriage significator within one person."
"Jupiter to Saturn, harmonic 1 (conjunction axis) — younger partner's own chart",0.5010844470619451,0.4968841679312089,0.4995197186621889,True,cos(1 x separation) between Jupiter and Saturn natally for the younger partner.
"Juno longitude, cos — younger partner",0.5010797788571348,0.499494046398447,0.4998041005612264,True,"Cosine of Juno's tropical ecliptic longitude in the younger partner's chart. Juno signifies the marriage asteroid, partnership and its bargains. Cosine and sine together locate it on the zodiac circle without the 359-to-1 degree wrap that would otherwise dominate a monotone model."
Moon to Saturn separation — younger partner's own chart,0.5010596953166601,0.5054705919880427,0.5030713973346752,False,"The natal angle between Moon and Saturn in the younger partner's own chart, 0-180 degrees: feeling, habit and the domestic against duty, limitation and endurance — the classical marriage significator within one person."
"Moon to Saturn, harmonic 1 (conjunction axis) — younger partner's own chart",0.5010596953166601,0.5054705919880427,0.5030713973346752,False,cos(1 x separation) between Moon and Saturn natally for the younger partner.
both born within 30 degrees of the same Moon phase,0.5010434111049629,0.4975414336946962,0.49712668685620365,True,"1 when the partners' lunation phases differ by less than 30 degrees, a commonly cited compatibility claim."
Saturn degree within its sign (0-30) — younger partner,0.501015950133672,0.4976496147133476,0.5011138594483429,True,"How far Saturn had travelled into its sign, 0 to 30 degrees. Early and late degrees are held to differ in strength by most traditions."
Sun element of its sign (1 fire .. 4 water) — younger partner,0.5010086496512867,0.4916998181793326,0.4900872335103104,True,"The element of Sun's sign as an ordinal: fire, earth, air, water in zodiacal order."
"Saturn longitude, sin — younger partner",0.5010081334555625,0.4894710567927563,0.4888133409702557,True,Sine of Saturn's tropical ecliptic longitude in the younger partner's chart; the companion projection to the cosine above.
Saturn element of its sign (1 fire .. 4 water) — younger partner,0.5010019423130566,0.5034884960833368,0.5042149329991148,False,"The element of Saturn's sign as an ordinal: fire, earth, air, water in zodiacal order."
TrueNode daily speed — older partner,0.5009864243794842,0.49108363295009727,0.49202674719177425,True,TrueNode's apparent motion in degrees per day at the older partner's birth. Fast or slow relative to its mean is read as strength or weakness.
"Mars(older) to Jupiter(younger), harmonic 3 (trine axis)",0.5009796881855925,0.4917190825119505,0.4920460458353709,True,"cos(3 x separation) between the older partner's Mars and the younger partner's Jupiter. Peaks when the trine axis is exact and falls away smoothly with orb, which is what a hard orb window approximates."
"Lilith longitude, sin — older partner",0.5009774855367569,0.5050061290425478,0.5028460037424803,False,Sine of Lilith's tropical ecliptic longitude in the older partner's chart; the companion projection to the cosine above.
Jupiter(older) to Moon(younger) separation,0.5009641766643893,0.5081561037517032,0.5104503975702643,False,"The angle between the older partner's Jupiter and the younger partner's Moon, folded to 0-180 degrees. This is the raw synastry contact: expansion, luck and generosity meeting feeling, habit and the domestic."
"Jupiter(older) to Moon(younger), harmonic 1 (conjunction axis)",0.5009641766643893,0.5081561037517032,0.5104503975702643,False,"cos(1 x separation) between the older partner's Jupiter and the younger partner's Moon. Peaks when the conjunction axis is exact and falls away smoothly with orb, which is what a hard orb window approximates."
"Saturn(older) to Jupiter(younger), harmonic 3 (trine axis)",0.5009533205232578,0.49344596873049074,0.4962637097746173,True,"cos(3 x separation) between the older partner's Saturn and the younger partner's Jupiter. Peaks when the trine axis is exact and falls away smoothly with orb, which is what a hard orb window approximates."
Moon(older) to Moon(younger) separation,0.5009438783095448,0.4982701631829098,0.5011051204399217,True,"The angle between the older partner's Moon and the younger partner's Moon, folded to 0-180 degrees. This is the raw synastry contact: feeling, habit and the domestic meeting feeling, habit and the domestic."
"Moon(older) to Moon(younger), harmonic 1 (conjunction axis)",0.5009438783095448,0.4982701631829098,0.5011051204399217,True,"cos(1 x separation) between the older partner's Moon and the younger partner's Moon. Peaks when the conjunction axis is exact and falls away smoothly with orb, which is what a hard orb window approximates."
"Sun to Mars, harmonic 2 (opposition/square axis) — younger partner's own chart",0.500942900423235,0.500815937333388,0.5011604674932555,False,cos(2 x separation) between Sun and Mars natally for the younger partner.
TrueNode element of its sign (1 fire .. 4 water) — older partner,0.5009312010555478,0.5100200276148683,0.5082099342862979,False,"The element of TrueNode's sign as an ordinal: fire, earth, air, water in zodiacal order."
Mercury(older) to Mercury(younger) separation,0.5009094567114386,0.5053820170701809,0.5062436573915443,False,"The angle between the older partner's Mercury and the younger partner's Mercury, folded to 0-180 degrees. This is the raw synastry contact: speech and reasoning meeting speech and reasoning."
"Mercury(older) to Mercury(younger), harmonic 1 (conjunction axis)",0.5009094567114386,0.5053820170701809,0.5062436573915443,False,"cos(1 x separation) between the older partner's Mercury and the younger partner's Mercury. Peaks when the conjunction axis is exact and falls away smoothly with orb, which is what a hard orb window approximates."
Mars retrograde — older partner,0.5009048750736131,0.5005822590420466,0.5014768924231705,False,"1 when Mars was apparently moving backwards through the zodiac at the older partner's birth, 0 otherwise. Retrogradation is read as an inward or frustrated expression of desire, drive and conflict."
Moon element of its sign (1 fire .. 4 water) — younger partner,0.5009034130534253,0.5043576353288037,0.501911840154797,False,"The element of Moon's sign as an ordinal: fire, earth, air, water in zodiacal order."
older partner's Personal Year in the younger's birth year,0.5009001459512952,0.5075355438898687,0.5019120222174724,False,"The numerologist's question 'what personal year were you in when they were born': the older partner's birth month and day added to the younger partner's birth year, reduced."
Jupiter(older) to Mars(younger) separation,0.5008987191991382,0.5010695179246014,0.5000859335828077,False,"The angle between the older partner's Jupiter and the younger partner's Mars, folded to 0-180 degrees. This is the raw synastry contact: expansion, luck and generosity meeting desire, drive and conflict."
"Jupiter(older) to Mars(younger), harmonic 1 (conjunction axis)",0.5008987191991382,0.5010695179246014,0.5000859335828077,False,"cos(1 x separation) between the older partner's Jupiter and the younger partner's Mars. Peaks when the conjunction axis is exact and falls away smoothly with orb, which is what a hard orb window approximates."
"Mercury(older) to Jupiter(younger), harmonic 4 (square axis)",0.5008981484982754,0.5067060041832424,0.5042577177278432,False,"cos(4 x separation) between the older partner's Mercury and the younger partner's Jupiter. Peaks when the square axis is exact and falls away smoothly with orb, which is what a hard orb window approximates."
Lilith daily speed — older partner,0.5008937464067889,0.5029370873149326,0.5033699801223971,False,Lilith's apparent motion in degrees per day at the older partner's birth. Fast or slow relative to its mean is read as strength or weakness.
Sun to Venus separation — older partner's own chart,0.5008728613201585,0.5064867143319344,0.5081316473358587,False,"The natal angle between Sun and Venus in the older partner's own chart, 0-180 degrees: identity and vitality against attraction, affection and what is valued within one person."
"Sun to Venus, harmonic 1 (conjunction axis) — older partner's own chart",0.5008728613201584,0.5064867143319344,0.5081316473358587,False,cos(1 x separation) between Sun and Venus natally for the older partner.
"Sun to Venus, harmonic 2 (opposition/square axis) — older partner's own chart",0.5008728613201584,0.5064867143319344,0.5081316473358587,False,cos(2 x separation) between Sun and Venus natally for the older partner.
"Moon to Venus, harmonic 2 (opposition/square axis) — older partner's own chart",0.5008684431977488,0.4877490692513454,0.48657724719049983,True,cos(2 x separation) between Moon and Venus natally for the older partner.
Venus(older) to Mars(younger) separation,0.5008568143661233,0.4947687710472232,0.49115138984825807,True,"The angle between the older partner's Venus and the younger partner's Mars, folded to 0-180 degrees. This is the raw synastry contact: attraction, affection and what is valued meeting desire, drive and conflict."
"Venus(older) to Mars(younger), harmonic 1 (conjunction axis)",0.5008568143661233,0.4947687710472232,0.49115138984825807,True,"cos(1 x separation) between the older partner's Venus and the younger partner's Mars. Peaks when the conjunction axis is exact and falls away smoothly with orb, which is what a hard orb window approximates."
"Mars(older) to Saturn(younger), harmonic 4 (square axis)",0.5008541211710404,0.4985308183752797,0.4980781463980538,True,"cos(4 x separation) between the older partner's Mars and the younger partner's Saturn. Peaks when the square axis is exact and falls away smoothly with orb, which is what a hard orb window approximates."
Venus(older) to Jupiter(younger) separation,0.5008528579342992,0.49738771776328683,0.4952339632823279,True,"The angle between the older partner's Venus and the younger partner's Jupiter, folded to 0-180 degrees. This is the raw synastry contact: attraction, affection and what is valued meeting expansion, luck and generosity."
"Venus(older) to Jupiter(younger), harmonic 1 (conjunction axis)",0.5008528579342992,0.49738771776328683,0.4952339632823279,True,"cos(1 x separation) between the older partner's Venus and the younger partner's Jupiter. Peaks when the conjunction axis is exact and falls away smoothly with orb, which is what a hard orb window approximates."
Vesta retrograde — older partner,0.5008526655632219,0.502518831426267,0.5003195199953975,False,"1 when Vesta was apparently moving backwards through the zodiac at the older partner's birth, 0 otherwise. Retrogradation is read as an inward or frustrated expression of devotion and what is kept sacred."
Lilith degree within its sign (0-30) — older partner,0.5008524507488522,0.49774296299334236,0.5034107621616957,True,"How far Lilith had travelled into its sign, 0 to 30 degrees. Early and late degrees are held to differ in strength by most traditions."
"Venus(older) to Sun(younger), harmonic 3 (trine axis)",0.5008443038337267,0.5005264255150447,0.4983960278293723,False,"cos(3 x separation) between the older partner's Venus and the younger partner's Sun. Peaks when the trine axis is exact and falls away smoothly with orb, which is what a hard orb window approximates."
Venus element of its sign (1 fire .. 4 water) — older partner,0.5008246595405452,0.49289647386384866,0.4933587177252944,True,"The element of Venus's sign as an ordinal: fire, earth, air, water in zodiacal order."
"Venus to Jupiter, harmonic 2 (opposition/square axis) — older partner's own chart",0.50081706088299,0.49896510319120335,0.49929286856859045,True,cos(2 x separation) between Venus and Jupiter natally for the older partner.
nakshatra distance between the partners (0-26),0.5007972883424237,0.4978978637210807,0.5011502719834309,True,The count of lunar mansions between the two Moons. Ashtakuta scores several of its eight kutas directly from this distance.
Moon phase angle (0-360) — older partner,0.5007902443548082,0.49691782070386015,0.49659724859602367,True,"The Moon's elongation from the Sun at the older partner's birth: 0 is new moon, 180 full. The lunation cycle is the single most widely read cycle in every tradition here."
Juno degree within its sign (0-30) — older partner,0.5007877884173875,0.50256034486687,0.5042959508896857,False,"How far Juno had travelled into its sign, 0 to 30 degrees. Early and late degrees are held to differ in strength by most traditions."
"Mercury(older) to Mercury(younger), harmonic 3 (trine axis)",0.500786230211661,0.49616188646917025,0.4979324962577017,True,"cos(3 x separation) between the older partner's Mercury and the younger partner's Mercury. Peaks when the trine axis is exact and falls away smoothly with orb, which is what a hard orb window approximates."
"Moon nakshatra cycle, cos — older partner",0.5007706160925498,0.5064541324328882,0.5078013856426102,False,"Cosine of the older partner's position around the 27-nakshatra wheel, wrap-free."
"Jupiter(older) to Saturn(younger), harmonic 3 (trine axis)",0.500768721237438,0.5048872506801186,0.5066591244168988,False,"cos(3 x separation) between the older partner's Jupiter and the younger partner's Saturn. Peaks when the trine axis is exact and falls away smoothly with orb, which is what a hard orb window approximates."
birth month — younger partner,0.5007510551601685,0.4994589581994741,0.49745967948958364,True,"The raw calendar month of the younger partner's birth, 1-12."
Uranus daily speed — older partner,0.5007328344129593,0.5009510952530679,0.506636912770495,False,Uranus's apparent motion in degrees per day at the older partner's birth. Fast or slow relative to its mean is read as strength or weakness.
"Sun to Saturn, harmonic 2 (opposition/square axis) — older partner's own chart",0.5007247676524493,0.49922956340255276,0.4998834798877183,True,cos(2 x separation) between Sun and Saturn natally for the older partner.
Moon to Mercury separation — younger partner's own chart,0.500721891704843,0.5099899975848382,0.5091603014520955,False,"The natal angle between Moon and Mercury in the younger partner's own chart, 0-180 degrees: feeling, habit and the domestic against speech and reasoning within one person."
"Moon to Mercury, harmonic 1 (conjunction axis) — younger partner's own chart",0.500721891704843,0.5099899975848382,0.5091603014520955,False,cos(1 x separation) between Moon and Mercury natally for the younger partner.
"Saturn(older) to Moon(younger), harmonic 2 (opposition/square axis)",0.5007210132102565,0.4993286192110168,0.4964683482218121,True,"cos(2 x separation) between the older partner's Saturn and the younger partner's Moon. Peaks when the opposition/square axis is exact and falls away smoothly with orb, which is what a hard orb window approximates."
Chiron element of its sign (1 fire .. 4 water) — older partner,0.5007184995615126,0.4958206765187038,0.4934195266588914,True,"The element of Chiron's sign as an ordinal: fire, earth, air, water in zodiacal order."
Moon degree within its sign (0-30) — older partner,0.5007178294689265,0.49370476698246046,0.49833594714647705,True,"How far Moon had travelled into its sign, 0 to 30 degrees. Early and late degrees are held to differ in strength by most traditions."
Chaldean number — younger partner,0.5007127348415614,0.5004731666416037,0.49748371176274175,False,"The younger partner's Chaldean number: the same date reduced under the Chaldean rule, which holds 9 sacred and reduces to 1-8."
"Moon to Mercury, harmonic 2 (opposition/square axis) — older partner's own chart",0.5006903268172355,0.5061130250128733,0.5056825402258378,False,cos(2 x separation) between Moon and Mercury natally for the older partner.
Neptune degree within its sign (0-30) — younger partner,0.5006634108973304,0.49013397312335094,0.4883749340477958,True,"How far Neptune had travelled into its sign, 0 to 30 degrees. Early and late degrees are held to differ in strength by most traditions."
Moon degree within its sign (0-30) — younger partner,0.500654888858604,0.49667261343285624,0.4973611835821705,True,"How far Moon had travelled into its sign, 0 to 30 degrees. Early and late degrees are held to differ in strength by most traditions."
"Mars(older) to Mercury(younger), harmonic 3 (trine axis)",0.5006531831683849,0.49374861583890417,0.48638644550663857,True,"cos(3 x separation) between the older partner's Mars and the younger partner's Mercury. Peaks when the trine axis is exact and falls away smoothly with orb, which is what a hard orb window approximates."
"Saturn longitude, cos — younger partner",0.5006436800371641,0.4792262824281034,0.472834064072225,True,"Cosine of Saturn's tropical ecliptic longitude in the younger partner's chart. Saturn signifies duty, limitation and endurance — the classical marriage significator. Cosine and sine together locate it on the zodiac circle without the 359-to-1 degree wrap that would otherwise dominate a monotone model."
Jupiter(older) to Saturn(younger) separation,0.5006308617110437,0.48833343586378486,0.4965469992976022,True,"The angle between the older partner's Jupiter and the younger partner's Saturn, folded to 0-180 degrees. This is the raw synastry contact: expansion, luck and generosity meeting duty, limitation and endurance — the classical marriage significator."
"Jupiter(older) to Saturn(younger), harmonic 1 (conjunction axis)",0.5006308617110437,0.48833343586378486,0.4965469992976022,True,"cos(1 x separation) between the older partner's Jupiter and the younger partner's Saturn. Peaks when the conjunction axis is exact and falls away smoothly with orb, which is what a hard orb window approximates."
Venus retrograde — older partner,0.5006297844330105,0.4963175618714314,0.49469141650951626,True,"1 when Venus was apparently moving backwards through the zodiac at the older partner's birth, 0 otherwise. Retrogradation is read as an inward or frustrated expression of attraction, affection and what is valued."
Moon daily speed — younger partner,0.5006170109934749,0.4951593551062443,0.4979084639845436,True,Moon's apparent motion in degrees per day at the younger partner's birth. Fast or slow relative to its mean is read as strength or weakness.
Saturn(older) to Mercury(younger) separation,0.5006132725822051,0.4996492661098124,0.4968732556119909,True,"The angle between the older partner's Saturn and the younger partner's Mercury, folded to 0-180 degrees. This is the raw synastry contact: duty, limitation and endurance — the classical marriage significator meeting speech and reasoning."
"Saturn(older) to Mercury(younger), harmonic 1 (conjunction axis)",0.5006132725822051,0.4996492661098124,0.4968732556119909,True,"cos(1 x separation) between the older partner's Saturn and the younger partner's Mercury. Peaks when the conjunction axis is exact and falls away smoothly with orb, which is what a hard orb window approximates."
Mars zodiac sign (1 Aries .. 12 Pisces) — younger partner,0.5006082164290556,0.500547148058529,0.5004955746025481,False,"Which of the twelve 30-degree signs Mars occupied at the younger partner's birth, as an ordinal 1-12. A monotone model can only read a trend across the sign order, not a preference for one sign, so this tests whether the zodiac has a DIRECTION for Mars."
Vesta retrograde — younger partner,0.5005982644319876,0.49970995274485414,0.49713105636041416,True,"1 when Vesta was apparently moving backwards through the zodiac at the younger partner's birth, 0 otherwise. Retrogradation is read as an inward or frustrated expression of devotion and what is kept sacred."
Life Path is a master number (11/22/33) — older partner,0.5005860232190993,0.4971883871732127,0.4966606064070769,True,"1 when the older partner's Life Path is 11, 22 or 33, which numerology treats as a distinct and more demanding class rather than a larger number."
Venus(older) to Saturn(younger) separation,0.5005749137893827,0.49671858125196516,0.4961071358737388,True,"The angle between the older partner's Venus and the younger partner's Saturn, folded to 0-180 degrees. This is the raw synastry contact: attraction, affection and what is valued meeting duty, limitation and endurance — the classical marriage significator."
"Venus(older) to Saturn(younger), harmonic 1 (conjunction axis)",0.5005749137893826,0.49671858125196516,0.4961071358737388,True,"cos(1 x separation) between the older partner's Venus and the younger partner's Saturn. Peaks when the conjunction axis is exact and falls away smoothly with orb, which is what a hard orb window approximates."
"Lilith longitude, sin — younger partner",0.500548757735233,0.5013135517915488,0.4993292811036785,False,Sine of Lilith's tropical ecliptic longitude in the younger partner's chart; the companion projection to the cosine above.
"Jupiter(older) to Sun(younger), harmonic 3 (trine axis)",0.5005299823180842,0.4989562286110086,0.4964690764725138,True,"cos(3 x separation) between the older partner's Jupiter and the younger partner's Sun. Peaks when the trine axis is exact and falls away smoothly with orb, which is what a hard orb window approximates."
"Jupiter(older) to Sun(younger), harmonic 2 (opposition/square axis)",0.5005245253918569,0.4903276075772282,0.4935469705316995,True,"cos(2 x separation) between the older partner's Jupiter and the younger partner's Sun. Peaks when the opposition/square axis is exact and falls away smoothly with orb, which is what a hard orb window approximates."
Ceres zodiac sign (1 Aries .. 12 Pisces) — younger partner,0.5005104983341337,0.5106417722730318,0.5089511114380147,False,"Which of the twelve 30-degree signs Ceres occupied at the younger partner's birth, as an ordinal 1-12. A monotone model can only read a trend across the sign order, not a preference for one sign, so this tests whether the zodiac has a DIRECTION for Ceres."
Sun to Mars separation — younger partner's own chart,0.50050242195507,0.49846685076578856,0.5011826791396592,True,"The natal angle between Sun and Mars in the younger partner's own chart, 0-180 degrees: identity and vitality against desire, drive and conflict within one person."
"Sun to Mars, harmonic 1 (conjunction axis) — younger partner's own chart",0.50050242195507,0.49846685076578856,0.5011826791396592,True,cos(1 x separation) between Sun and Mars natally for the younger partner.
Juno daily speed — older partner,0.5005013799450677,0.5015946902896827,0.5059356073446997,False,Juno's apparent motion in degrees per day at the older partner's birth. Fast or slow relative to its mean is read as strength or weakness.
"Sun to Mars, harmonic 2 (opposition/square axis) — older partner's own chart",0.5004987893478927,0.5007006703213076,0.5028693077649367,False,cos(2 x separation) between Sun and Mars natally for the older partner.
"Venus(older) to Mercury(younger), harmonic 3 (trine axis)",0.5004804788275142,0.49758389269390785,0.4960510605697032,True,"cos(3 x separation) between the older partner's Venus and the younger partner's Mercury. Peaks when the trine axis is exact and falls away smoothly with orb, which is what a hard orb window approximates."
Pluto daily speed — younger partner,0.5004760607051045,0.4982703796360852,0.4993536775021875,True,Pluto's apparent motion in degrees per day at the younger partner's birth. Fast or slow relative to its mean is read as strength or weakness.
"Mars longitude, sin — younger partner",0.5004705717170309,0.5043165320100069,0.5039409286725773,False,Sine of Mars's tropical ecliptic longitude in the younger partner's chart; the companion projection to the cosine above.
"Saturn(older) to Jupiter(younger), harmonic 4 (square axis)",0.5004685133465033,0.49659089666297557,0.49273970462879785,True,"cos(4 x separation) between the older partner's Saturn and the younger partner's Jupiter. Peaks when the square axis is exact and falls away smoothly with orb, which is what a hard orb window approximates."
"Mercury to Mars, harmonic 2 (opposition/square axis) — younger partner's own chart",0.5004624408328285,0.501618249508993,0.5035240051458194,False,cos(2 x separation) between Mercury and Mars natally for the younger partner.
"Venus(older) to Jupiter(younger), harmonic 2 (opposition/square axis)",0.500458811431836,0.4960251108468104,0.4947715240867099,True,"cos(2 x separation) between the older partner's Venus and the younger partner's Jupiter. Peaks when the opposition/square axis is exact and falls away smoothly with orb, which is what a hard orb window approximates."
"Jupiter(older) to Moon(younger), harmonic 3 (trine axis)",0.5004523605883756,0.5011943316609477,0.4984495542559517,False,"cos(3 x separation) between the older partner's Jupiter and the younger partner's Moon. Peaks when the trine axis is exact and falls away smoothly with orb, which is what a hard orb window approximates."
Moon daily speed — older partner,0.5004467144972556,0.48564436971113756,0.4847522509318878,True,Moon's apparent motion in degrees per day at the older partner's birth. Fast or slow relative to its mean is read as strength or weakness.
"Vesta longitude, cos — older partner",0.5004441303124499,0.5018522695685063,0.5037319207211721,False,Cosine of Vesta's tropical ecliptic longitude in the older partner's chart. Vesta signifies devotion and what is kept sacred. Cosine and sine together locate it on the zodiac circle without the 359-to-1 degree wrap that would otherwise dominate a monotone model.
Moon element of its sign (1 fire .. 4 water) — older partner,0.5004426201994927,0.5047193058004894,0.5051310723819297,False,"The element of Moon's sign as an ordinal: fire, earth, air, water in zodiacal order."
Ceres zodiac sign (1 Aries .. 12 Pisces) — older partner,0.5004292247601404,0.49907481077435556,0.49745640236142574,True,"Which of the twelve 30-degree signs Ceres occupied at the older partner's birth, as an ordinal 1-12. A monotone model can only read a trend across the sign order, not a preference for one sign, so this tests whether the zodiac has a DIRECTION for Ceres."
Sun(older) to Jupiter(younger) separation,0.5004284232139847,0.5047237715712678,0.5056191824147847,False,"The angle between the older partner's Sun and the younger partner's Jupiter, folded to 0-180 degrees. This is the raw synastry contact: identity and vitality meeting expansion, luck and generosity."
"Sun(older) to Jupiter(younger), harmonic 1 (conjunction axis)",0.5004284232139847,0.5047237715712678,0.5056191824147847,False,"cos(1 x separation) between the older partner's Sun and the younger partner's Jupiter. Peaks when the conjunction axis is exact and falls away smoothly with orb, which is what a hard orb window approximates."
"Mars(older) to Moon(younger), harmonic 2 (opposition/square axis)",0.5004219916076322,0.49349126440552843,0.49136003367431247,True,"cos(2 x separation) between the older partner's Mars and the younger partner's Moon. Peaks when the opposition/square axis is exact and falls away smoothly with orb, which is what a hard orb window approximates."
Mars(older) to Saturn(younger) separation,0.5004103467450837,0.5026426084658254,0.5062968196927728,False,"The angle between the older partner's Mars and the younger partner's Saturn, folded to 0-180 degrees. This is the raw synastry contact: desire, drive and conflict meeting duty, limitation and endurance — the classical marriage significator."
"Mars(older) to Saturn(younger), harmonic 1 (conjunction axis)",0.5004103467450836,0.5026426084658254,0.5062968196927728,False,"cos(1 x separation) between the older partner's Mars and the younger partner's Saturn. Peaks when the conjunction axis is exact and falls away smoothly with orb, which is what a hard orb window approximates."
"Mars(older) to Moon(younger), harmonic 4 (square axis)",0.5003848575773354,0.49627979648844595,0.4970604160423434,True,"cos(4 x separation) between the older partner's Mars and the younger partner's Moon. Peaks when the square axis is exact and falls away smoothly with orb, which is what a hard orb window approximates."
Mercury to Mars separation — younger partner's own chart,0.5003785093317831,0.4978296126171695,0.49997523947614014,True,"The natal angle between Mercury and Mars in the younger partner's own chart, 0-180 degrees: speech and reasoning against desire, drive and conflict within one person."
"Mercury to Mars, harmonic 1 (conjunction axis) — younger partner's own chart",0.5003785093317831,0.4978296126171695,0.49997523947614014,True,cos(1 x separation) between Mercury and Mars natally for the younger partner.
Sun(older) to Mars(younger) separation,0.5003750979513448,0.49748143059599814,0.4953898089325046,True,"The angle between the older partner's Sun and the younger partner's Mars, folded to 0-180 degrees. This is the raw synastry contact: identity and vitality meeting desire, drive and conflict."
"Sun(older) to Mars(younger), harmonic 1 (conjunction axis)",0.5003750979513448,0.49748143059599814,0.4953898089325046,True,"cos(1 x separation) between the older partner's Sun and the younger partner's Mars. Peaks when the conjunction axis is exact and falls away smoothly with orb, which is what a hard orb window approximates."
"Saturn(older) to Moon(younger), harmonic 4 (square axis)",0.5003745977865437,0.49881464544969856,0.49798165318007054,True,"cos(4 x separation) between the older partner's Saturn and the younger partner's Moon. Peaks when the square axis is exact and falls away smoothly with orb, which is what a hard orb window approximates."
relationship number (Life Paths summed and reduced),0.5003711928184748,0.5005729743400457,0.4969289667906756,False,The two Life Paths added and reduced to a single figure — the number a numerologist assigns to the couple itself.
Mars to Jupiter separation — younger partner's own chart,0.5003693011695476,0.5105268925982128,0.5085081529486689,False,"The natal angle between Mars and Jupiter in the younger partner's own chart, 0-180 degrees: desire, drive and conflict against expansion, luck and generosity within one person."
"Mars to Jupiter, harmonic 1 (conjunction axis) — younger partner's own chart",0.5003693011695476,0.5105268925982128,0.5085081529486689,False,cos(1 x separation) between Mars and Jupiter natally for the younger partner.
"Saturn(older) to Mars(younger), harmonic 4 (square axis)",0.5003681148812372,0.5110250880622657,0.5123074368597539,False,"cos(4 x separation) between the older partner's Saturn and the younger partner's Mars. Peaks when the square axis is exact and falls away smoothly with orb, which is what a hard orb window approximates."
Sun to Jupiter separation — older partner's own chart,0.5003655146655085,0.49291234329929323,0.4920431328325639,True,"The natal angle between Sun and Jupiter in the older partner's own chart, 0-180 degrees: identity and vitality against expansion, luck and generosity within one person."
"Sun to Jupiter, harmonic 1 (conjunction axis) — older partner's own chart",0.5003655146655085,0.49291234329929323,0.4920431328325639,True,cos(1 x separation) between Sun and Jupiter natally for the older partner.
Year pillar — younger partner,0.5003480601964241,0.5066389834447498,0.5125206322526943,False,The younger partner's Year pillar: the birth year's digits reduced on their own.
"Saturn(older) to Moon(younger), harmonic 3 (trine axis)",0.5003470566606373,0.4948644205662415,0.489238275254733,True,"cos(3 x separation) between the older partner's Saturn and the younger partner's Moon. Peaks when the trine axis is exact and falls away smoothly with orb, which is what a hard orb window approximates."
"Moon to Mars, harmonic 2 (opposition/square axis) — younger partner's own chart",0.5003415420230868,0.49638053835322427,0.498719371140954,True,cos(2 x separation) between Moon and Mars natally for the younger partner.
TrueNode retrograde — younger partner,0.5003368738182765,0.5002583767378912,0.502984007250464,False,"1 when TrueNode was apparently moving backwards through the zodiac at the younger partner's birth, 0 otherwise. Retrogradation is read as an inward or frustrated expression of the karmic node of the Moon's orbit (true)."
"Moon(older) to Moon(younger), harmonic 4 (square axis)",0.5003279766559493,0.4992206432532684,0.5013756655756257,True,"cos(4 x separation) between the older partner's Moon and the younger partner's Moon. Peaks when the square axis is exact and falls away smoothly with orb, which is what a hard orb window approximates."
Sun(older) to Moon(younger) separation,0.5003183356587897,0.4938904040611173,0.494865468427237,True,"The angle between the older partner's Sun and the younger partner's Moon, folded to 0-180 degrees. This is the raw synastry contact: identity and vitality meeting feeling, habit and the domestic."
"Sun(older) to Moon(younger), harmonic 1 (conjunction axis)",0.5003183356587897,0.4938904040611173,0.494865468427237,True,"cos(1 x separation) between the older partner's Sun and the younger partner's Moon. Peaks when the conjunction axis is exact and falls away smoothly with orb, which is what a hard orb window approximates."
"Mercury(older) to Saturn(younger), harmonic 3 (trine axis)",0.5003148409175513,0.49818731857806214,0.5033062581859931,True,"cos(3 x separation) between the older partner's Mercury and the younger partner's Saturn. Peaks when the trine axis is exact and falls away smoothly with orb, which is what a hard orb window approximates."
"Mars(older) to Mars(younger), harmonic 4 (square axis)",0.5002989157985318,0.4996042210647674,0.4956439684274191,True,"cos(4 x separation) between the older partner's Mars and the younger partner's Mars. Peaks when the square axis is exact and falls away smoothly with orb, which is what a hard orb window approximates."
Uranus retrograde — older partner,0.5002767995370064,0.5006086891140001,0.5066722329295305,False,"1 when Uranus was apparently moving backwards through the zodiac at the older partner's birth, 0 otherwise. Retrogradation is read as an inward or frustrated expression of disruption and sudden change."
identical Life Paths,0.5002501080500248,0.49948495536507675,0.5011721195044837,True,1 when both partners share the same Life Path number.
Mercury daily speed — older partner,0.5002433141448099,0.5031381837072277,0.5038520820869626,False,Mercury's apparent motion in degrees per day at the older partner's birth. Fast or slow relative to its mean is read as strength or weakness.
"Mercury(older) to Moon(younger), harmonic 3 (trine axis)",0.5002365715385491,0.5011017124863862,0.49895932974718415,False,"cos(3 x separation) between the older partner's Mercury and the younger partner's Moon. Peaks when the trine axis is exact and falls away smoothly with orb, which is what a hard orb window approximates."
"MeanNode longitude, sin — older partner",0.5002096620310131,0.5028607135208045,0.5025645348462499,False,Sine of MeanNode's tropical ecliptic longitude in the older partner's chart; the companion projection to the cosine above.
Saturn zodiac sign (1 Aries .. 12 Pisces) — younger partner,0.500197911364372,0.49126287896394116,0.4906254107789115,True,"Which of the twelve 30-degree signs Saturn occupied at the younger partner's birth, as an ordinal 1-12. A monotone model can only read a trend across the sign order, not a preference for one sign, so this tests whether the zodiac has a DIRECTION for Saturn."
Venus(older) to Moon(younger) separation,0.500187799058073,0.5036105187129466,0.5032523676340628,False,"The angle between the older partner's Venus and the younger partner's Moon, folded to 0-180 degrees. This is the raw synastry contact: attraction, affection and what is valued meeting feeling, habit and the domestic."
"Venus(older) to Moon(younger), harmonic 1 (conjunction axis)",0.500187799058073,0.5036105187129466,0.5032523676340628,False,"cos(1 x separation) between the older partner's Venus and the younger partner's Moon. Peaks when the conjunction axis is exact and falls away smoothly with orb, which is what a hard orb window approximates."
Mercury(older) to Jupiter(younger) separation,0.5001874656148723,0.4947476953432947,0.49428869387144264,True,"The angle between the older partner's Mercury and the younger partner's Jupiter, folded to 0-180 degrees. This is the raw synastry contact: speech and reasoning meeting expansion, luck and generosity."
"Mercury(older) to Jupiter(younger), harmonic 1 (conjunction axis)",0.5001874656148723,0.4947476953432947,0.49428869387144264,True,"cos(1 x separation) between the older partner's Mercury and the younger partner's Jupiter. Peaks when the conjunction axis is exact and falls away smoothly with orb, which is what a hard orb window approximates."
"Sun(older) to Mercury(younger), harmonic 3 (trine axis)",0.5001848108940049,0.49391120635050834,0.4947092586517094,True,"cos(3 x separation) between the older partner's Sun and the younger partner's Mercury. Peaks when the trine axis is exact and falls away smoothly with orb, which is what a hard orb window approximates."
"TrueNode longitude, sin — older partner",0.5001840382035109,0.5027423250260883,0.5023154731062478,False,Sine of TrueNode's tropical ecliptic longitude in the older partner's chart; the companion projection to the cosine above.
Life Path is a master number (11/22/33) — younger partner,0.5001796489367628,0.5031095207498849,0.5024139690136609,False,"1 when the younger partner's Life Path is 11, 22 or 33, which numerology treats as a distinct and more demanding class rather than a larger number."
identical Chaldean numbers,0.5001673339816282,0.5002715917738679,0.49903106244130757,False,1 when both partners share a Chaldean reduction.
"Moon(older) to Mercury(younger), harmonic 2 (opposition/square axis)",0.5001606811485366,0.5032980970348193,0.503142037652746,False,"cos(2 x separation) between the older partner's Moon and the younger partner's Mercury. Peaks when the opposition/square axis is exact and falls away smoothly with orb, which is what a hard orb window approximates."
Moon-phase difference between the partners,0.5001591453861025,0.5014772245690303,0.5008007116465858,False,"How far apart the two partners were in the lunation cycle, 0-180 degrees. 0 means both were born at the same phase of the Moon — the same 'lunar season'."
"Moon-phase difference, cos",0.5001591453861025,0.5014772245690303,0.5008007116465858,False,Cosine of the partners' lunation-phase difference.
Neptune element of its sign (1 fire .. 4 water) — older partner,0.5001552883460018,0.49960184007983705,0.4944789493672776,True,"The element of Neptune's sign as an ordinal: fire, earth, air, water in zodiacal order."
"Mars to Jupiter, harmonic 2 (opposition/square axis) — younger partner's own chart",0.5001511074812541,0.5016996814720639,0.49903106244130757,False,cos(2 x separation) between Mars and Jupiter natally for the younger partner.
"Saturn(older) to Mars(younger), harmonic 2 (opposition/square axis)",0.5001117675959372,0.49472933100019595,0.49161273666782335,True,"cos(2 x separation) between the older partner's Saturn and the younger partner's Mars. Peaks when the opposition/square axis is exact and falls away smoothly with orb, which is what a hard orb window approximates."
Mars degree within its sign (0-30) — younger partner,0.5000873428814836,0.4889292403177077,0.49109203741606455,True,"How far Mars had travelled into its sign, 0 to 30 degrees. Early and late degrees are held to differ in strength by most traditions."
Mercury(older) to Sun(younger) separation,0.5000568905399401,0.49514047811088785,0.4936066870892438,True,"The angle between the older partner's Mercury and the younger partner's Sun, folded to 0-180 degrees. This is the raw synastry contact: speech and reasoning meeting identity and vitality."
"Mercury(older) to Sun(younger), harmonic 1 (conjunction axis)",0.5000568905399401,0.49514047811088785,0.4936066870892438,True,"cos(1 x separation) between the older partner's Mercury and the younger partner's Sun. Peaks when the conjunction axis is exact and falls away smoothly with orb, which is what a hard orb window approximates."
sum of the two Life Paths,0.5000536939738716,0.5018611669332459,0.5000382331618425,False,"The partners' Life Paths added. Numerologists read the pair, not each number alone."
Saturn(older) to Sun(younger) separation,0.500035229556631,0.5005692604592453,0.4981280315711244,False,"The angle between the older partner's Saturn and the younger partner's Sun, folded to 0-180 degrees. This is the raw synastry contact: duty, limitation and endurance — the classical marriage significator meeting identity and vitality."
"Saturn(older) to Sun(younger), harmonic 1 (conjunction axis)",0.500035229556631,0.5005692604592453,0.4981280315711244,False,"cos(1 x separation) between the older partner's Saturn and the younger partner's Sun. Peaks when the conjunction axis is exact and falls away smoothly with orb, which is what a hard orb window approximates."
Chiron daily speed — younger partner,0.5000270409611054,0.4902252252252252,0.48699526309331037,True,Chiron's apparent motion in degrees per day at the younger partner's birth. Fast or slow relative to its mean is read as strength or weakness.
Mercury to Mars separation — older partner's own chart,0.5000264542293196,0.5010212488664689,0.502153801450457,False,"The natal angle between Mercury and Mars in the older partner's own chart, 0-180 degrees: speech and reasoning against desire, drive and conflict within one person."
"Mercury to Mars, harmonic 1 (conjunction axis) — older partner's own chart",0.5000264542293195,0.5010212488664689,0.502153801450457,False,cos(1 x separation) between Mercury and Mars natally for the older partner.
Jupiter daily speed — older partner,0.5000112825636862,0.5074871153399226,0.5082019235285785,False,Jupiter's apparent motion in degrees per day at the older partner's birth. Fast or slow relative to its mean is read as strength or weakness.
Chiron element of its sign (1 fire .. 4 water) — younger partner,0.5000050240913033,0.48317994777782336,0.48028679969136734,True,"The element of Chiron's sign as an ordinal: fire, earth, air, water in zodiacal order."
