tree
version=v4
num_class=1
num_tree_per_iteration=1
label_index=0
max_feature_idx=15
objective=binary sigmoid:1
feature_names=Column_0 Column_1 Column_2 Column_3 Column_4 Column_5 Column_6 Column_7 Column_8 Column_9 Column_10 Column_11 Column_12 Column_13 Column_14 Column_15
feature_infos=[0:102] [0:91] [0:58] [1605:1996] [-53.162500000000001:70.674700000000001] [-175.20179999999999:178.01779999999999] [-51.729999999999997:72] [-174.81030000000001:177.91800000000001] [0:19153.505578887696] [-51.729999999999997:72] [-53.162500000000001:70.674700000000001] [-174.81030000000001:178.01779999999999] [-175.20179999999999:177.423] [0:1] [0:1] [0:2]
tree_sizes=902 903 906 901 898 905 908 908 911 910 907 911 908 899 914 911 905 914 905 894 909 908 915 912 913 914 912 906 910 889 908 924 914 910 905 916 911 910 912 909 903 919 922 913 923 910 916 902 911 917 915 912 901 914 913 922 914 902 909 912 920 921 907 921 912 913 917 919 913 916 913 918 914 917 912 907 913 907 910 915 917 925 913 907 911 916 911 918 906 911 936 913 918 912 917 905 918 917 913 913 912 911 917 906 915 908 920 924 916 910 914 909 917 912 908 910 914 916 909 910 917 912 917 909 908 911 912 913 913 913 909 917 906 903 910 919 921 902 920 910 905 915 903 921 910 919 911 914 912 906 916 917 910 915 909 918 912 914 909 912 914 899 919 909 917 911 910 915 904 924 915 909 917 906 911 910 912 911 925 920 909 916 906 915 912 897 912 916 927 913 909 903 915 918 916 908 917 917 913 902

Tree=0
num_leaves=7
num_cat=0
split_feature=0 3 0 0 8 3
split_gain=9935.15 1815.02 1487.92 746.721 440.995 452.525
threshold=44.500000000000007 1768.5000000000002 35.500000000000007 53.500000000000007 177.98666167615457 1870.5000000000002
decision_type=2 2 2 2 10 2
left_child=1 -1 4 -2 5 -3
right_child=3 2 -4 -5 -6 -7
leaf_value=-0.10040540843352544 -0.12614052092029965 -0.065812133233671674 -0.087672474213077306 -0.16469639006512263 -0.079544639268624623 -0.050920281628554762
leaf_weight=4418.0834926068783 2954.7072134613991 9712.9946960508823 6305.0227166116238 2388.6254462599754 2651.1995287537575 10987.926647931337
leaf_count=17701 11838 38915 25261 9570 10622 44023
internal_value=-0.0805574 -0.0706013 -0.0661457 -0.14375 -0.0603318 -0.0578762
internal_weight=39418.6 34075.2 29657.1 5343.33 23352.1 20700.9
internal_count=157930 136522 118821 21408 93560 82938
is_linear=0
shrinkage=1


Tree=1
num_leaves=7
num_cat=0
split_feature=0 3 0 0 8 3
split_gain=9023.43 1619.5 1334.82 695.19 406.85 424.139
threshold=44.500000000000007 1768.5000000000002 35.500000000000007 51.500000000000007 252.12851242485968 1878.5000000000002
decision_type=2 2 2 2 10 2
left_child=1 -1 4 -2 5 -3
right_child=3 2 -4 -5 -6 -7
leaf_value=-0.018932197678732089 -0.040115121283841065 0.014519421839346597 -0.0067937795233369586 -0.077195555603521496 -0.0010250460318832447 0.028813625753569574
leaf_weight=4365.7376992851496 2474.1451156139374 11130.959458887577 6299.3872825503349 2866.3893555551767 2260.9216852486134 9904.1096048802137
leaf_count=17507 9936 44570 25246 11538 9058 39643
internal_value=-0.000109932 0.00940595 0.0136012 -0.0603371 0.0191177 0.0212811
internal_weight=39301.7 33961.1 29595.4 5340.53 23296 21035.1
internal_count=157498 136024 118517 21474 93271 84213
is_linear=0
shrinkage=0.05


Tree=2
num_leaves=7
num_cat=0
split_feature=1 2 3 1 8 3
split_gain=5068.68 2586.36 1320.89 685.178 570.087 376.634
threshold=42.500000000000007 16.500000000000004 1768.5000000000002 33.500000000000007 90.764226540305316 1879.5000000000002
decision_type=2 10 2 2 10 2
left_child=1 2 -1 4 5 -4
right_child=-2 -3 3 -5 -6 -7
leaf_value=-0.0168987512149169 -0.058338994723571118 -0.040549143568452684 0.013364316753691855 -0.0054877255499245735 -0.0014109916497744546 0.026860460811245091
leaf_weight=4139.985837996006 3368.8427951335907 2777.3313908278942 11379.886440783739 4180.4421171545982 3816.8314144909382 9634.5215291380882
leaf_count=16620 13615 11189 45554 16764 15291 38552
internal_value=2.43525e-05 0.00554083 0.00943526 0.0132067 0.0163568 0.0195814
internal_weight=39297.8 35929 33151.7 29011.7 24831.2 21014.4
internal_count=157585 143970 132781 116161 99397 84106
is_linear=0
shrinkage=0.05


Tree=3
num_leaves=7
num_cat=0
split_feature=0 3 0 0 8 3
split_gain=7464.86 1275.96 1000.22 832.998 297.581 292.461
threshold=42.500000000000007 1776.5000000000002 51.500000000000007 33.500000000000007 101.11467674896382 1879.5000000000002
decision_type=2 2 2 2 10 2
left_child=1 -1 -2 4 5 -3
right_child=2 3 -4 -5 -6 -7
leaf_value=-0.014624100140049605 -0.031411953172206436 0.015158019719158245 -0.071880028504344717 -0.00056716201188690711 0.0032382290579051941 0.028082786769973445
leaf_weight=4665.2730578929186 3482.1487943083048 9745.0070230811834 2815.8575179576874 7640.7253997176886 2699.0108997225761 8160.9451139569283
leaf_count=18743 14051 38993 11497 30618 10811 32644
internal_value=-2.2095e-05 0.00953271 -0.0497603 0.0135339 0.0187561 0.0210858
internal_weight=39209 32911 6298.01 28245.7 20605 17906
internal_count=157357 131809 25548 113066 82448 71637
is_linear=0
shrinkage=0.05


Tree=4
num_leaves=7
num_cat=0
split_feature=0 0 3 0 8 3
split_gain=6963.6 1245.44 1178.35 524.697 245.943 327.031
threshold=40.500000000000007 49.500000000000007 1760.5000000000002 32.500000000000007 101.11467674896382 1879.5000000000002
decision_type=2 2 2 2 10 2
left_child=2 -2 -1 4 5 -4
right_child=1 -3 3 -5 -6 -7
leaf_value=-0.01605558166793615 -0.024496383765653915 -0.065349836431983388 0.014309003039165685 0.0031803970214278479 0.0036362885127386446 0.028216664279977495
leaf_weight=3674.0051297992468 4287.1318320631981 3357.354770809412 9766.4334233701229 8041.2985003292561 2506.737164363265 7607.2084690332413
leaf_count=14781 17299 13827 39078 32214 10040 30437
internal_value=0.00010137 -0.042624 0.0104693 0.013973 0.018327 0.0204367
internal_weight=39240.2 7644.49 31595.7 27921.7 19880.4 17373.6
internal_count=157676 31126 126550 111769 79555 69515
is_linear=0
shrinkage=0.05


Tree=5
num_leaves=7
num_cat=0
split_feature=0 0 3 0 8 3
split_gain=6189.96 1276.91 919.349 350.988 300.997 337.087
threshold=46.500000000000007 37.500000000000007 1756.5000000000002 55.500000000000007 420.38141151839449 1868.5000000000002
decision_type=2 2 2 2 10 2
left_child=1 2 -1 -2 5 -4
right_child=3 -3 4 -5 -6 -7
leaf_value=-0.013549039987081461 -0.04281696024008233 -0.014578090678467454 0.0093530251677097342 -0.072869762035439989 -0.0047397812634205313 0.021311089208134168
leaf_weight=3295.8057618141174 2442.6147563904524 5709.8082999736071 10835.840259343386 1875.1036194115877 1890.5230313241482 13104.201013177633
leaf_count=13276 10037 22985 43366 7856 7574 52458
internal_value=-2.55582e-05 0.00698938 0.011228 -0.0562811 0.0144015 0.0159171
internal_weight=39153.9 34836.2 29126.4 4317.72 25830.6 23940
internal_count=157552 139659 116674 17893 103398 95824
is_linear=0
shrinkage=0.05


Tree=6
num_leaves=7
num_cat=0
split_feature=0 0 0 8 0 14
split_gain=5759.15 959.503 564.654 248.568 152.029 129.726
threshold=44.500000000000007 36.500000000000007 53.500000000000007 85.551771813401061 30.500000000000004 1.0000000180025095e-35
decision_type=2 2 2 10 2 2
left_child=1 3 -2 4 -1 -5
right_child=2 -3 -4 5 -6 -7
leaf_value=0.015723377659564802 -0.033999323745210641 -0.010837061584843669 -0.068135821014134429 0.0079624879051626487 0.0071400657846949966 -0.010834042041271308
leaf_weight=16924.25477103889 2850.510741353035 5912.7622990310192 2253.687072455883 1911.5486977994442 7530.1214088201523 1711.3604455441236
leaf_count=67820 11712 23769 9587 7661 30164 6855
internal_value=-2.01126e-05 0.00742943 -0.0493819 0.0112836 0.0130923 -0.000932521
internal_weight=39094.2 33990 5104.2 28077.3 24454.4 3622.91
internal_count=157568 136269 21299 112500 97984 14516
is_linear=0
shrinkage=0.05


Tree=7
num_leaves=7
num_cat=0
split_feature=0 3 0 0 8 3
split_gain=5136.32 1005.62 912.495 526.208 218.932 268.46
threshold=41.500000000000007 1758.5000000000002 51.500000000000007 33.500000000000007 85.551771813401061 1879.5000000000002
decision_type=2 2 2 2 10 2
left_child=1 -1 -2 4 5 -3
right_child=2 3 -4 -5 -6 -7
leaf_value=-0.016248525415889534 -0.024418227512310792 0.012015312618653825 -0.062216972218671042 -0.00014268323593425683 0.0024242163099265608 0.024218535574615469
leaf_weight=3674.6644315719604 4077.6909176111221 10404.20986571908 2670.7685537934303 7299.8656141012907 2829.2207586169243 8093.8442763984203
leaf_count=14807 16652 41627 11514 29266 11330 32448
internal_value=-1.35128e-05 0.00828312 -0.0395866 0.0114458 0.0154069 0.0173854
internal_weight=39050.3 32301.8 6748.46 28627.1 21327.3 18498.1
internal_count=157644 129478 28166 114671 85405 74075
is_linear=0
shrinkage=0.05


Tree=8
num_leaves=7
num_cat=0
split_feature=0 0 3 0 3 15
split_gain=4878.98 965.48 769.517 300.472 260.895 206.048
threshold=46.500000000000007 36.500000000000007 1758.5000000000002 53.500000000000007 1780.5000000000002 1.0000000180025095e-35
decision_type=2 2 2 2 2 2
left_child=1 2 -1 -2 -3 -4
right_child=3 4 5 -5 -6 -7
leaf_value=-0.012617246919051889 -0.036065529689335081 -0.035858930352982613 0.0038060197383154499 -0.064092679677162742 -0.0069666228090987242 0.015401993200749947
leaf_weight=3248.9390732645988 2000.5325091779232 876.30799171328545 4766.1713097840548 2165.3484891206026 5866.4459637403488 19998.526916265488
leaf_count=13106 8355 3555 19093 9547 23663 80117
internal_value=-5.52772e-05 0.00608815 0.0101757 -0.0509876 -0.0108638 0.0131776
internal_weight=38922.3 34756.4 28013.6 4165.88 6742.75 24764.7
internal_count=157436 139534 112316 17902 27218 99210
is_linear=0
shrinkage=0.05


Tree=9
num_leaves=7
num_cat=0
split_feature=0 0 0 8 0 12
split_gain=4458.62 923.961 283.855 226.606 166.884 106.788
threshold=46.500000000000007 34.500000000000007 55.500000000000007 291.7342227763919 39.500000000000007 1.6084500000000002
decision_type=2 2 2 10 2 10
left_child=1 3 -2 5 -3 -1
right_child=2 4 -4 -5 -6 -7
leaf_value=0.013434732986493142 -0.036978970828214719 -0.0019978986313446178 -0.064641503610576509 -0.0049746190780992003 -0.01564163432294912 0.0040754656033793442
leaf_weight=19863.483749255538 2362.1418742388487 5160.7450935095549 1752.3988595455885 2131.1924688816071 3945.7757949531078 3637.9659782648087
leaf_count=79693 10033 20710 7902 8541 16007 14595
internal_value=-0.000122748 0.00572067 -0.0491432 0.0105781 -0.00794156 0.011993
internal_weight=38853.7 34739.2 4114.54 25632.6 9106.52 23501.4
internal_count=157481 139546 17935 102829 36717 94288
is_linear=0
shrinkage=0.05


Tree=10
num_leaves=7
num_cat=0
split_feature=0 3 0 0 0 8
split_gain=4045.17 915.471 683.792 289.603 242.431 167.247
threshold=46.500000000000007 1778.5000000000002 33.500000000000007 55.500000000000007 32.500000000000007 291.7342227763919
decision_type=2 2 2 2 2 10
left_child=1 4 5 -2 -1 -3
right_child=3 2 -4 -5 -6 -7
leaf_value=-0.0072002112824673687 -0.034955716499364901 0.015200233140925945 -0.0025774491542015906 -0.062966683358955028 -0.031324444127822697 -0.000566586407362279
leaf_weight=3576.5729288756847 2338.8854357898235 18626.415385961533 9269.6732419729233 1722.673041626811 1455.0648150593042 1846.2749255895615
leaf_count=14405 10024 74711 37326 7946 5909 7396
internal_value=-0.000182775 0.00534601 0.00868421 -0.0472109 -0.0143208 0.0137796
internal_weight=38835.6 34774 29742.4 4061.56 5031.64 20472.7
internal_count=157717 139747 119433 17970 20314 82107
is_linear=0
shrinkage=0.05


Tree=11
num_leaves=7
num_cat=0
split_feature=2 11 2 8 2 2
split_gain=1050.43 191.518 176.466 139.936 162.278 71.1281
threshold=15.500000000000002 1.4434000000000002 24.500000000000004 1406.2337030154206 8.5000000000000018 7.5000000000000009
decision_type=10 10 10 10 8 10
left_child=1 3 -2 4 -1 -3
right_child=2 5 -4 -5 -6 -7
leaf_value=0.009670534241849436 -0.020018628695438558 -0.0014337477573100948 -0.047139667188197433 -0.021766551915707148 0.0017833206714636539 -0.012082131345390781
leaf_weight=10362.54425264895 2375.5741502046585 4835.3260016590357 823.63808454573154 478.61060871183872 17556.30641181767 2297.9777561426163
leaf_count=41749 9911 19533 3691 1942 71463 9344
internal_value=-6.98224e-05 0.00240968 -0.027374 0.00424916 0.00471803 -0.00490033
internal_weight=38730 35530.8 3199.21 28397.5 27918.9 7133.3
internal_count=157633 144031 13602 115154 113212 28877
is_linear=0
shrinkage=0.05


Tree=12
num_leaves=7
num_cat=0
split_feature=0 0 0 11 8 0
split_gain=3637.71 749.592 268.61 142.99 126.473 113.78
threshold=46.500000000000007 35.500000000000007 55.500000000000007 2.2683500000000003 1406.2337030154206 39.500000000000007
decision_type=2 2 2 10 10 2
left_child=1 3 -2 4 -1 -3
right_child=2 5 -4 -5 -6 -7
leaf_value=0.011555096062643714 -0.033230490205096441 -0.0022269373082597871 -0.060526148156166859 0.0019358347552655881 -0.019214274239860173 -0.01426898061519025
leaf_weight=21155.478371843696 2299.7860721498728 3914.6836447715759 1669.0486771017313 5354.5851585566998 313.32537876069546 3928.3058929294348
leaf_count=84968 9978 15732 7925 21489 1257 15992
internal_value=8.02995e-05 0.00528475 -0.0450773 0.00925869 0.0110798 -0.00828981
internal_weight=38635.2 34666.4 3968.83 26823.4 21468.8 7842.99
internal_count=157341 139438 17903 107714 86225 31724
is_linear=0
shrinkage=0.05


Tree=13
num_leaves=7
num_cat=0
split_feature=0 3 0 0 0 8
split_gain=3293.78 828.646 533.284 278.87 194.492 177.172
threshold=46.500000000000007 1776.5000000000002 37.500000000000007 55.500000000000007 32.500000000000007 460.92617016165963
decision_type=2 2 2 2 2 10
left_child=1 4 5 -2 -1 -3
right_child=3 2 -4 -5 -6 -7
leaf_value=-0.0076468320181938528 -0.03147007025422488 0.012211914645045004 -0.0068570177153104463 -0.059515705010851107 -0.029612902533444604 -0.0041211034475386304
leaf_weight=3483.3013545572758 2266.5960344672203 23018.927605748177 4980.2708383798599 1613.5758528411388 1407.311893671751 1775.1574205160141
leaf_count=14026 9923 92419 20191 7854 5747 7117
internal_value=4.03275e-06 0.004907 0.00804167 -0.0435 -0.0141097 0.011039
internal_weight=38545.1 34665 29774.4 3880.17 4890.61 24794.1
internal_count=157277 139500 119727 17777 19773 99536
is_linear=0
shrinkage=0.05


Tree=14
num_leaves=7
num_cat=0
split_feature=0 3 0 0 3 15
split_gain=3071.16 740.732 533.268 265.347 191.47 360.644
threshold=46.500000000000007 1758.5000000000002 37.500000000000007 53.500000000000007 1872.5000000000002 1.0000000180025095e-35
decision_type=2 2 2 2 2 2
left_child=1 -1 4 -2 -3 -6
right_child=3 2 -4 -5 5 -7
leaf_value=-0.015871348447893584 -0.028415779292414151 0.0054663788919279057 -0.007479609590421603 -0.055538588370890402 0.00082494847418614406 0.019029791447100972
leaf_weight=3883.7661384940147 1911.9699614495039 11809.558472752571 5116.9247460216284 1925.3714101910591 3719.8739011287689 10124.369407758117
leaf_count=15750 8350 47338 20771 9513 14920 40781
internal_value=-8.68701e-05 0.00462555 0.00722553 -0.0423498 0.0101639 0.0141506
internal_weight=38491.8 34654.5 30770.7 3837.34 25653.8 13844.2
internal_count=157423 139560 123810 17863 103039 55701
is_linear=0
shrinkage=0.05


Tree=15
num_leaves=7
num_cat=0
split_feature=0 0 0 0 8 6
split_gain=2842.43 563.078 256.285 125.513 119.617 91.0706
threshold=46.500000000000007 33.500000000000007 53.500000000000007 39.500000000000007 291.7342227763919 48.856900000000003
decision_type=2 2 2 2 10 8
left_child=1 4 -2 5 -1 -3
right_child=2 3 -4 -5 -6 -7
leaf_value=0.0098178729024204336 -0.027226679519926668 -0.016845423155905186 -0.054035450332008843 -0.012147728673328268 -0.0029702166062122596 0.0012986885629091994
leaf_weight=22188.896891921759 1897.9447828680277 754.67676562070847 1885.2045585513115 3913.8890338093042 1979.3398054093122 5804.2996525019407
leaf_count=89329 8360 3031 9549 16006 7938 23322
internal_value=6.87333e-05 0.00457509 -0.0409059 -0.00509866 0.00876816 -0.000856168
internal_weight=38424.3 34641.1 3783.15 10472.9 24168.2 6558.98
internal_count=157535 139626 17909 42359 97267 26353
is_linear=0
shrinkage=0.05


Tree=16
num_leaves=7
num_cat=0
split_feature=0 3 0 0 0 0
split_gain=2641.91 702.344 456.287 243.52 160.017 147.375
threshold=46.500000000000007 1758.5000000000002 31.500000000000004 55.500000000000007 34.500000000000007 39.500000000000007
decision_type=2 2 2 2 2 2
left_child=1 4 -3 -2 -1 -4
right_child=3 2 5 -5 -6 -7
leaf_value=-0.010263679891251681 -0.028767512698967865 0.011748224222227424 0.0027727145750045005 -0.055600187201276685 -0.034862324773981872 -0.0092614775611089949
leaf_weight=3038.7817763388157 2219.92541000247 18331.568545028567 8907.3643387705088 1502.4109885245562 832.67557674646378 3526.6199616640806
leaf_count=12277 10019 73788 35759 7899 3446 14413
internal_value=-0.000102683 0.00421107 0.00673984 -0.0399557 -0.0157818 -0.00065459
internal_weight=38359.3 34637 30765.6 3722.34 3871.46 12434
internal_count=157601 139683 123960 17918 15723 50172
is_linear=0
shrinkage=0.05


Tree=17
num_leaves=7
num_cat=0
split_feature=0 0 0 0 8 14
split_gain=2308.81 495.857 204.86 121.355 102.247 98.8384
threshold=47.500000000000007 33.500000000000007 55.500000000000007 39.500000000000007 101.11467674896382 1.0000000180025095e-35
decision_type=2 2 2 2 10 2
left_child=1 4 -2 -3 -1 -6
right_child=2 3 -4 -5 5 -7
leaf_value=0.008785330600632588 -0.028166861253339854 -0.0010184459278618472 -0.054161310266132516 -0.011826873332903805 0.0072243827657869786 -0.010935440138577737
leaf_weight=21158.364056274295 1847.5462985634804 6584.1114839613438 1452.2257291972637 4265.3801425397396 1601.449039414525 1356.0707925260067
leaf_count=85315 8468 26465 7851 17611 6422 5435
internal_value=-0.000206951 0.00357872 -0.0399919 -0.00528858 0.00756964 -0.00112839
internal_weight=38265.1 34965.4 3299.77 10849.5 24115.9 2957.52
internal_count=157567 141248 16319 44076 97172 11857
is_linear=0
shrinkage=0.05


Tree=18
num_leaves=7
num_cat=0
split_feature=0 3 0 0 0 7
split_gain=2150.82 633.717 378.518 201.43 147.7 133.898
threshold=47.500000000000007 1778.5000000000002 31.500000000000004 56.500000000000007 32.500000000000007 172.61675000000002
decision_type=2 2 2 2 2 8
left_child=1 4 -3 -2 -1 -4
right_child=3 2 5 -5 -6 -7
leaf_value=-0.0071940468988123231 -0.027959662769886814 0.011034223661462478 -0.0086992379416182333 -0.054247457569550989 -0.025986392033032813 0.0028603089669174916
leaf_weight=3552.8998373895884 1954.003235861659 17501.184547811747 3461.9948851317167 1292.5603055804968 1474.3009459376335 8835.0607881247997
leaf_count=14322 9167 70568 14021 7188 6105 35750
internal_value=-9.61201e-05 0.00354479 0.0063169 -0.0388265 -0.0128266 -0.000407306
internal_weight=38072 34825.4 29798.2 3246.56 5027.2 12297.1
internal_count=157121 140766 120339 16355 20427 49771
is_linear=0
shrinkage=0.05


Tree=19
num_leaves=7
num_cat=0
split_feature=0 3 0 0 3 8
split_gain=2078.04 589.709 417.884 177.162 167.097 168.063
threshold=47.500000000000007 1728.5000000000002 34.500000000000007 53.500000000000007 1852.5000000000002 inf
decision_type=2 2 2 2 2 8
left_child=1 -1 4 -2 -3 -6
right_child=3 2 -4 -5 5 -7
leaf_value=-0.018784738200116981 -0.024982207463448154 0.0032890926943946897 -0.0038036422375367107 -0.049551130590834748 0.0026100483644673975 0.015048934570745338
leaf_weight=2688.3534433841705 1481.8333456069231 8400.3630487173796 8815.4980201423168 1698.7128386497498 3573.8690501600504 11468.019885197282
leaf_count=10965 6797 33766 35872 9516 14346 46410
internal_value=5.32067e-05 0.00358699 0.00546716 -0.0384447 0.00895387 0.0121046
internal_weight=38126.6 34946.1 32257.8 3180.55 23442.3 15041.9
internal_count=157672 141359 130394 16313 94522 60756
is_linear=0
shrinkage=0.05


Tree=20
num_leaves=7
num_cat=0
split_feature=1 3 2 6 3 1
split_gain=1237.04 574.051 395.207 187.409 230.914 182.096
threshold=42.500000000000007 1778.5000000000002 19.500000000000004 50.982200000000006 1878.5000000000002 51.500000000000007
decision_type=2 2 10 8 2 2
left_child=1 -1 3 -3 -5 -2
right_child=5 2 -4 4 -6 -7
leaf_value=-0.013059292034356074 -0.021579926945180589 -0.0034800179437277472 -0.023117712508855706 0.0030018720860155819 0.012685451007540777 -0.048611807210876094
leaf_weight=5130.7896581441164 1712.7744118571281 4285.4779310971498 1172.1415383964777 12386.953430145979 12257.19389089942 1045.8938615322113
leaf_count=21072 7811 17356 5626 49933 49809 5885
internal_value=-0.00018338 0.00235201 0.00498922 0.0061508 0.00782774 -0.0322412
internal_weight=37991.2 35232.6 30101.8 28929.6 24644.1 2758.67
internal_count=157492 143796 122724 117098 99742 13696
is_linear=0
shrinkage=0.05


Tree=21
num_leaves=7
num_cat=0
split_feature=0 3 0 0 0 3
split_gain=1758.43 468.447 399.425 143.709 131.792 115.83
threshold=48.500000000000007 1728.5000000000002 30.500000000000004 56.500000000000007 39.500000000000007 1870.5000000000002
decision_type=2 2 2 2 2 2
left_child=1 -1 5 -2 -4 -3
right_child=3 2 4 -5 -6 -7
leaf_value=-0.017115550035656936 -0.027503471924570283 0.0055500837655925736 0.0015335172556260859 -0.051597210740991974 -0.008793582612790677 0.013761971457364615
leaf_weight=2677.8108653277159 1578.1485968232155 8533.2542997449636 10951.234905868769 1190.6266679465771 4269.8166208863258 8754.0665620267391
leaf_count=10978 7736 34330 44074 7158 17793 35533
internal_value=-0.000160966 0.00287073 0.00453133 -0.0383063 -0.00137504 0.00972511
internal_weight=37955 35186.2 32508.4 2768.78 15221.1 17287.3
internal_count=157602 142708 131730 14894 61867 69863
is_linear=0
shrinkage=0.05


Tree=22
num_leaves=7
num_cat=0
split_feature=2 3 3 3 7 7
split_gain=429.595 373.639 139.432 219.034 115.637 80.0984
threshold=19.500000000000004 1728.5000000000002 1927.5000000000002 1872.5000000000002 2.3324000000000003 -43.192249999999994
decision_type=10 2 2 2 10 10
left_child=1 -1 3 -3 -5 -4
right_child=-2 2 5 4 -6 -7
leaf_value=-0.01701889060179727 -0.025805569630274545 -0.00066579998859749804 -0.014465393188297161 0.0095788237194107395 -0.0036801851308902768 0.00011739300288818903
leaf_weight=2642.2577925622463 1531.4778032451868 15185.104415997863 1724.4688828289509 12838.574274897575 1869.300338447094 2031.4515097886324
leaf_count=10942 7508 61944 7759 53070 7655 8551
internal_value=-0.000125882 0.000978214 0.00240533 0.0035473 0.00788961 -0.00663962
internal_weight=37822.6 36291.2 33648.9 29893 14707.9 3755.92
internal_count=157429 149921 138979 122669 60725 16310
is_linear=0
shrinkage=0.05


Tree=23
num_leaves=7
num_cat=0
split_feature=1 3 2 1 1 3
split_gain=1060.82 436.885 330.494 166.743 126.457 119.658
threshold=42.500000000000007 1756.5000000000002 10.500000000000002 53.500000000000007 29.500000000000004 1872.5000000000002
decision_type=2 2 10 2 2 2
left_child=1 -1 5 -2 -4 -3
right_child=3 2 4 -5 -6 -7
leaf_value=-0.013739872891660175 -0.021606113888478405 0.0025532875569700747 -0.0036449404852512061 -0.049327964570055255 -0.023797607253037034 0.009385963147986072
leaf_weight=3829.5992704182863 1864.8861650824547 11413.709326311946 4394.7295323163271 801.91000320017338 920.29387600719929 14667.107699632645
leaf_count=15870 8753 45930 18373 4888 4497 59522
internal_value=-0.000173644 0.00213847 0.00408654 -0.0303981 -0.00724835 0.00640216
internal_weight=37892.2 35225.4 31395.8 2666.8 5315.02 26080.8
internal_count=157833 144192 128322 13641 22870 105452
is_linear=0
shrinkage=0.05


Tree=24
num_leaves=7
num_cat=0
split_feature=0 3 0 0 0 10
split_gain=1484.26 393.427 276.824 184.965 171.055 105.935
threshold=47.500000000000007 1792.5000000000002 31.500000000000004 56.500000000000007 34.500000000000007 51.367400000000011
decision_type=2 2 2 2 2 8
left_child=1 4 -3 -2 -1 -4
right_child=3 2 5 -5 -6 -7
leaf_value=-0.0040856199779630105 -0.023402914545219641 0.0094591945480108942 -0.0090152393149886042 -0.049752454217325652 -0.024101045365132013 0.0020954425658629827
leaf_weight=4705.3193638920784 1851.1962623000145 16789.136564642191 2765.8908947408199 1122.6895231604576 1357.4427790939808 9191.2293735295534
leaf_count=19072 9165 68031 11234 7149 5721 37268
internal_value=-2.50636e-05 0.0028826 0.00532426 -0.0337478 -0.00866365 -0.000490783
internal_weight=37782.9 34809 28746.3 2973.89 6062.76 11957.1
internal_count=157640 141326 116533 16314 24793 48502
is_linear=0
shrinkage=0.05


Tree=25
num_leaves=7
num_cat=0
split_feature=0 0 3 15 14 3
split_gain=1404.26 371.99 304.468 166.883 157.04 138.596
threshold=49.500000000000007 38.500000000000007 1844.5000000000002 1.0000000180025095e-35 1.0000000180025095e-35 1719.5000000000002
decision_type=2 2 2 2 2 2
left_child=1 2 5 4 -4 -1
right_child=-2 -3 3 -5 -6 -7
leaf_value=-0.013639783507599732 -0.037110477178441424 -0.0093060530818801866 0.009680299106545923 0.011074014464444316 -0.0089842073228727157 0.00073996126666202983
leaf_weight=2047.8960709869862 2361.9013213962317 5606.5485856086016 2146.9729436337948 14582.432957500219 2306.6127331256866 8642.6641854792833
leaf_count=8401 13720 23565 8625 59222 9267 34824
internal_value=-3.29703e-05 0.00247492 0.004704 0.00849152 1.80962e-05 -0.0020451
internal_weight=37695 35333.1 29726.6 19036 4453.59 10690.6
internal_count=157624 143904 120339 77114 17892 43225
is_linear=0
shrinkage=0.05


Tree=26
num_leaves=7
num_cat=0
split_feature=0 3 0 3 3 8
split_gain=1273.02 365.866 329.01 147.912 142.199 149.805
threshold=49.500000000000007 1719.5000000000002 39.500000000000007 1961.5000000000002 1869.5000000000002 234.65682921502116
decision_type=2 2 2 2 2 10
left_child=1 -1 3 4 -3 -6
right_child=-2 2 -4 -5 5 -7
leaf_value=-0.016748690084092861 -0.035972064563085597 0.0021233831186326471 -0.0089206421648656917 -0.027591541711694242 0.011295339033066079 -0.0029714633311576548
leaf_weight=2355.3833167552948 2302.6557473540306 13174.626670122147 4544.9102663993835 304.07017305493355 12795.720490843058 2135.3397619128227
leaf_count=9777 13667 53081 19208 1222 52096 8561
internal_value=-0.000197011 0.00216452 0.00353032 0.0055295 0.00591687 0.00925313
internal_weight=37612.7 35310.1 32954.7 28409.8 28105.7 14931.1
internal_count=157612 143945 134168 114960 113738 60657
is_linear=0
shrinkage=0.05


Tree=27
num_leaves=7
num_cat=0
split_feature=0 0 3 3 0 6
split_gain=1213.5 305.269 254.358 142.71 117.724 100.541
threshold=49.500000000000007 30.500000000000004 1774.5000000000002 1806.5000000000002 56.500000000000007 51.349850000000011
decision_type=2 2 2 2 2 8
left_child=1 3 -3 -1 -2 -4
right_child=4 2 5 -5 -6 -7
leaf_value=-0.0010592889270666197 -0.023679658118611963 -0.020110790238632964 -0.0096800146980308196 0.0091103182988464589 -0.047679643496560828 0.0014555631960281967
leaf_weight=4525.5778363794088 1210.8776031881571 1819.4889856427908 2406.345898732543 14403.408216103911 1041.012716114521 12036.765066444874
leaf_count=18346 6473 7698 9846 58567 7161 49132
internal_value=8.01526e-05 0.00236936 -0.00265241 0.00668112 -0.0352554 -0.000415939
internal_weight=37443.5 35191.6 16262.6 18929 2251.89 14443.1
internal_count=157223 143589 66676 76913 13634 58978
is_linear=0
shrinkage=0.05


Tree=28
num_leaves=7
num_cat=0
split_feature=0 0 3 8 3 3
split_gain=1089 355.608 227.167 158.654 153.826 108.117
threshold=51.500000000000007 37.500000000000007 1852.5000000000002 441.13877434123566 1880.5000000000002 1688.5000000000002
decision_type=2 2 2 10 2 2
left_child=1 2 5 -4 -3 -1
right_child=-2 4 3 -5 -6 -7
leaf_value=-0.014837081532650471 -0.038136321312587922 -0.016269517262715558 0.0094095715069127638 -0.0069416320023923776 -0.0013778900271827789 0.00050047484195848144
leaf_weight=1263.6426523625851 1767.3655453026295 3244.8480523228645 15523.96243365109 1618.3750929683447 3699.0107092410326 10261.359566494823
leaf_count=5210 11459 13867 63207 6489 15621 41422
internal_value=-0.000162874 0.00175224 0.0042119 0.00785646 -0.00837676 -0.00121535
internal_weight=37378.6 35611.2 28667.3 17142.3 6943.86 11525
internal_count=157275 145816 116328 69696 29488 46632
is_linear=0
shrinkage=0.05


Tree=29
num_leaves=7
num_cat=0
split_feature=1 3 11 8 3 14
split_gain=673.268 282.362 198.391 173.206 202.495 127.65
threshold=44.500000000000007 1807.5000000000002 2.0924 inf 1879.5000000000002 1.0000000180025095e-35
decision_type=2 2 10 8 2 2
left_child=1 2 -1 5 -5 -3
right_child=-2 3 -4 4 -6 -7
leaf_value=-0.0026381460208318567 -0.028449869615312595 0.003879189121981342 -0.022211606909089063 0.0011136280374290043 0.010818617546153361 -0.010211288031918947
leaf_weight=5907.040787011385 1934.514161631465 3142.7460888922215 1631.7289369255304 10497.204704537988 11001.069231361151 3234.4289638102055
leaf_count=24385 11207 13077 6890 42869 45536 13483
internal_value=4.21455e-05 0.00162129 -0.00694597 0.00394324 0.00608801 -0.00328169
internal_weight=37348.7 35414.2 7538.77 27875.4 21498.3 6377.18
internal_count=157447 146240 31275 114965 88405 26560
is_linear=0
shrinkage=0.05


Tree=30
num_leaves=7
num_cat=0
split_feature=0 0 3 3 0 12
split_gain=1000.14 274.26 178.91 143.307 120.586 80.5834
threshold=49.500000000000007 31.500000000000004 1778.5000000000002 1722.5000000000002 59.500000000000007 -90.996849999999981
decision_type=2 2 2 2 2 8
left_child=1 3 -3 -1 -2 -4
right_child=4 2 5 -5 -6 -7
leaf_value=-0.0081866562939669919 -0.023869187173925235 -0.018442789757194197 -0.026443430161089673 0.0068734289687630221 -0.049987306734786081 -0.0006611222295542158
leaf_weight=1697.4063709378242 1444.8745103627443 1696.7771905660629 280.67837274074554 19021.707611843944 701.79649034142494 12470.113956317306
leaf_count=6982 8460 7270 1159 77390 5194 51025
internal_value=-8.84176e-05 0.00194572 -0.003338 0.00562958 -0.0329791 -0.0012894
internal_weight=37313.4 35166.7 14447.6 20719.1 2146.67 12750.8
internal_count=157480 143826 59454 84372 13654 52184
is_linear=0
shrinkage=0.05


Tree=31
num_leaves=7
num_cat=0
split_feature=0 0 3 15 14 3
split_gain=900.772 277.863 185.685 180.819 132.176 113.195
threshold=51.500000000000007 38.500000000000007 1869.5000000000002 1.0000000180025095e-35 1.0000000180025095e-35 1894.5000000000002
decision_type=2 2 2 2 2 2
left_child=1 2 -1 4 -4 -3
right_child=-2 5 3 -5 -6 -7
leaf_value=-0.00052684702626040086 -0.035850734342852297 -0.014593678492882511 0.0081782422385837158 0.01073119085616905 -0.010087351609973632 -0.00079412607578316146
leaf_weight=14887.74228592217 1668.1684618145227 3272.7140517681837 1790.3158085495234 10774.650841265917 2143.8330758810043 2708.3155811578035
leaf_count=60290 11451 14154 7209 44204 8627 11557
internal_value=-0.000273844 0.00142309 0.00341066 0.00738904 -0.00177623 -0.00838015
internal_weight=37245.7 35577.6 29596.5 14708.8 3934.15 5981.03
internal_count=157492 146041 120330 60040 15836 25711
is_linear=0
shrinkage=0.05


Tree=32
num_leaves=7
num_cat=0
split_feature=1 2 3 1 8 3
split_gain=567.499 235.649 194.232 147.233 118.994 135.588
threshold=48.500000000000007 19.500000000000004 1722.5000000000002 36.500000000000007 426.98391277234663 1879.5000000000002
decision_type=2 10 2 2 10 2
left_child=1 2 -1 4 5 -4
right_child=-2 -3 3 -5 -6 -7
leaf_value=-0.011896019415543149 -0.033960033582589359 -0.018838445776000901 0.0018723084135064947 -0.0066911659917696393 -0.0066207454093444411 0.0090724416299780061
leaf_weight=2326.9334740191698 1159.1717351078987 1387.2291881293058 14585.028721347451 3486.0815830528736 2329.9495542645454 11851.484408944845
leaf_count=9759 7836 7381 59038 15173 9428 48689
internal_value=2.38393e-05 0.0011465 0.00196387 0.00297395 0.00415097 0.00510675
internal_weight=37125.9 35966.7 34579.5 32252.5 28766.5 26436.5
internal_count=157304 149468 142087 132328 117155 107727
is_linear=0
shrinkage=0.05


Tree=33
num_leaves=7
num_cat=0
split_feature=0 0 3 3 3 11
split_gain=779.188 304.831 151.883 148.088 125.105 119.318
threshold=53.500000000000007 36.500000000000007 1770.5000000000002 1842.5000000000002 1958.5000000000002 6.0231500000000002
decision_type=2 2 2 2 2 10
left_child=1 3 -3 5 -5 -1
right_child=-2 2 -4 4 -6 -7
leaf_value=0.0013021097917101389 -0.038088491127116063 -0.026136569567226094 -0.0045601176626362859 0.0072723397296265676 -0.022284504024744155 -0.014271486328864259
leaf_weight=8411.0076063275337 1262.1478243768215 890.24775564670563 7392.3435642272234 17436.369456365705 337.09774495661259 1409.8163795173168
leaf_count=34074 9516 4071 31591 71207 1356 5754
internal_value=5.8348e-05 0.00143105 -0.0069652 0.00395607 0.00667515 -0.000970193
internal_weight=37139 35876.9 8282.59 27594.3 17773.5 9820.82
internal_count=157569 148053 35662 112391 72563 39828
is_linear=0
shrinkage=0.05


Tree=34
num_leaves=7
num_cat=0
split_feature=0 0 3 3 3 9
split_gain=769.314 235.511 162.899 120.631 78.1249 80.32
threshold=51.500000000000007 34.500000000000007 1770.5000000000002 1699.5000000000002 1889.5000000000002 47.498750000000008
decision_type=2 2 2 2 2 8
left_child=1 3 -3 -1 -4 -6
right_child=-2 2 4 -5 5 -7
leaf_value=-0.010216591773320698 -0.034031370139363956 -0.022980252512728977 -0.0075691340213493901 0.0048204001944926302 -0.013504534965307206 0.0043559978767885284
leaf_weight=1385.1597635149956 1572.9664598405361 1091.5130865573883 4400.6084921509027 23808.363022640347 713.56679737567902 4082.8138161301613
leaf_count=5739 11470 4904 18358 97031 2996 17023
internal_value=-0.00014921 0.00138031 -0.0049847 0.00398249 -0.00278119 0.00163143
internal_weight=37055 35482 10288.5 25193.5 9196.99 4796.38
internal_count=157521 146051 43281 102770 38377 20019
is_linear=0
shrinkage=0.05


Tree=35
num_leaves=7
num_cat=0
split_feature=0 0 0 12 12 12
split_gain=679.917 175.068 153.071 89.4094 67.793 61.7714
threshold=46.500000000000007 59.500000000000007 30.500000000000004 1.6084500000000002 -72.684149999999988 20.750850000000003
decision_type=2 2 2 10 8 10
left_child=2 -2 5 4 -4 -1
right_child=1 -3 3 -5 -6 -7
leaf_value=0.0054782432906789816 -0.016439503497512786 -0.046411407448696852 -0.013752208980206491 -0.0092523052690705859 0.0011629733132212227 -0.010290778968806393
leaf_weight=18149.994630143046 2216.0278399288654 622.06144842505455 786.49399754405022 3150.2683071643114 11353.65267688036 616.16054643690586
leaf_count=74197 12558 5248 3215 12926 46440 2503
internal_value=-4.48551e-05 -0.0234256 0.00192247 -0.00178941 0.000165182 0.00494489
internal_weight=36894.7 2838.09 34056.6 15290.4 12140.1 18766.2
internal_count=157087 17806 139281 62581 49655 76700
is_linear=0
shrinkage=0.05


Tree=36
num_leaves=7
num_cat=0
split_feature=0 0 3 12 0 0
split_gain=626.118 189.908 128.713 145.109 85.7693 83.4284
threshold=51.500000000000007 39.500000000000007 1864.5000000000002 -72.684149999999988 59.500000000000007 30.500000000000004
decision_type=2 2 2 8 2 2
left_child=1 2 5 -4 -2 -1
right_child=4 -3 3 -5 -6 -7
leaf_value=0.0020452648043220614 -0.02049849408714275 -0.0075799875053019486 -0.010858041871619624 0.0071921578871969403 -0.045903875223338914 -0.0060191203830399923
leaf_weight=9525.5009585022926 907.96608589589596 5142.7813427299261 1176.9431848973036 14887.165704861283 600.07968511432409 4797.709057956934
leaf_count=38610 6239 22526 4763 61003 5236 19521
internal_value=-7.26519e-05 0.00127831 0.0027835 0.00585193 -0.031306 -0.00066292
internal_weight=37038.1 35530.1 30387.3 16064.1 1508.05 14323.2
internal_count=157898 146423 123897 65766 11475 58131
is_linear=0
shrinkage=0.05


Tree=37
num_leaves=7
num_cat=0
split_feature=0 0 3 3 11 3
split_gain=628.814 197.398 127.38 126.839 89.2593 89.2489
threshold=53.500000000000007 35.500000000000007 1842.5000000000002 1762.5000000000002 9.6578500000000016 1957.5000000000002
decision_type=2 2 2 2 10 2
left_child=1 2 4 -3 -1 -4
right_child=-2 3 5 -5 -6 -7
leaf_value=0.00058318615958020948 -0.035871236361404962 -0.023169307672393884 0.0065820008700750851 -0.0031044656493653846 -0.014523106217776841 -0.018432631424472868
leaf_weight=8385.6061983853579 1146.982826538384 840.52279248833656 16668.562874495983 8449.9854062795639 1076.6574943959713 336.19123254716396
leaf_count=33989 9521 3908 68329 36050 4402 1353
internal_value=8.88271e-05 0.00127141 0.00347193 -0.00498849 -0.00117614 0.00605586
internal_weight=36904.5 35757.5 26467 9290.51 9462.26 17004.8
internal_count=157552 148031 108073 39958 38391 69682
is_linear=0
shrinkage=0.05


Tree=38
num_leaves=7
num_cat=0
split_feature=0 0 0 12 9 8
split_gain=557.615 165.604 80.8843 75.4515 57.3597 57.0701
threshold=51.500000000000007 30.500000000000004 60.500000000000007 1.6084500000000002 48.834150000000001 448.19571007888015
decision_type=2 2 2 10 8 10
left_child=1 5 -2 4 -3 -1
right_child=2 3 -4 -5 -6 -7
leaf_value=0.0050906826296677338 -0.020406845854460075 -0.012285289091080382 -0.046180789762023486 -0.0089629133394985745 0.00023371152933390012 -0.0063437182347606596
leaf_weight=17688.739906668663 933.58116583526134 959.48822045326233 507.07302645593882 3483.7299506962299 12136.561142459512 1137.8764963299036
leaf_count=72508 6732 4001 4711 14572 50470 4568
internal_value=-6.72572e-05 0.00118482 -0.0302356 -0.00245674 -0.000709481 0.0043906
internal_weight=36847 35406.4 1440.65 16579.8 13096 18826.6
internal_count=157562 146119 11443 69043 54471 77076
is_linear=0
shrinkage=0.05


Tree=39
num_leaves=7
num_cat=0
split_feature=0 0 3 3 6 3
split_gain=495.093 185.75 159.902 93.4559 90.7044 75.1586
threshold=53.500000000000007 30.500000000000004 1880.5000000000002 1728.5000000000002 48.856900000000003 1716.5000000000002
decision_type=2 2 2 2 8 2
left_child=1 5 3 -3 -4 -1
right_child=-2 2 4 -5 -6 -7
leaf_value=-0.006719260869665955 -0.03296312736719486 -0.022591813371095337 -0.0093394983169562476 -0.0060723624807896368 0.0040686640529530808 0.0050388633268534933
leaf_weight=1448.9960062205791 1096.758061632514 947.2511233985424 1504.7433901280165 7367.9545593708754 7065.2620884031057 17308.514122769237
leaf_count=5981 9581 4278 6343 30759 29554 70855
internal_value=-0.000331233 0.000699756 -0.00310173 -0.00802867 0.00169006 0.00412128
internal_weight=36739.5 35642.7 16885.2 8315.21 8570.01 18757.5
internal_count=157351 147770 70934 35037 35897 76836
is_linear=0
shrinkage=0.05


Tree=40
num_leaves=7
num_cat=0
split_feature=0 0 0 12 12 9
split_gain=477.752 152.912 79.7744 79.7236 52.8373 68.6617
threshold=51.500000000000007 30.500000000000004 60.500000000000007 1.6084500000000002 21.01275 35.20835000000001
decision_type=2 2 2 10 10 10
left_child=1 4 -2 -3 -1 -6
right_child=2 3 -4 -5 5 -7
leaf_value=0.0045455590359490461 -0.018908426182415106 -0.00073279760909789461 -0.04494129811914635 -0.0092296435746867696 0.012472671118109971 -0.021610458740298856
leaf_weight=18195.136253088713 912.94731345772743 13118.852753996849 477.06964479386806 3468.5194351673126 200.79960015416145 401.13376796245575
leaf_count=74597 6768 54604 4708 14537 820 1628
internal_value=-0.000166785 0.000973602 -0.0286039 -0.00252299 0.00405826 -0.0101883
internal_weight=36774.5 35384.4 1390.02 16587.4 18797.1 601.933
internal_count=157662 146186 11476 69141 77045 2448
is_linear=0
shrinkage=0.05


Tree=41
num_leaves=7
num_cat=0
split_feature=0 0 8 14 11 11
split_gain=461.788 183.302 73.3892 76.416 58.1768 49.6662
threshold=53.500000000000007 39.500000000000007 101.11467674896382 1.0000000180025095e-35 2.2683500000000003 2.4210000000000007
decision_type=2 2 10 2 8 10
left_child=1 2 4 -4 -1 -3
right_child=-2 5 3 -5 -6 -7
leaf_value=0.0099044097615591346 -0.032311830828123979 -0.0047079987976161699 0.0029047468635570546 -0.010937926587733236 0.0026118279898720096 -0.015925894890307258
leaf_weight=3080.1916774958372 1041.745956145227 4122.1673922091722 2036.4570363909006 1904.8328206986189 23106.323048219085 1286.9693314880133
leaf_count=12596 9543 18484 8226 7678 94634 5880
internal_value=2.51251e-05 0.00099952 0.00252247 -0.00381753 0.00347997 -0.00745014
internal_weight=36578.7 35536.9 30127.8 3941.29 26186.5 5409.14
internal_count=157041 147498 123134 15904 107230 24364
is_linear=0
shrinkage=0.05


Tree=42
num_leaves=7
num_cat=0
split_feature=1 3 12 3 1 7
split_gain=280.241 156.232 89.5619 117.276 121.636 116.616
threshold=45.500000000000007 1722.5000000000002 -73.584099999999992 1879.5000000000002 29.500000000000004 0.79280000000000006
decision_type=2 2 8 2 2 10
left_child=1 -1 -3 4 -4 -5
right_child=-2 2 3 5 -6 -7
leaf_value=-0.011210890221235276 -0.021373978267253117 -0.0093105164889914944 0.0019472671977076143 0.0082165392461206136 -0.0081616703296772362 -0.0024186910166688674
leaf_weight=2430.9353258088231 1435.5937955006957 1674.8390085920691 12789.246259577572 11092.304202742875 3845.3741383254528 3339.9196783006191
leaf_count=10465 10240 7108 52505 46632 16278 14158
internal_value=4.86172e-05 0.000940465 0.00185209 0.00246228 -0.000400071 0.00575541
internal_weight=36608.2 35172.6 32741.7 31066.8 16634.6 14432.2
internal_count=157386 147146 136681 129573 68783 60790
is_linear=0
shrinkage=0.05


Tree=43
num_leaves=7
num_cat=0
split_feature=0 3 0 3 3 14
split_gain=413.8 151.155 116.694 80.6866 82.7473 95.385
threshold=55.500000000000007 1722.5000000000002 39.500000000000007 1963.5000000000002 1877.5000000000002 1.0000000180025095e-35
decision_type=2 2 2 2 2 2
left_child=1 -1 3 4 -3 -6
right_child=-2 2 -4 -5 5 -7
leaf_value=-0.011302493579457756 -0.035381148597236109 0.00045638601173687431 -0.0052386122522022245 -0.024735215181015138 0.0087609815707087643 -0.00037709118658343541
leaf_weight=2435.9330244213343 785.29525279998779 14463.012659415603 5325.0630694925785 233.57819111645222 9150.377599298954 4141.5896832048893
leaf_count=10474 7871 58566 24551 944 37807 16970
internal_value=-0.000159158 0.000643566 0.00152646 0.0028178 0.00307614 0.00591925
internal_weight=36534.8 35749.6 33313.6 27988.6 27755 13292
internal_count=157183 149312 138838 114287 113343 54777
is_linear=0
shrinkage=0.05


Tree=44
num_leaves=7
num_cat=0
split_feature=0 3 0 6 1 14
split_gain=392.427 141.294 139.362 115.705 77.1358 76.9255
threshold=55.500000000000007 1880.5000000000002 34.500000000000007 10.669450000000003 33.500000000000007 1.0000000180025095e-35
decision_type=2 2 2 10 2 2
left_child=1 2 -1 4 -3 -5
right_child=-2 3 -4 5 -6 -7
leaf_value=0.00045487844775193024 -0.034804426437855793 0.009794978411119858 -0.0091581974114901456 0.0047412260346139682 -5.3097461049349791e-05 -0.0071851959145714257
leaf_weight=14787.188076257706 759.87547990679741 7953.9839297384024 5029.1912613213062 2497.7852827012539 2647.3266197443008 2879.4538880735636
leaf_count=60124 7830 33342 22149 10437 11510 12048
internal_value=5.62086e-05 0.000824776 -0.00199498 0.00431898 0.00734254 -0.00164968
internal_weight=36554.8 35794.9 19816.4 15978.5 10601.3 5377.24
internal_count=157440 149610 82273 67337 44852 22485
is_linear=0
shrinkage=0.05


Tree=45
num_leaves=7
num_cat=0
split_feature=0 3 0 3 3 3
split_gain=361.724 136.998 116.667 83.6178 75.169 62.8496
threshold=56.500000000000007 1699.5000000000002 39.500000000000007 1963.5000000000002 1897.5000000000002 1877.5000000000002
decision_type=2 2 2 2 2 2
left_child=1 -1 3 5 -4 -3
right_child=-2 2 4 -5 -6 -7
leaf_value=-0.012892598127818034 -0.035899281482494765 0.00064616028597051778 -0.010742162047344198 -0.02572060375264941 0.00097916731003442887 0.0053625597644142249
leaf_weight=1755.9369360804558 661.63216638565063 15134.051230847836 2945.4803429543972 228.68578840792179 2522.9802225753665 13231.185096621513
leaf_count=7585 7130 61374 13884 926 11815 54631
internal_value=-8.37857e-05 0.000607283 0.00131394 0.00259429 -0.00535846 0.0028495
internal_weight=36480 35818.3 34062.4 28593.9 5468.46 28365.2
internal_count=157345 150215 142630 116931 25699 116005
is_linear=0
shrinkage=0.05


Tree=46
num_leaves=7
num_cat=0
split_feature=1 3 1 3 12 11
split_gain=230.745 122.303 64.4293 78.5657 75.0566 82.5104
threshold=48.500000000000007 1709.5000000000002 32.500000000000007 1897.5000000000002 -73.949449999999999 1.4434000000000002
decision_type=2 2 2 2 8 8
left_child=1 -1 4 -4 -3 -6
right_child=-2 2 3 -5 5 -7
leaf_value=-0.011458367098657742 -0.024702880401123881 -0.009018202956773861 -0.0084882000219711259 0.0025653530966970629 0.010769000273574334 0.0018227340992273211
leaf_weight=2007.5727644488215 906.73481588065624 1380.4139076843858 3418.2714667394757 2991.1218857094646 2876.9853643774986 22930.75333032757
leaf_count=8760 7745 5742 14942 13313 11983 95227
internal_value=-0.000207143 0.000436947 0.00115732 -0.00334183 0.00222048 0.00283139
internal_weight=36511.9 35605.1 33597.5 6409.39 27188.2 25807.7
internal_count=157712 149967 141207 28255 112952 107210
is_linear=0
shrinkage=0.05


Tree=47
num_leaves=7
num_cat=0
split_feature=0 0 3 8 14 3
split_gain=316.147 118.377 84.6329 113.446 92.6515 80.9509
threshold=56.500000000000007 40.500000000000007 1877.5000000000002 inf 1.0000000180025095e-35 1754.5000000000002
decision_type=2 2 2 8 2 2
left_child=1 2 -1 4 -4 -3
right_child=-2 5 3 -5 -6 -7
leaf_value=-0.00069941616020643331 -0.034154458384846334 -0.027722318730115561 0.0059876291981928861 0.0074291546138691685 -0.0092487637020943168 -0.0046872050746844382
leaf_weight=17004.155636519194 639.82445780187845 389.25645880401134 1757.8498785346746 9872.26857021451 2232.0467313379049 4522.3280969336629
leaf_count=69312 7188 2073 7116 41125 9023 21594
internal_value=-0.000120792 0.000515945 0.00166477 0.00456008 -0.0025414 -0.00667002
internal_weight=36417.7 35777.9 30866.3 13862.2 3989.9 4911.58
internal_count=157431 150243 126576 57264 16139 23667
is_linear=0
shrinkage=0.05


Tree=48
num_leaves=7
num_cat=0
split_feature=0 3 0 3 6 0
split_gain=308.4 127.088 100.737 81.9079 73.1978 65.4566
threshold=56.500000000000007 1722.5000000000002 29.500000000000004 1889.5000000000002 50.450300000000006 33.500000000000007
decision_type=2 2 2 2 8 2
left_child=1 5 -3 -4 -5 -1
right_child=-2 2 3 4 -6 -7
leaf_value=-0.0055983791663424282 -0.034118744258070759 0.0043520718527167625 -0.0042983416482227799 -0.0062899856246573143 0.0048747072333513441 -0.024581041903874119
leaf_weight=1845.3793392181396 622.85046661645174 15274.23574963212 9654.9698608070612 1854.7985887601972 6638.5895730629563 584.85574739426374
leaf_count=7697 7184 62811 40912 7966 28375 2883
internal_value=-6.18925e-05 0.000557788 0.00136396 -0.00115397 0.00242299 -0.0104107
internal_weight=36475.7 35852.8 33422.6 18148.4 8493.39 2430.24
internal_count=157828 150644 140064 77253 36341 10580
is_linear=0
shrinkage=0.05


Tree=49
num_leaves=7
num_cat=0
split_feature=0 0 3 3 12 11
split_gain=284.373 130.562 79.3836 75.091 63.2928 92.9342
threshold=59.500000000000007 42.500000000000007 1900.5000000000002 1692.5000000000002 -74.004449999999977 0.10835000000000002
decision_type=2 2 2 2 8 8
left_child=1 3 -3 -1 -5 -6
right_child=-2 2 -4 4 5 -7
leaf_value=-0.0096993945787112994 -0.039232714470021419 -0.014742332763579037 -0.00028052610021584004 -0.0086519908566352974 0.010887877739257222 0.0014895256220506402
leaf_weight=1421.5199993103743 428.91465736925602 2110.526804022491 1706.6802114769816 1319.9846468418837 2892.017534032464 26522.12882180512
leaf_count=6066 5275 11295 9053 5374 11856 108810
internal_value=-0.000121934 0.000376697 -0.00832904 0.00141696 0.00194007 0.00242373
internal_weight=36401.8 35972.9 3817.21 32155.7 30734.1 29414.1
internal_count=157729 152454 20348 132106 126040 120666
is_linear=0
shrinkage=0.05


Tree=50
num_leaves=7
num_cat=0
split_feature=0 0 3 12 3 12
split_gain=268.177 113.964 84.1488 96.5181 72.1744 62.5662
threshold=59.500000000000007 42.500000000000007 1869.5000000000002 -73.584099999999992 1894.5000000000002 0.58595000000000008
decision_type=2 2 2 8 2 10
left_child=1 2 -1 -4 5 -3
right_child=-2 4 3 -5 -6 -7
leaf_value=-0.001056145915057637 -0.038660778494373396 -0.0091387715879258317 -0.0092046962378242239 0.0051775474926981611 -0.00046743910928969973 -0.03055982501426165
leaf_weight=15921.321991786361 411.38356506079435 1528.1461509615183 1238.0085469186306 14927.743879571557 1842.2759958058596 427.89075574278831
leaf_count=65054 5225 8175 5046 61759 9713 2405
internal_value=7.58081e-05 0.0005518 0.00152336 0.00406111 -0.00760329 -0.0142155
internal_weight=36296.8 35885.4 32087.1 16165.8 3798.31 1956.04
internal_count=157377 152152 131859 66805 20293 10580
is_linear=0
shrinkage=0.05


Tree=51
num_leaves=7
num_cat=0
split_feature=0 0 3 3 11 3
split_gain=246.244 112.998 75.2287 72.876 75.9291 61.0134
threshold=59.500000000000007 40.500000000000007 1688.5000000000002 1897.5000000000002 2.3523000000000001 1963.5000000000002
decision_type=2 2 2 2 10 2
left_child=1 2 -1 4 -3 -4
right_child=-2 3 5 -5 -6 -7
leaf_value=-0.010046267677695111 -0.037620770490904398 -0.0074655824734435232 0.0023045812450004587 4.7351548557394341e-05 -0.027719030730518748 -0.021269440019518086
leaf_weight=1306.1958428770304 400.4737349525094 2167.954167149961 29244.555227473378 2327.7245247662067 572.84942512959242 247.30876098573208
leaf_count=5568 5254 10990 119928 11637 3069 1006
internal_value=-2.91735e-05 0.000421651 0.00156168 -0.00647398 -0.011953 0.00208548
internal_weight=36267.1 35866.6 30798.1 5068.53 2740.8 29491.9
internal_count=157452 152198 126502 25696 14059 120934
is_linear=0
shrinkage=0.05


Tree=52
num_leaves=7
num_cat=0
split_feature=0 0 12 8 11 12
split_gain=248.059 97.4921 61.2281 37.9376 42.588 33.4379
threshold=59.500000000000007 30.500000000000004 1.6084500000000002 448.19571007888015 2.0924 -90.996849999999981
decision_type=2 2 10 10 8 8
left_child=1 3 5 4 -1 -3
right_child=-2 2 -4 -5 -6 -7
leaf_value=0.010138302415374513 -0.038366869380491025 -0.015983879110642439 -0.00790369795223771 -0.0057805399537338431 0.0026857020642240045 -0.00021272282555546271
leaf_weight=2168.0303675234318 384.1219679787755 314.85287842154503 3626.8279426246881 1116.2900705039501 15404.225524008274 13262.785280324519
leaf_count=8944 5200 1406 16149 4490 63631 57787
internal_value=0.000109594 0.000553061 -0.00216092 0.00305098 0.0036209 -0.000612874
internal_weight=36277.1 35893 17204.5 18688.5 17572.3 13577.6
internal_count=157607 152407 75342 77065 72575 59193
is_linear=0
shrinkage=0.05


Tree=53
num_leaves=7
num_cat=0
split_feature=0 3 12 12 1 11
split_gain=223.681 95.8347 98.0733 67.4919 47.5492 38.2318
threshold=57.500000000000007 1844.5000000000002 4.3080500000000006 -90.996849999999981 29.500000000000004 0.53015000000000012
decision_type=2 2 10 8 2 8
left_child=1 2 4 -3 -1 -5
right_child=-2 3 -4 5 -6 -7
leaf_value=0.0006795731688796925 -0.032761081427691234 -0.014505219403004067 -0.013334954651337919 0.0080280221919067623 -0.007352327765480263 0.0019726978305010349
leaf_weight=8056.5535137802362 483.74359301477671 550.19550107419491 1935.9763299152255 2977.9252832308412 2357.4986082836986 19869.912005953491
leaf_count=33144 6441 2343 8371 12659 10371 84185
internal_value=-3.22453e-06 0.000467154 -0.00309163 0.00234712 -0.00115456 0.00277142
internal_weight=36231.8 35748.1 12350 23398 10414.1 22847.8
internal_count=157514 151073 51886 99187 43515 96844
is_linear=0
shrinkage=0.05


Tree=54
num_leaves=7
num_cat=0
split_feature=0 0 12 12 9 0
split_gain=203.139 73.5841 57.5094 38.8748 40.1821 38.2139
threshold=53.500000000000007 29.500000000000004 1.6084500000000002 19.038100000000004 22.257750000000005 60.500000000000007
decision_type=2 2 10 10 10 2
left_child=1 3 -3 -1 -5 -2
right_child=5 2 -4 4 -6 -7
leaf_value=0.0034957752541566567 -0.014054611093097837 -0.00012239662589330202 -0.0069218201640682099 0.015130047655369058 -0.014729017421651603 -0.037028295001799404
leaf_weight=16076.339514523745 503.30558375269175 14825.943372815847 3905.6364210397005 115.73804695904255 519.70375724136829 323.87741293758154
leaf_count=66377 4867 62594 16695 477 2117 4688
internal_value=2.07602e-05 0.00060193 -0.00154891 0.00301118 -0.00885363 -0.0240309
internal_weight=36270.5 35443.4 18731.6 16711.8 635.442 827.183
internal_count=157815 148260 79289 68971 2594 9555
is_linear=0
shrinkage=0.05


Tree=55
num_leaves=7
num_cat=0
split_feature=0 0 12 11 12 10
split_gain=201.669 80.0504 60.6388 57.0771 40.8616 39.2875
threshold=59.500000000000007 39.500000000000007 -74.004449999999977 0.53015000000000012 2.3119500000000008 48.087350000000008
decision_type=2 2 8 8 10 10
left_child=1 2 -1 -4 -3 -5
right_child=-2 4 3 5 -6 -7
leaf_value=-0.0091517991781757176 -0.035713844221043192 -0.0024755959488707842 0.0087806030640209028 0.0022906933978873245 -0.012655722569592446 -0.0028937515076762118
leaf_weight=1205.4455860704184 355.056744530797 4507.0091201066971 2899.1785881519318 21556.376964792609 1239.8263223990798 4372.0530415773392
leaf_count=4902 5259 22235 11931 88739 6381 17892
internal_value=0.000278405 0.000665189 0.00170052 0.00216336 -0.00472618 0.00141416
internal_weight=36134.9 35779.9 30033.1 28827.6 5746.84 25928.4
internal_count=157339 152080 123464 118562 28616 106631
is_linear=0
shrinkage=0.05


Tree=56
num_leaves=7
num_cat=0
split_feature=0 0 6 7 11 5
split_gain=178.242 88.2135 48.2608 47.315 39.1709 35.4684
threshold=60.500000000000007 39.500000000000007 42.36140000000001 19.108350000000005 1.4434000000000002 2.2803000000000004
decision_type=2 2 8 10 8 10
left_child=1 2 -1 4 -4 -3
right_child=-2 5 3 -5 -6 -7
leaf_value=-0.0070904828214378018 -0.036489348048989394 -0.0033314757028303035 0.0073139839270625132 -0.01172019278129309 0.001420340237242882 -0.01284096805146495
leaf_weight=1587.1912168413401 303.73358328267932 4567.7456654980779 3158.0687073022127 604.18945097923279 24627.197021961212 1231.9780524000525
leaf_count=6450 4682 22815 13000 2447 101365 6445
internal_value=-0.000117984 0.000221114 0.00131436 0.00179125 0.00209738 -0.00540717
internal_weight=36080.1 35776.4 29976.6 28389.5 27785.3 5799.72
internal_count=157204 152522 123262 116812 114365 29260
is_linear=0
shrinkage=0.05


Tree=57
num_leaves=7
num_cat=0
split_feature=0 3 12 0 3 3
split_gain=179.685 92.5224 95.2394 45.7312 65.5458 42.68
threshold=60.500000000000007 1813.5000000000002 2.0924 42.500000000000007 1961.5000000000002 1931.5000000000002
decision_type=2 2 10 2 2 2
left_child=1 2 -1 4 -3 -5
right_child=-2 3 -4 5 -6 -7
leaf_value=-0.0016680574455584037 -0.036920862023102234 0.0027292669950782951 -0.015260233076422708 -0.0071170127126180364 -0.018454767497993182 0.0066888962607889223
leaf_weight=6481.9995141550899 296.76215704157948 24343.368800967932 1581.6033459231257 2419.4822410941124 341.1015672981739 699.80598952621222
leaf_count=27425 4716 100169 7010 12937 1395 4044
internal_value=-1.10165e-05 0.000324971 -0.00438072 0.00169296 0.00241449 -0.00398547
internal_weight=36164.1 35867.4 8063.6 27803.8 24684.5 3119.29
internal_count=157696 152980 34435 118545 101564 16981
is_linear=0
shrinkage=0.05


Tree=58
num_leaves=7
num_cat=0
split_feature=0 3 0 3 6 0
split_gain=173.607 70.1094 55.9157 48.8357 57.6857 42.3317
threshold=53.500000000000007 1688.5000000000002 30.500000000000004 1892.5000000000002 50.450300000000006 32.500000000000007
decision_type=2 2 2 2 8 2
left_child=1 5 -3 -4 -5 -1
right_child=-2 2 3 4 -6 -7
leaf_value=-0.0051214397559076726 -0.023001062921259169 0.0028280523701442271 -0.0036690670585463473 -0.0063195520649948246 0.0042797537824011229 -0.024822910978110988
leaf_weight=1073.9698109775782 779.01484586298466 17672.318199932575 9057.8525264561176 1639.6580883860588 5539.659603536129 346.49602441489697
leaf_count=4517 9584 72973 38462 6984 23365 1706
internal_value=-9.97101e-05 0.000424344 0.000884056 -0.00123308 0.00184279 -0.0103413
internal_weight=36109 35330 33909.5 16237.2 7179.32 1420.47
internal_count=157591 148007 141784 68811 30349 6223
is_linear=0
shrinkage=0.05


Tree=59
num_leaves=7
num_cat=0
split_feature=0 3 0 3 3 3
split_gain=152.289 78.1714 60.2528 63.1045 58.5453 43.669
threshold=60.500000000000007 1692.5000000000002 42.500000000000007 1919.5000000000002 1963.5000000000002 1872.5000000000002
decision_type=2 2 2 2 2 2
left_child=1 -1 4 -4 5 -3
right_child=-2 2 3 -5 -6 -7
leaf_value=-0.010648971565664588 -0.03496606852347188 -0.00018822451242251563 -0.0095753446666056608 0.0045887004571593228 -0.02033032219072934 0.0036047284356555465
leaf_weight=1534.6755726933479 279.10498540475965 15059.312991321087 2541.6555454060435 1111.2874786779284 274.11223614215851 15260.913464605808
leaf_count=6825 4674 61359 13885 6280 1125 63344
internal_value=-2.10889e-05 0.000280551 0.000779211 -0.00526412 0.00150523 0.00172254
internal_weight=36061.1 35782 34247.3 3652.94 30594.3 30320.2
internal_count=157492 152818 145993 20165 125828 124703
is_linear=0
shrinkage=0.05


Tree=60
num_leaves=7
num_cat=0
split_feature=0 3 0 12 11 3
split_gain=147.346 89.2669 54.4575 43.6044 67.9822 55.3273
threshold=55.500000000000007 1756.5000000000002 33.500000000000007 -73.584099999999992 0.10835000000000002 1888.5000000000002
decision_type=2 2 2 8 8 2
left_child=1 2 -1 -3 -5 -6
right_child=-2 3 -4 4 5 -7
leaf_value=-0.0034713046573324768 -0.025258429556331587 -0.0067722386070812844 -0.017325367610116296 0.0086702537095410277 -0.0011827529037277179 0.0033762217009601124
leaf_weight=2803.4953197836876 545.28760292753577 1633.7109232768416 929.88146201521158 2982.8868055865169 15650.927485100925 11534.202684983611
leaf_count=11626 7885 6875 4605 12587 65064 49033
internal_value=-0.000156326 0.000249848 -0.00703257 0.00111059 0.00154378 0.000753134
internal_weight=36080.4 35535.1 3733.38 31801.7 30168 27185.1
internal_count=157675 149790 16231 133559 126684 114097
is_linear=0
shrinkage=0.05


Tree=61
num_leaves=7
num_cat=0
split_feature=0 3 7 1 14 1
split_gain=138.809 66.0368 82.5517 80.6124 69.3599 52.129
threshold=56.500000000000007 1880.5000000000002 49.119450000000008 29.500000000000004 1.0000000180025095e-35 33.500000000000007
decision_type=2 2 8 2 2 2
left_child=1 3 4 -1 -3 -4
right_child=-2 2 5 -5 -6 -7
leaf_value=4.9297467180441159e-06 -0.026568094978466097 0.0035525377939252829 0.0071041285084909936 -0.0075362399152862653 -0.0079177165453215934 -0.00095568220217170572
leaf_weight=15031.342192187905 462.32124424725771 2448.8390842527151 7969.5808804482222 4606.9452008828521 2791.0856923758984 2668.9655818939209
leaf_count=62211 7146 10365 33824 20231 11801 11763
internal_value=-0.0002008 0.000164556 0.00255966 -0.00177295 -0.00256747 0.00508511
internal_weight=35979.1 35516.8 15878.5 19638.3 5239.92 10638.5
internal_count=157341 150195 67753 82442 22166 45587
is_linear=0
shrinkage=0.05


Tree=62
num_leaves=7
num_cat=0
split_feature=0 3 0 3 0 3
split_gain=133.789 66.3779 48.5502 43.9673 45.7669 43.354
threshold=59.500000000000007 1692.5000000000002 29.500000000000004 1892.5000000000002 46.500000000000007 1957.5000000000002
decision_type=2 2 2 2 2 2
left_child=1 -1 5 4 -4 -3
right_child=-2 2 3 -5 -6 -7
leaf_value=-0.0099635354376508868 -0.031951288631801467 0.002986059447629147 -0.0021925390282663102 0.0016770595994798493 -0.013878716065078765 -0.020770157484918672
leaf_weight=1509.2172955274582 296.66086100414395 15494.14371368289 9498.0101007223129 8085.7871089577675 891.33564678579569 164.85111340880394
leaf_count=6752 5255 64084 39249 35500 5852 666
internal_value=-9.81703e-05 0.000193591 0.000651037 -0.00108439 -0.00323221 0.00269673
internal_weight=35940 35643.3 34134.1 18475.1 10389.3 15659
internal_count=157358 152103 145351 80601 45101 64750
is_linear=0
shrinkage=0.05


Tree=63
num_leaves=7
num_cat=0
split_feature=0 0 12 10 0 2
split_gain=110.512 59.4323 41.1214 28.7732 28.1653 27.1385
threshold=59.500000000000007 29.500000000000004 1.6084500000000002 37.501350000000009 23.500000000000004 19.500000000000004
decision_type=2 2 10 8 2 10
left_child=1 4 3 -3 -1 -4
right_child=-2 2 5 -5 -6 -7
leaf_value=-0.0012736959085105975 -0.029443543063203223 -0.012484306804460787 -0.0049680202100733208 -0.00026826980320924544 0.0034175623743305026 -0.018928348318903991
leaf_weight=4292.2601477354765 290.82879794761539 468.57566326111555 3627.6550902724266 14571.250401884317 12385.336114570498 362.32495863735676
leaf_count=17717 5304 2068 15686 63467 51349 2120
internal_value=-0.00022927 3.31901e-05 -0.00187509 -0.000672964 0.00221007 -0.00636754
internal_weight=35998.2 35707.4 19029.8 15039.8 16677.6 3989.98
internal_count=157711 152407 83341 65535 69066 17806
is_linear=0
shrinkage=0.05


Tree=64
num_leaves=7
num_cat=0
split_feature=0 3 0 0 3 3
split_gain=115.019 61.3276 44.6019 37.6749 39.5589 37.4869
threshold=59.500000000000007 1719.5000000000002 25.500000000000004 30.500000000000004 1892.5000000000002 1957.5000000000002
decision_type=2 2 2 2 2 2
left_child=1 2 -1 5 -5 -3
right_child=-2 3 -4 4 -6 -7
leaf_value=0.0010302498980450695 -0.030458994806925967 0.0028054392801536592 -0.013199470442645123 -0.0030567597719876609 0.0018751527746167899 -0.017740497436082848
leaf_weight=907.26036608219147 275.39256326854229 16877.387842804193 1355.2754903957248 8916.7015661597252 7425.6088107004762 195.43148681521416
leaf_count=3799 5154 69858 6331 38887 32734 790
internal_value=9.57292e-05 0.00035697 -0.00755464 0.000898961 -0.000816471 0.00253955
internal_weight=35953.1 35677.7 2262.54 33415.1 16342.3 17072.8
internal_count=157553 152399 10130 142269 71621 70648
is_linear=0
shrinkage=0.05


Tree=65
num_leaves=7
num_cat=0
split_feature=0 3 11 0 12 3
split_gain=113.526 50.818 47.9788 34.3842 45.6417 38.0466
threshold=60.500000000000007 1722.5000000000002 6.958050000000001 39.500000000000007 2.7003000000000008 1964.5000000000002
decision_type=2 2 10 2 10 2
left_child=1 2 -1 5 -5 -3
right_child=-2 3 -4 4 -6 -7
leaf_value=-0.0027969943259062231 -0.032184341015377003 0.001731169650693064 -0.019677903097819225 -0.00046558521951976144 -0.01181889085287683 -0.019052243899180792
leaf_weight=1881.219510614872 240.20880573615432 27657.468659609556 517.35630239546299 4389.4937278404832 1079.7148155160248 192.14093725383282
leaf_count=8307 4709 113755 2466 21996 5670 789
internal_value=0.00010318 0.000347149 -0.00663619 0.000855388 -0.00275917 0.00156743
internal_weight=35957.6 35717.4 2398.58 33318.8 5469.21 27849.6
internal_count=157692 152983 10773 142210 27666 114544
is_linear=0
shrinkage=0.05


Tree=66
num_leaves=7
num_cat=0
split_feature=1 3 12 1 2 12
split_gain=81.3673 47.7488 61.0812 37.8349 31.1022 29.0735
threshold=60.500000000000007 1844.5000000000002 5.6593500000000008 29.500000000000004 25.500000000000004 -72.684149999999988
decision_type=2 2 10 2 8 8
left_child=1 2 3 -1 -5 -3
right_child=-2 5 -4 4 -6 -7
leaf_value=0.00067661104509283152 -0.036610303783470972 -0.0049990019390082404 -0.010984638601307151 -0.015366452532677741 -0.0027726731217792514 0.0019390325146684717
leaf_weight=8206.1549720950425 121.26955832913518 1593.3961110562086 1737.071124214679 666.73830364644527 1716.0152494572103 21854.174640350044
leaf_count=34043 2515 7082 7792 3257 7711 95159
internal_value=-1.68337e-05 0.000137787 -0.00237824 -0.000939348 -0.00644389 0.00146177
internal_weight=35894.8 35773.6 12326 10588.9 2382.75 23447.6
internal_count=157559 155044 52803 45011 10968 102241
is_linear=0
shrinkage=0.05


Tree=67
num_leaves=7
num_cat=0
split_feature=1 3 11 8 11 3
split_gain=74.5534 46.7624 61.0651 34.6505 37.6385 33.9263
threshold=60.500000000000007 1844.5000000000002 9.6578500000000016 521.7196529385775 0.10835000000000002 1918.5000000000002
decision_type=2 2 10 10 8 2
left_child=1 2 -1 4 -3 -6
right_child=-2 3 -4 -5 5 -7
leaf_value=-0.0013162236627128824 -0.035774858264497424 0.0072788973267171337 -0.012040699829206893 -0.0049119014985298682 -9.2454190518067515e-05 0.0052529652342808396
leaf_weight=10776.071292921901 117.42076136544347 2680.1467466838658 1485.5670671127737 2103.4999338649213 14937.106886997819 3674.1953255161643
leaf_count=45861 2517 11836 6706 9333 64137 16694
internal_value=-0.000291143 -0.000144315 -0.00264177 0.00116635 0.00177292 0.00096958
internal_weight=35774 35656.6 12261.6 23394.9 21291.4 18611.3
internal_count=157084 154567 52567 102000 92667 80831
is_linear=0
shrinkage=0.05


Tree=68
num_leaves=7
num_cat=0
split_feature=0 3 3 11 12 0
split_gain=97.4225 41.6466 37.9908 56.592 41.1218 37.0431
threshold=49.500000000000007 1968.5000000000002 1809.5000000000002 -1.0831499999999996 -90.996849999999981 60.500000000000007
decision_type=2 2 2 10 8 2
left_child=2 5 3 -1 -4 -2
right_child=1 -3 4 -5 -6 -7
leaf_value=-0.00013241711096469749 -0.010697402727563303 0.020815534614360733 -0.01224114149969369 -0.010185383976968897 0.001655265808960221 -0.033156423035349013
leaf_weight=5591.1615352481604 1114.1352368444204 61.336876817047596 513.53123807907104 1837.8894913941622 26594.239068344235 207.20990357920527
leaf_count=23338 8642 711 2147 7991 110551 4321
internal_value=-1.54617e-05 -0.0128855 0.000510525 -0.00265041 0.00137877 -0.0148773
internal_weight=35919.5 1382.68 34536.8 7429.05 27107.8 1321.35
internal_count=157701 13674 144027 31329 112698 12963
is_linear=0
shrinkage=0.05


Tree=69
num_leaves=7
num_cat=0
split_feature=0 3 1 8 14 1
split_gain=80.8717 52.0951 50.3798 49.093 47.3043 47.3024
threshold=59.500000000000007 1880.5000000000002 28.500000000000004 6655.9052632384737 1.0000000180025095e-35 23.500000000000004
decision_type=2 2 2 8 2 2
left_child=1 2 -1 4 -3 -6
right_child=-2 3 -4 -5 5 -7
leaf_value=0.00015939498299490445 -0.026666385657921787 0.0038356506547927655 -0.0055152381326176361 0.0041920982361890241 -0.015522920598804685 -0.0013664752302737085
leaf_weight=14283.339681714773 249.60133616626263 1975.8015751168132 5355.4167695268989 11428.02771858871 887.48884553462267 1672.068318836391
leaf_count=59363 5191 8481 23853 49705 3641 7305
internal_value=0.000119349 0.000329433 -0.00139411 0.00244844 -0.00194385 -0.00639798
internal_weight=35851.7 35602.1 19638.8 15963.4 4535.36 2559.56
internal_count=157539 152348 83216 69132 19427 10946
is_linear=0
shrinkage=0.05


Tree=70
num_leaves=7
num_cat=0
split_feature=0 3 0 12 10 12
split_gain=82.6755 51.6452 44.0803 37.6205 56.3827 37.1199
threshold=59.500000000000007 1722.5000000000002 25.500000000000004 19.042600000000004 35.193050000000007 -90.996849999999981
decision_type=2 2 2 10 10 8
left_child=1 2 -1 5 -5 -3
right_child=-2 3 -4 4 -6 -7
leaf_value=0.0013776807104752364 -0.027324776138064156 -0.011419955485742159 -0.012420734965931112 0.0068220230785105921 -0.015252881343552238 0.0012339806499493582
leaf_weight=954.86068919301033 245.78658546507359 560.62556042522192 1418.47906473279 417.96740151941776 816.24445423483849 31436.073149852455
leaf_count=4004 5245 2437 6697 1770 3459 134017
internal_value=-5.40181e-05 0.000157086 -0.00692135 0.000668412 -0.0077927 0.00100178
internal_weight=35850 35604.3 2373.34 33230.9 1234.21 31996.7
internal_count=157629 152384 10701 141683 5229 136454
is_linear=0
shrinkage=0.05


Tree=71
num_leaves=7
num_cat=0
split_feature=1 3 1 14 5 5
split_gain=65.3284 38.7276 79.907 64.7831 51.6805 47.3116
threshold=60.500000000000007 1887.5000000000002 29.500000000000004 1.0000000180025095e-35 51.011500000000005 1.1039000000000001
decision_type=2 2 2 2 8 8
left_child=1 2 5 -3 -5 -1
right_child=-2 3 -4 4 -6 -7
leaf_value=0.0083337618824049046 -0.034613742037803243 0.0044136379697240309 -0.0067900235206569334 -0.006904415957671545 0.0034296336352339809 -0.00054534580761922522
leaf_weight=1642.379566732794 106.83450625836849 9477.8497328720987 5102.3674583919346 2893.2341470755637 2039.7536750473082 14552.92251861468
leaf_count=6911 2552 41801 23556 12855 8964 60821
internal_value=-0.000131713 4.21411e-07 -0.00135338 0.00199985 -0.00263646 0.000368836
internal_weight=35815.3 35708.5 21297.7 14410.8 4932.99 16195.3
internal_count=157460 154908 91288 63620 21819 67732
is_linear=0
shrinkage=0.05


Tree=72
num_leaves=7
num_cat=0
split_feature=0 3 9 14 5 4
split_gain=74.821 36.6875 53.2341 32.0148 26.9905 38.9487
threshold=60.500000000000007 1756.5000000000002 50.927350000000011 1.0000000180025095e-35 21.558050000000005 35.691200000000002
decision_type=2 2 10 2 10 10
left_child=1 2 3 -1 -3 -6
right_child=-2 4 -4 -5 5 -7
leaf_value=-0.0049602397749346798 -0.028014841739755814 0.0010301395882093721 -0.01524115099138908 0.0060928061347645295 0.0054572957062497427 -0.013450881522908709
leaf_weight=1867.5010889880359 206.49187638610601 30798.624180585146 850.42476804554462 971.34550167992711 404.2300398349762 727.89173226058483
leaf_count=8160 4719 131657 3971 4277 1712 3101
internal_value=1.61246e-05 0.00020206 -0.00449812 -0.00115414 0.000748831 -0.00673302
internal_weight=35826.5 35620 3689.27 2838.85 31930.7 1132.12
internal_count=157597 152878 16408 12437 136470 4813
is_linear=0
shrinkage=0.05


Tree=73
num_leaves=7
num_cat=0
split_feature=1 3 1 3 3 14
split_gain=61.0905 48.6217 46.3034 60.8164 41.6271 63.4199
threshold=33.500000000000007 1963.5000000000002 60.500000000000007 1957.5000000000002 1877.5000000000002 1.0000000180025095e-35
decision_type=2 2 2 2 2 2
left_child=1 4 3 -2 -1 -6
right_child=2 -3 -4 -5 5 -7
leaf_value=-0.00057182533769406193 -0.0048294109732198807 -0.019430300862879599 -0.034056696927802499 0.021999614487131711 0.0057099384985144453 -0.0017767570951342693
leaf_weight=16570.199444781989 5975.263342667371 261.90059616044164 100.68026547878981 189.60681409016252 8494.892604008317 4215.8679680228233
leaf_count=69277 29315 1138 2547 1260 36291 17800
internal_value=-7.40142e-05 0.000878123 -0.00454625 -0.00390172 0.00107947 0.00322844
internal_weight=35808.4 29542.9 6265.55 6164.87 29281 12710.8
internal_count=157628 124506 33122 30575 123368 54091
is_linear=0
shrinkage=0.05


Tree=74
num_leaves=7
num_cat=0
split_feature=0 3 12 3 0 1
split_gain=71.3716 47.3504 54.7353 44.0715 41.4286 41.3469
threshold=40.500000000000007 1917.5000000000002 0.83900000000000008 1963.5000000000002 64.500000000000014 28.500000000000004
decision_type=2 2 10 2 2 2
left_child=3 2 5 -1 -3 -2
right_child=1 4 -4 -5 -6 -7
leaf_value=0.0010217396227828817 0.0046747323210679049 0.0035232121191794488 -0.021118683061160864 -0.019112717726801086 -0.030714724818977541 -0.0089928501947614224
leaf_weight=30379.877870172262 720.88386791199446 1536.6410930454731 684.8025537468493 244.28443430364132 63.70864162966609 2145.7875169627368
leaf_count=125654 3698 8672 4221 1010 1566 12666
internal_value=-7.49039e-05 -0.00550205 -0.00869811 0.000842582 0.00162013 -0.00554303
internal_weight=35776 5151.82 3551.47 30624.2 1600.35 2866.67
internal_count=157487 30823 20585 126664 10238 16364
is_linear=0
shrinkage=0.05


Tree=75
num_leaves=7
num_cat=0
split_feature=0 0 3 12 12 9
split_gain=66.9628 42.0819 41.6488 51.2118 28.5734 51.1332
threshold=62.500000000000007 40.500000000000007 1919.5000000000002 0.58595000000000008 21.01275 35.20835000000001
decision_type=2 2 2 10 10 10
left_child=1 4 3 -3 -1 -6
right_child=-2 2 -4 -5 5 -7
leaf_value=0.00092583011086439394 -0.030235278513946251 -0.0041403143545108234 0.002936670088545775 -0.019177924173320739 0.0081760318652135903 -0.01554223924099641
leaf_weight=29650.773705735803 154.65886749699712 2892.0395723432302 1410.6763667874038 682.61537032946944 319.27773468196392 646.04221960902214
leaf_count=122685 3773 15281 7813 4013 1313 2647
internal_value=-0.000203689 -4.78792e-05 -0.00429361 -0.0071476 0.000646994 -0.00768748
internal_weight=35756.1 35601.4 4985.33 3574.65 30616.1 965.32
internal_count=157525 153752 27107 19294 126645 3960
is_linear=0
shrinkage=0.05


Tree=76
num_leaves=7
num_cat=0
split_feature=0 3 0 0 3 12
split_gain=64.6318 40.6235 34.6757 29.9448 66.3914 31.8986
threshold=64.500000000000014 1692.5000000000002 25.500000000000004 47.500000000000007 1919.5000000000002 -73.584099999999992
decision_type=2 2 2 2 2 8
left_child=1 2 -1 5 -5 -3
right_child=-2 3 -4 4 -6 -7
leaf_value=0.0011533272368168647 -0.032877791829868733 -0.0060364951985796183 -0.014065445761308071 -0.013167216477331507 0.0072003432267134133 0.0012269961424963163
leaf_weight=631.69477938115597 118.51434294506907 1559.7528499662876 873.61495449393988 1083.9970730319619 600.4080419279635 30875.436224967241
leaf_count=2669 3005 6440 4223 8371 4590 128236
internal_value=3.81794e-05 0.000175253 -0.00778123 0.00053281 -0.00590822 0.000872452
internal_weight=35743.4 35624.9 1505.31 34119.6 1684.41 32435.2
internal_count=157534 154529 6892 147637 12961 134676
is_linear=0
shrinkage=0.05


Tree=77
num_leaves=7
num_cat=0
split_feature=0 8 3 6 1 1
split_gain=62.1871 37.3397 31.5842 44.245 46.4436 42.8631
threshold=53.500000000000007 660.01425074639258 1880.5000000000002 -26.155099999999994 19.500000000000004 29.500000000000004
decision_type=2 10 2 10 2 2
left_child=2 -2 5 -4 -5 -1
right_child=1 -3 3 4 -6 -7
leaf_value=0.00036183359594995902 -0.018901016545548696 0.016757434524957284 0.0039925569568084653 -0.01751756934419715 -0.00024090402754722327 -0.0052021738486152415
leaf_weight=14969.090978957713 579.95041710883379 60.04993661865592 10351.417212292552 392.23378251492977 4953.3528384417295 4471.2011635303497
leaf_count=62033 8744 827 44247 1611 20781 19517
internal_value=0.000135247 -0.0149547 0.000422623 0.00208885 -0.00159927 -0.000923913
internal_weight=35777.3 640 35137.3 15697 5345.59 19440.3
internal_count=157760 9571 148189 66639 22392 81550
is_linear=0
shrinkage=0.05


Tree=78
num_leaves=7
num_cat=0
split_feature=0 0 3 6 3 5
split_gain=56.6912 33.0724 44.6445 26.5778 31.2281 31.4859
threshold=64.500000000000014 30.500000000000004 1752.5000000000002 51.349850000000011 1933.5000000000002 -5.9234999999999989
decision_type=2 2 2 8 2 8
left_child=1 -1 -3 4 -4 -6
right_child=-2 2 3 -5 5 -7
leaf_value=0.0016477309860926115 -0.031210234724541791 -0.010293543620332543 -0.0093267894432501938 0.0002491734267498523 -0.008846195894553148 0.0089777515414286267
leaf_weight=18472.454464539886 114.40880833938718 1273.8046601340175 1663.0339544191957 13243.221265342087 384.84160324186087 587.19053857401013
leaf_count=76798 3033 6499 7592 59142 1816 2759
internal_value=5.44394e-05 0.000181022 -0.00139871 -0.000667075 -0.00522289 0.00186742
internal_weight=35739 35624.5 17152.1 15878.3 2635.07 972.032
internal_count=157639 154606 77808 71309 12167 4575
is_linear=0
shrinkage=0.05


Tree=79
num_leaves=7
num_cat=0
split_feature=0 3 0 8 9 12
split_gain=50.4299 35.0763 35.7208 28.1738 42.7286 32.5649
threshold=64.500000000000014 1692.5000000000002 33.500000000000007 1492.1786247422351 48.882450000000006 1.0787500000000001
decision_type=2 2 2 10 10 8
left_child=1 2 -1 5 -5 -3
right_child=-2 3 -4 4 -6 -7
leaf_value=-0.003305076601769057 -0.030175613482369985 0.0043431800247692781 -0.021705451544469262 -0.016940953281041744 0.0021768567641547647 -0.00016557489711818712
leaf_weight=1173.173349365592 110.19065995886922 4635.9307978525758 316.0068669244647 556.94884149357677 570.1052030287683 28248.225470956415
leaf_count=5025 3007 20200 1814 2466 2515 122076
internal_value=-0.000246109 -0.00012781 -0.00756119 0.000204037 -0.00746476 0.000473438
internal_weight=35610.6 35500.4 1489.18 34011.2 1127.05 32884.2
internal_count=157103 154096 6839 147257 4981 142276
is_linear=0
shrinkage=0.05


Tree=80
num_leaves=7
num_cat=0
split_feature=0 3 0 12 11 3
split_gain=54.2755 48.0351 37.5465 27.2746 46.5604 30.999
threshold=46.500000000000007 1919.5000000000002 64.500000000000014 -73.584099999999992 -1.5553499999999998 1880.5000000000002
decision_type=2 2 2 8 8 2
left_child=3 -2 -3 -1 -5 -6
right_child=1 2 -4 4 5 -7
leaf_value=-0.0059637650495884525 -0.013210002593839771 0.0058736440232112289 -0.029342590066149522 0.0090689127763829407 -0.0010446764384178567 0.0021800915608030662
leaf_weight=1554.8856886476278 1374.6704633794725 704.17514829710126 54.543202973902225 1570.3494372814894 17597.904497519135 12881.012587249279
leaf_count=6422 11283 5072 1564 6542 72875 53999
internal_value=-5.39835e-05 -0.00773053 0.00232221 0.000439829 0.000755789 0.00031898
internal_weight=35737.5 2133.39 758.718 33604.2 32049.3 30478.9
internal_count=157757 17919 6636 139838 133416 126874
is_linear=0
shrinkage=0.05


Tree=81
num_leaves=7
num_cat=0
split_feature=0 3 11 14 11 10
split_gain=48.733 34.8321 54.5181 24.958 22.4496 57.9426
threshold=65.500000000000014 1782.5000000000002 -1.4803499999999998 1.0000000180025095e-35 0.99180000000000013 41.21840000000001
decision_type=2 2 10 2 8 10
left_child=1 2 3 -1 5 -3
right_child=-2 4 -4 -5 -6 -7
leaf_value=-0.003325806282539662 -0.03131607358936906 -0.0045004609919686482 -0.012079446659191867 0.0052771069297643663 0.00014332889812802458 0.0078030596258959334
leaf_weight=2626.5416237786412 94.218554049730301 1365.5569034591317 1388.3446724265814 1205.2948243580759 25932.800407048315 3046.5597100146115
leaf_count=11423 2701 5970 6503 5259 112229 13389
internal_value=-5.30149e-05 5.61305e-05 -0.00370448 -0.000599808 0.000706081 0.00399042
internal_weight=35659.3 35565.1 5220.18 3831.84 30344.9 4412.12
internal_count=157474 154773 23185 16682 131588 19359
is_linear=0
shrinkage=0.05


Tree=82
num_leaves=7
num_cat=0
split_feature=0 3 0 0 6 3
split_gain=48.0508 32.1032 29.372 26.2777 26.5977 34.1929
threshold=60.500000000000007 1692.5000000000002 34.500000000000007 29.500000000000004 55.676650000000002 1929.5000000000002
decision_type=2 2 2 2 8 2
left_child=1 2 -1 -3 5 -5
right_child=-2 3 -4 4 -6 -7
leaf_value=-0.0033843547718398373 -0.024239917534520483 0.0019383642745553972 -0.020754396027964819 -0.0076362951276627445 0.00018555025676660574 0.0017855755521969604
leaf_weight=1209.950263351202 173.71663681603968 15593.388887137175 280.22992791980505 2714.0011806413531 14180.069221641868 1468.6196189373732
leaf_count=5210 4743 64793 1647 12045 62257 6669
internal_value=-2.61079e-05 0.000112958 -0.00699592 0.000430835 -0.000850415 -0.00433889
internal_weight=35620 35446.3 1490.18 33956.1 18362.7 4182.62
internal_count=157364 152621 6857 145764 80971 18714
is_linear=0
shrinkage=0.05


Tree=83
num_leaves=7
num_cat=0
split_feature=1 7 3 3 10 11
split_gain=39.7403 29.1907 44.3916 33.6432 48.7916 41.7469
threshold=42.500000000000007 1.3829 1813.5000000000002 1892.5000000000002 42.36140000000001 -1.4803499999999998
decision_type=2 10 2 2 8 8
left_child=1 3 -3 5 -5 -1
right_child=-2 2 -4 4 -6 -7
leaf_value=0.0076843966893724016 -0.0073430527765019505 -0.012846431813919021 -0.00099140120854742915 -0.0051653223265303019 0.0049072369510352789 -0.00096605477884465049
leaf_weight=1483.85522666201 1776.4423532746732 929.77447380125523 4490.0181516967714 1392.9600851237774 7864.5326808355749 17698.110096868128
leaf_count=6336 13565 4246 19134 6031 33680 74468
internal_value=-0.00011716 0.000268115 -0.00308467 0.000909643 0.00337985 -0.000285929
internal_weight=35635.7 33859.3 5419.79 28439.5 9257.49 19182
internal_count=157460 143895 23380 120515 39711 80804
is_linear=0
shrinkage=0.05


Tree=84
num_leaves=7
num_cat=0
split_feature=0 0 3 1 2 8
split_gain=34.4795 23.6486 34.9753 37.0048 28.3224 23.466
threshold=64.500000000000014 29.500000000000004 1892.5000000000002 28.500000000000004 4.5000000000000009 1492.1786247422351
decision_type=2 2 2 2 10 10
left_child=1 5 3 -3 -5 -1
right_child=-2 2 -4 4 -6 -7
leaf_value=0.0017121325683565208 -0.025841539063449603 0.00010728696401956188 0.0013093742657604968 -0.0040032928799553294 -0.012898823951130534 -0.0104121755851959
leaf_weight=16165.712444424629 99.201004361733794 5062.4642731510103 8133.0498385764658 4712.7610312886536 1091.7803809978068 379.59600062668324
leaf_count=67344 2992 21944 36845 21031 5844 1532
internal_value=-5.87477e-05 3.49386e-05 -0.0011677 -0.00302009 -0.00573418 0.00141563
internal_weight=35644.6 35545.4 19000.1 10867 5804.54 16545.3
internal_count=157532 154540 85664 48819 26875 68876
is_linear=0
shrinkage=0.05


Tree=85
num_leaves=7
num_cat=0
split_feature=0 1 8 12 2 10
split_gain=48.5777 25.7655 19.7601 27.1939 26.5062 23.0874
threshold=47.500000000000007 60.500000000000007 521.7196529385775 1.6084500000000002 15.500000000000002 48.520150000000008
decision_type=2 2 10 8 8 10
left_child=2 -2 3 4 -1 -5
right_child=1 -3 -4 5 -6 -7
leaf_value=0.0021282086982141813 -0.0062525272904679326 -0.031603622884181219 -0.0040723326246383728 0.00083798808671289534 0.011147777720842376 -0.0032751316368881487
leaf_weight=3030.5779433846474 1717.2612251210958 79.537495005875826 2184.4280392378569 23613.181585401297 1094.283468708396 3957.1792511194944
leaf_count=12587 13842 2528 9041 98499 4626 16634
internal_value=6.7117e-05 -0.0078753 0.000494936 0.000813264 0.00458422 0.000244713
internal_weight=35676.4 1796.8 33879.7 31695.2 4124.86 27570.4
internal_count=157757 16370 141387 132346 17213 115133
is_linear=0
shrinkage=0.05


Tree=86
num_leaves=7
num_cat=0
split_feature=0 0 3 3 1 10
split_gain=41.4614 28.3519 36.3117 27.4537 22.7953 35.4616
threshold=59.500000000000007 29.500000000000004 1680.5000000000002 1957.5000000000002 19.500000000000004 51.451150000000005
decision_type=2 2 2 2 2 10
left_child=1 3 -3 4 -1 -6
right_child=-2 2 -4 -5 5 -7
leaf_value=-0.0022653922626294314 -0.021604588046918456 -0.0152538941138332 -0.00089574973499779911 -0.017050104441544194 0.0016514645353769963 0.0091477896358772588
leaf_weight=2810.2254831045866 191.74992319568992 421.3316816650331 18439.342229574919 165.37879976630211 11734.525481685996 1796.9856977164745
leaf_count=11585 5229 2190 81152 672 48985 7509
internal_value=-5.17895e-05 8.32721e-05 -0.00124021 0.00159497 0.00181455 0.00266501
internal_weight=35559.5 35367.8 18860.7 16507.1 16341.7 13531.5
internal_count=157322 152093 83342 68751 68079 56494
is_linear=0
shrinkage=0.05


Tree=87
num_leaves=7
num_cat=0
split_feature=0 0 8 11 11 12
split_gain=35.7702 25.5016 24.8251 33.9927 23.5172 23.2007
threshold=62.500000000000007 32.500000000000007 1492.1786247422351 13.082600000000001 1.4434000000000002 0.83900000000000008
decision_type=2 2 10 10 8 10
left_child=1 2 4 -4 -1 -3
right_child=-2 5 3 -5 -6 -7
leaf_value=0.005561931134817912 -0.024315283512444039 -0.00070537181471861039 -0.019695578262971438 0.0043503737234470837 0.000604812761364792 -0.0057297695143865325
leaf_weight=2717.1855995953083 123.02296200767159 10694.860458869487 303.31291946768761 246.69762119650841 18619.370465382934 2900.1365620605648
leaf_count=11342 3783 48808 1234 994 77487 13930
internal_value=-0.000192982 -8.88736e-05 0.000967213 -0.00924303 0.00124302 -0.00178745
internal_weight=35604.6 35481.6 21886.6 550.011 21336.6 13595
internal_count=157578 153795 91057 2228 88829 62738
is_linear=0
shrinkage=0.05


Tree=88
num_leaves=7
num_cat=0
split_feature=0 12 10 5 9 12
split_gain=35.0717 20.5452 36.8464 19.7602 19.6241 23.3444
threshold=64.500000000000014 18.0609 35.193050000000007 21.558050000000005 41.357900000000008 1.6084500000000002
decision_type=2 10 10 8 8 8
left_child=1 4 -3 -4 -1 -6
right_child=-2 2 3 -5 5 -7
leaf_value=-0.006396096890741592 -0.027052854924600585 0.0068117397690571554 -0.00039273482164358953 -0.01427054618568962 0.003747679276784357 -3.7986733982820952e-05
leaf_weight=1031.2800807990134 89.928297208622098 425.57033412903547 374.00454045087099 798.65243417955935 4734.980126529932 28008.822976548225
leaf_count=4490 2959 1831 1643 3501 20856 121704
internal_value=-5.97495e-05 3.174e-05 -0.00545425 -0.00996459 0.000295946 0.000512376
internal_weight=35463.2 35373.3 1598.23 1172.66 33775.1 32743.8
internal_count=156984 154025 6975 5144 147050 142560
is_linear=0
shrinkage=0.05


Tree=89
num_leaves=7
num_cat=0
split_feature=1 3 2 6 2 3
split_gain=24.6647 37.1894 33.8384 27.2448 69.1884 35.3004
threshold=37.500000000000007 1956.5000000000002 45.500000000000007 55.953500000000005 1.5000000000000002 1914.5000000000002
decision_type=2 2 8 8 10 2
left_child=3 2 -2 4 -1 -5
right_child=1 -3 -4 5 -6 -7
leaf_value=0.0069035177237157927 -0.013709095245453726 0.019097220008212634 -0.0022036122091394213 0.00051514294291258179 -0.0049141303941705582 0.0065180972969220152
leaf_weight=1560.6159561127424 821.31882259063423 138.158826071769 2627.3460984677076 22160.247922390699 5589.0650955103338 2724.2739767245948
leaf_count=6449 5838 1389 14644 93564 24113 11679
internal_value=-4.3853e-05 -0.00395795 -0.0050383 0.000397696 -0.00231653 0.00117938
internal_weight=35621 3586.82 3448.66 32034.2 7149.68 24884.5
internal_count=157676 21871 20482 135805 30562 105243
is_linear=0
shrinkage=0.05


Tree=90
num_leaves=7
num_cat=0
split_feature=0 3 12 14 14 12
split_gain=31.4275 22.9755 30.5162 27.6633 25.1125 40.9213
threshold=61.500000000000007 1844.5000000000002 5.6593500000000008 1.0000000180025095e-35 1.0000000180025095e-35 -72.684149999999988
decision_type=2 2 10 2 2 10
left_child=1 2 3 -1 5 -3
right_child=-2 4 -4 -5 -6 -7
leaf_value=-0.0023533438647457905 -0.022030504545812478 0.00032534615295584462 -0.0081018355571849648 0.0036084694505537683 -0.0017757128339450973 0.0059693579184422405
leaf_weight=7908.5888014659286 134.87302454002202 12043.933495938778 1680.4744220320135 2548.6766886711121 6804.9280925244093 4351.1979974359274
leaf_count=33525 4214 52209 7655 10953 29600 18983
internal_value=-0.000251336 -0.000149595 -0.00190957 -0.000894147 0.000772459 0.00183141
internal_weight=35472.7 35337.8 12137.7 10457.3 23200.1 16395.1
internal_count=157139 152925 52133 44478 100792 71192
is_linear=0
shrinkage=0.05


Tree=91
num_leaves=7
num_cat=0
split_feature=1 1 0 0 12 4
split_gain=34.2471 20.3384 17.167 24.592 16.4901 22.8292
threshold=58.500000000000007 10.500000000000002 29.500000000000004 20.500000000000004 1.6084500000000002 47.560700000000004
decision_type=2 2 2 2 10 10
left_child=1 -1 3 -3 5 -4
right_child=-2 2 4 -5 -6 -7
leaf_value=0.02038787991097725 -0.025384828072634747 -0.005990219660033427 -0.00084034018120477901 0.001809082489310918 -0.0037965167579271757 0.0053815643369914991
leaf_weight=94.186444576829672 101.39729600213468 1052.6990503072739 13329.407259605825 15358.60864187777 3892.8378359004855 1627.1937999855727
leaf_count=394 3044 4357 59358 64059 18356 7555
internal_value=9.43684e-05 0.000188902 0.000117662 0.00129878 -0.000911111 -0.000154014
internal_weight=35456.3 35354.9 35260.7 16411.3 18849.4 14956.6
internal_count=157123 154079 153685 68416 85269 66913
is_linear=0
shrinkage=0.05


Tree=92
num_leaves=7
num_cat=0
split_feature=1 12 10 1 10 11
split_gain=25.136 21.0511 43.4481 19.5302 18.3695 27.5504
threshold=57.500000000000007 19.038100000000004 35.193050000000007 23.500000000000004 40.713200000000008 -1.4803499999999998
decision_type=2 10 10 2 8 8
left_child=1 4 -3 -4 -1 -6
right_child=-2 2 3 -5 5 -7
leaf_value=-0.004764057894518425 -0.020512927780876697 0.006952488742018488 -0.018824857017089872 -0.0043769576106438132 0.0063210503103992375 8.4321927282857319e-05
leaf_weight=1754.4230963401496 121.04970897175372 422.1906234100461 470.96520284563303 483.32218671962619 1850.1605735439807 30440.357947742566
leaf_count=7792 3369 1820 1978 2204 8184 132182
internal_value=-0.000159651 -7.27961e-05 -0.00606731 -0.0118638 0.000174698 0.000447205
internal_weight=35542.5 35421.4 1376.48 954.287 34044.9 32290.5
internal_count=157529 154160 6002 4182 148158 140366
is_linear=0
shrinkage=0.05


Tree=93
num_leaves=7
num_cat=0
split_feature=0 3 12 9 5 3
split_gain=35.0226 31.8327 24.5674 27.4839 22.7152 22.2378
threshold=51.500000000000007 1955.5000000000002 19.038100000000004 22.257750000000005 -0.46044999999999997 1964.5000000000002
decision_type=2 2 10 10 10 2
left_child=2 4 5 -4 -2 -1
right_child=1 -3 3 -5 -6 -7
leaf_value=0.00075034381263934264 -0.0071116723001945761 0.015792544161459265 0.009163519826655751 -0.0093258690910158794 -0.026218920687224218 -0.013400283259949209
leaf_weight=33091.779602721334 576.66224232316017 84.154201371595263 218.1371792703867 1125.7858363091946 203.68651074916124 250.04701109230518
leaf_count=139352 7596 1300 916 4733 2531 1080
internal_value=0.0001112 -0.00965744 0.000362807 -0.00619023 -0.0128851 0.00063227
internal_weight=35550.3 864.503 34685.7 1343.92 780.349 33341.8
internal_count=157508 11427 146081 5649 10127 140432
is_linear=0
shrinkage=0.05


Tree=94
num_leaves=7
num_cat=0
split_feature=0 3 11 14 10 3
split_gain=28.3136 19.553 27.8164 21.9229 19.7975 48.1161
threshold=62.500000000000007 1854.5000000000002 9.6578500000000016 1.0000000180025095e-35 51.367400000000011 1879.5000000000002
decision_type=2 2 10 2 10 2
left_child=1 2 3 -1 -3 -6
right_child=-2 4 -4 -5 5 -7
leaf_value=-0.0015211038734199327 -0.022074540078136525 0.0006074179619375284 -0.0072704346371490081 0.0034087899043908007 0.016098414104615696 0.0014735393475878665
leaf_weight=9447.5160165801644 112.08638712204993 18264.764923710376 1614.9420845769346 2929.4641065467149 705.69797205924988 2418.8143936190754
leaf_count=40069 3791 79815 7356 12585 3067 10673
internal_value=0.00020101 0.00029022 -0.00116158 -0.000348844 0.00124022 0.00489838
internal_weight=35493.3 35381.2 13991.9 12377 21389.3 3124.51
internal_count=157356 153565 60010 52654 93555 13740
is_linear=0
shrinkage=0.05


Tree=95
num_leaves=7
num_cat=0
split_feature=0 8 3 11 3 1
split_gain=30.1307 32.8001 23.8911 25.5377 23.1882 46.803
threshold=53.500000000000007 748.19381061946387 1844.5000000000002 9.6578500000000016 1963.5000000000002 33.500000000000007
decision_type=2 10 2 10 2 2
left_child=2 -2 3 -1 -4 -6
right_child=1 -3 4 -5 5 -7
leaf_value=-0.00072457033315901059 -0.015007656564868108 0.019292805034877361 0.0013751592388738308 -0.0077624758686290363 -0.021288249343821709 0.015110222889266701
leaf_weight=10648.049396231771 523.08623444102705 53.634089566767216 22526.850434742868 1437.8432464748621 264.6438313126564 101.22318196296692
leaf_count=44686 8761 789 95328 6454 1123 472
internal_value=2.56154e-05 -0.0110215 0.000217047 -0.00157901 0.00116608 -0.0108361
internal_weight=35555.3 576.72 34978.6 12085.9 22892.7 365.867
internal_count=157613 9550 148063 51140 96923 1595
is_linear=0
shrinkage=0.05


Tree=96
num_leaves=7
num_cat=0
split_feature=0 3 3 14 8 5
split_gain=25.1006 24.9158 21.932 36.515 31.0586 24.9989
threshold=51.500000000000007 1956.5000000000002 1880.5000000000002 1.0000000180025095e-35 6655.9052632384737 -1.0679999999999998
decision_type=2 2 2 2 8 8
left_child=2 -2 5 -4 -5 -1
right_child=1 -3 3 4 -6 -7
leaf_value=0.006070170105490184 -0.011259960937383537 0.014410014308390038 0.003239585324108632 -0.0059588931072998823 0.0018286135131263472 -0.0014551023781959065
leaf_weight=1145.6766676157713 772.04507021792233 81.179435037076473 10295.279170706868 2442.3787418454885 2633.4320027977228 18115.837903670967
leaf_count=4795 10232 1241 43776 10175 11227 75946
internal_value=-8.75391e-05 -0.00841111 0.000124626 0.00153154 -0.00193157 -0.000998755
internal_weight=35485.8 853.225 34632.6 15371.1 5075.81 19261.5
internal_count=157392 11473 145919 65178 21402 80741
is_linear=0
shrinkage=0.05


Tree=97
num_leaves=7
num_cat=0
split_feature=0 3 11 12 9 3
split_gain=25.4058 22.3296 24.0422 13.8643 41.881 19.2981
threshold=62.500000000000007 1692.5000000000002 -5.9234999999999989 19.042600000000004 35.20835000000001 1930.5000000000002
decision_type=2 2 10 10 10 2
left_child=1 2 -1 -3 -5 -6
right_child=-2 3 -4 4 5 -7
leaf_value=-0.0011554935145464326 -0.021600906293254275 0.00032484398485951865 -0.014302155029206795 0.0088185325630748806 -0.015509528998957946 0.00049631889622934924
leaf_weight=930.25109470263124 108.40381439775229 32697.242761513218 531.07109464332461 361.57682691887021 610.93000186979771 264.10060615092516
leaf_count=4181 3808 141590 2612 1551 2642 1151
internal_value=-0.000220465 -0.000136746 -0.00612483 0.000126306 -0.00500662 -0.0108223
internal_weight=35503.6 35395.2 1461.32 33933.9 1236.61 875.031
internal_count=157535 153727 6793 146934 5344 3793
is_linear=0
shrinkage=0.05


Tree=98
num_leaves=7
num_cat=0
split_feature=0 6 2 3 1 3
split_gain=26.0747 17.82 55.3624 33.9121 41.0834 25.3829
threshold=62.500000000000007 55.953500000000005 1.5000000000000002 1891.5000000000002 28.500000000000004 1941.5000000000002
decision_type=2 8 10 2 2 2
left_child=1 2 -1 4 -3 -4
right_child=-2 3 5 -5 -6 -7
leaf_value=0.0054176617671973411 -0.021944626772323599 0.0008244790350967336 -0.0062861671631789136 0.0030658415353239589 -0.0042979793731538719 0.001545090922898909
leaf_weight=1801.681530918926 106.75224447995424 13319.169987179339 4576.4843334890902 8870.369082139805 5509.2177184987813 1321.1375689394772
leaf_count=7742 3824 55731 20048 39316 24970 5935
internal_value=-0.000153688 -6.94444e-05 -0.00219244 0.00052241 -0.000678814 -0.00453293
internal_weight=35504.8 35398.1 7699.3 27698.8 18828.4 5897.62
internal_count=157566 153742 33725 120017 80701 25983
is_linear=0
shrinkage=0.05


Tree=99
num_leaves=7
num_cat=0
split_feature=1 3 9 12 10 5
split_gain=19.934 17.5626 24.331 14.1148 24.5669 19.4934
threshold=58.500000000000007 1692.5000000000002 48.732900000000008 -92.925649999999976 34.686500000000009 0.12345000000000002
decision_type=2 2 10 8 10 8
left_child=1 2 -1 4 -3 -5
right_child=-2 3 -4 5 -6 -7
leaf_value=-0.00048405718654534306 -0.020073274904019729 -0.019391244059698366 -0.013955264797342616 0.0039496439504581758 0.0019802095379584917 6.3938898716070784e-05
leaf_weight=958.57185561582446 92.58703700080514 214.44941031374037 487.29651817306876 3589.068934423849 287.84083811566234 29853.569200256839
leaf_count=4349 3072 981 2428 15894 1299 129526
internal_value=5.45065e-05 0.00012412 -0.0052156 0.000355967 -0.00772283 0.000484119
internal_weight=35483.4 35390.8 1445.87 33944.9 502.29 33442.6
internal_count=157549 154477 6777 147700 2280 145420
is_linear=0
shrinkage=0.05


Tree=100
num_leaves=7
num_cat=0
split_feature=0 12 10 4 3 1
split_gain=28.1303 17.7867 36.0547 24.2116 29.4268 18.5962
threshold=62.500000000000007 19.042600000000004 35.193050000000007 56.471450000000011 1830.5000000000002 11.500000000000002
decision_type=2 10 10 10 2 2
left_child=1 3 -3 5 -5 -1
right_child=-2 2 -4 4 -6 -7
leaf_value=0.019079336699871972 -0.02291430243250699 0.0061336776485862009 -0.011247234069003352 -0.0045096240791961629 0.013059086198304185 4.5031149271268268e-05
leaf_weight=98.821445062756538 102.79511652514338 423.17738658748567 869.55758496187627 327.64063810557127 737.09773966297507 32922.392562912777
leaf_count=413 3790 1816 3816 1577 3183 142837
internal_value=5.53535e-05 0.000141451 -0.00554751 0.000361898 0.00767742 0.000119261
internal_weight=35481.5 35378.7 1292.73 34086 1064.74 33021.2
internal_count=157432 153642 5632 148010 4760 143250
is_linear=0
shrinkage=0.05


Tree=101
num_leaves=7
num_cat=0
split_feature=0 3 12 3 3 1
split_gain=22.1059 42.8219 21.7767 21.2289 16.3024 26.4961
threshold=50.500000000000007 1968.5000000000002 -0.74404999999999988 1919.5000000000002 1964.5000000000002 31.500000000000004
decision_type=2 2 10 2 2 2
left_child=4 2 -2 -4 -1 -6
right_child=1 -3 3 -5 5 -7
leaf_value=5.7567081457024346e-05 -0.0049327216652987251 0.027772389034424957 -0.03152567498380679 -0.0033545501805723587 -0.021122665408459283 0.0072876591187413164
leaf_weight=34147.705570228398 700.75988837145269 52.211041318252683 160.65430549159646 115.16285363771021 193.01487138867378 110.59145623445511
leaf_count=143679 8646 693 1989 1296 818 488
internal_value=-0.000268585 -0.00738476 -0.0100361 -0.0212462 -4.98408e-05 -0.0110492
internal_weight=35480.1 1028.79 976.577 275.817 34451.3 303.606
internal_count=157609 12624 11931 3285 144985 1306
is_linear=0
shrinkage=0.05


Tree=102
num_leaves=7
num_cat=0
split_feature=0 3 3 6 0 7
split_gain=19.2418 31.0982 24.1082 45.3145 26.0723 23.7496
threshold=31.500000000000004 1680.5000000000002 1930.5000000000002 55.676650000000002 56.500000000000007 2.3324000000000003
decision_type=2 2 2 8 2 10
left_child=-1 -2 3 5 -5 -3
right_child=1 2 -4 4 -6 -7
leaf_value=0.00092212153667920621 -0.016356594214069289 -0.0022047535772419208 0.0041543085534101352 -0.00018743895210461615 -0.019035737897613217 -0.012721690409849627
leaf_weight=20244.099408999085 311.19302784651518 941.4059051387012 1888.0203521642834 10686.780747637153 156.69288772158325 1266.7259107660502
leaf_count=84452 1766 4487 10575 46553 3697 6136
internal_value=-8.77795e-05 -0.00142751 -0.00108438 -0.00184999 -0.000511573 -0.0083276
internal_weight=35494.9 15250.8 14939.6 13051.6 10843.5 2208.13
internal_count=157666 73214 71448 60873 50250 10623
is_linear=0
shrinkage=0.05


Tree=103
num_leaves=7
num_cat=0
split_feature=1 12 10 1 0 1
split_gain=21.2675 16.1481 27.2193 18.5017 14.6244 14.276
threshold=45.500000000000007 21.01275 35.193050000000007 25.500000000000004 64.500000000000014 11.500000000000002
decision_type=2 10 10 2 2 2
left_child=1 5 -3 -4 -2 -1
right_child=4 2 3 -5 -6 -7
leaf_value=0.016736058794067449 -0.0050249376234525502 0.0043902969383649501 -0.017359020204208542 -0.00035086248786371174 -0.026917891076356032 0.00034792361041094958
leaf_weight=103.44192758202553 998.92954879254103 405.07482539489865 441.71227574534714 243.79054816998541 55.775866227224469 33190.674691453576
leaf_count=434 7840 1724 1863 1129 2371 142027
internal_value=-1.75028e-06 0.000215522 -0.00568851 -0.0115786 -0.00689516 0.000413861
internal_weight=35439.4 34384.7 1090.58 685.503 1054.71 33294.1
internal_count=157388 147177 4716 2992 10211 142461
is_linear=0
shrinkage=0.05


Tree=104
num_leaves=7
num_cat=0
split_feature=1 3 1 2 1 7
split_gain=18.1854 16.0041 52.8176 34.3664 27.2248 29.6499
threshold=57.500000000000007 1891.5000000000002 28.500000000000004 4.5000000000000009 23.500000000000004 49.119450000000008
decision_type=2 2 2 10 2 8
left_child=1 2 -1 -4 5 -3
right_child=-2 4 3 -5 -6 -7
leaf_value=0.00066480789054196299 -0.01833293057772669 -0.0074829689860891023 -0.0030404990844922933 -0.01288198695341939 0.0026338413599857067 0.0019497519396971755
leaf_weight=15932.497911533341 106.25836166553199 1573.8801345583051 5098.8518070057034 1052.8737451322377 10001.355310996994 1713.2559775784612
leaf_count=67002 3381 6522 22214 6081 44987 7417
internal_value=-0.000101713 -3.14583e-05 -0.000856093 -0.00477922 0.00133785 -0.00259346
internal_weight=35479 35372.7 22084.2 6151.73 13288.5 3287.14
internal_count=157604 154223 95297 28295 58926 13939
is_linear=0
shrinkage=0.05


Tree=105
num_leaves=7
num_cat=0
split_feature=0 3 11 1 3 9
split_gain=21.2279 29.5931 42.2206 30.3487 21.884 18.9655
threshold=41.500000000000007 1930.5000000000002 2.8796000000000004 29.500000000000004 1965.5000000000002 48.138450000000013
decision_type=2 2 10 2 2 10
left_child=4 2 3 -2 -1 -3
right_child=1 5 -4 -5 -6 -7
leaf_value=0.00040719516273178384 0.0061402459569478793 -0.001770310982914912 -0.016471684651960632 -0.0056861566639201059 -0.015388229848701999 0.012804660121616027
leaf_weight=30919.524958580732 699.86890913918614 487.36654101498425 670.06665613316 2106.4669234752655 190.85767702758312 372.22350379265845
leaf_count=128560 3749 3750 4487 13580 802 2533
internal_value=-0.000162352 -0.0034273 -0.00547512 -0.00270303 0.000295561 0.00475999
internal_weight=35446.4 4335.99 3476.4 2806.34 31110.4 859.59
internal_count=157461 28099 21816 17329 129362 6283
is_linear=0
shrinkage=0.05


Tree=106
num_leaves=7
num_cat=0
split_feature=0 5 5 11 11 2
split_gain=22.2455 20.2221 15.7068 18.7678 27.5149 16.6343
threshold=40.500000000000007 2.8864000000000005 -73.569499999999991 -1.5553499999999998 -2.6536999999999993 2.5000000000000004
decision_type=2 10 8 8 10 8
left_child=2 -2 5 4 -4 -1
right_child=1 -3 3 -5 -6 -7
leaf_value=0.0036575797935944824 -0.0014062722420943986 -0.0093707922063599302 0.0020749848033821492 0.00049898980977343443 0.016890488482012109 -0.0097270531636672874
leaf_weight=324.24853686988354 4013.0139400307089 969.24291345849633 1197.8574611991644 27825.632448196411 399.60296584665775 685.71181289851665
leaf_count=1326 24635 6270 4996 115673 1676 2826
internal_value=8.43078e-05 -0.00300249 0.000592114 0.000804794 0.0060241 -0.00544836
internal_weight=35415.3 4982.26 30433.1 29423.1 1597.46 1009.96
internal_count=157402 30905 126497 122345 6672 4152
is_linear=0
shrinkage=0.05


Tree=107
num_leaves=7
num_cat=0
split_feature=0 12 12 10 6 7
split_gain=16.2152 13.6121 12.4775 21.206 18.1405 25.1083
threshold=60.500000000000007 -97.114999999999981 1.6084500000000002 41.21840000000001 55.847100000000005 18.068550000000005
decision_type=2 8 8 10 8 8
left_child=1 -1 3 -3 -4 -6
right_child=-2 2 4 -5 5 -7
leaf_value=-0.0090319595258057019 -0.015799092371462844 -0.0027226932898251201 -0.0032816164596148247 0.0043395295292348339 0.0099239190057664635 5.8588792527027242e-05
leaf_weight=371.86393792554736 130.73405473120511 1432.6907380856574 4035.4179339446127 3907.6935301348567 632.11917083337903 24903.623867489398
leaf_count=1644 4772 6186 17694 17045 2759 107412
internal_value=4.58951e-05 0.000117977 0.000223109 0.00244029 -0.000179368 0.000314157
internal_weight=35414.1 35283.4 34911.5 5340.38 29571.2 25535.7
internal_count=157512 152740 151096 23231 127865 110171
is_linear=0
shrinkage=0.05


Tree=108
num_leaves=7
num_cat=0
split_feature=3 11 0 12 3 1
split_gain=17.4744 19.4834 14.2666 11.417 18.1848 47.1036
threshold=1684.5000000000002 9.7393000000000018 62.500000000000007 -97.114999999999981 1918.5000000000002 19.500000000000004
decision_type=2 10 2 8 2 2
left_child=1 -1 3 -2 -5 -6
right_child=2 -3 -4 4 5 -7
leaf_value=-0.0026319034071819116 -0.0080641579104017615 -0.018198087583722312 -0.01677202589331462 -0.0001904898078363788 -0.020184150795000289 0.0038801887944516196
leaf_weight=1020.8969124890864 381.09324786812067 224.82586818188429 94.004823569208384 28255.684671850875 182.01227575913072 5234.062749363482
leaf_count=4678 1689 1181 3759 121696 753 23662
internal_value=-5.75904e-05 -0.00580314 0.000156925 0.00021838 0.000319216 0.00296475
internal_weight=35392.6 1245.72 34146.9 34052.9 33671.8 5416.08
internal_count=157418 5859 151559 147800 146111 24415
is_linear=0
shrinkage=0.05


Tree=109
num_leaves=7
num_cat=0
split_feature=1 3 3 12 10 6
split_gain=20.6974 37.467 32.1229 19.8424 22.3853 22.3514
threshold=33.500000000000007 1957.5000000000002 1961.5000000000002 18.0609 34.686500000000009 55.953500000000005
decision_type=2 2 2 10 10 10
left_child=2 -2 3 5 -5 -1
right_child=1 -3 -4 4 -6 -7
leaf_value=0.00065777664392593427 -0.0035246974653486852 0.016828767330801301 -0.014262170068474994 0.0057225040191906393 -0.0088928049066279869 0.0093102136762986867
leaf_weight=26888.901569329202 5930.1022711321712 205.61672901175916 337.77937109209597 327.02472270838916 1010.4228719975799 738.02123180404305
leaf_count=114042 31551 1676 1478 1385 4339 3138
internal_value=-0.000130819 -0.00276406 0.000422831 0.000608665 -0.00527201 0.000898765
internal_weight=35437.9 6135.72 29302.1 28964.4 1337.45 27626.9
internal_count=157609 33227 124382 122904 5724 117180
is_linear=0
shrinkage=0.05


Tree=110
num_leaves=7
num_cat=0
split_feature=0 3 3 6 1 1
split_gain=18.6372 22.7907 16.9185 29.3041 27.2417 25.8112
threshold=29.500000000000004 1680.5000000000002 1943.5000000000002 55.676650000000002 25.500000000000004 42.500000000000007
decision_type=2 2 2 8 2 2
left_child=-1 -2 3 -3 -4 -5
right_child=1 2 4 5 -6 -7
leaf_value=0.0012496363605940144 -0.012356223511869709 -0.0054467711882411774 -0.009246997855709321 0.00050530741062943202 0.0087841920060044779 -0.0067489976336967406
leaf_weight=16424.074472337961 405.66799511387944 3236.7305239439011 241.19969262182713 12764.402163719758 934.41156982444227 1326.1823178306222
leaf_count=68615 2220 15188 1050 54803 5592 9677
internal_value=1.87003e-05 -0.00105078 -0.000783314 -0.00117996 0.0049467 -0.000190344
internal_weight=35332.7 18908.6 18502.9 17327.3 1175.61 14090.6
internal_count=157145 88530 86310 79668 6642 64480
is_linear=0
shrinkage=0.05


Tree=111
num_leaves=7
num_cat=0
split_feature=12 9 5 3 6 4
split_gain=15.5662 27.0932 17.1851 24.8703 24.9467 20.5715
threshold=19.042600000000004 35.20835000000001 14.153050000000002 1938.5000000000002 55.953500000000005 53.754200000000004
decision_type=10 10 10 2 10 10
left_child=2 -2 -1 4 -4 -5
right_child=1 -3 3 5 -6 -7
leaf_value=-0.00020097744277389201 0.0057636312767475936 -0.0099394087263810545 -0.0018201345429205776 0.023774773934509247 0.013508925570705916 -0.0034829938782415257
leaf_weight=32458.465080820024 362.85455564968288 923.90461022593081 1084.6347648929805 233.51489035971463 319.1212437748909 84.433280987665057
leaf_count=144330 1600 4133 4844 1100 1407 410
internal_value=-0.000146281 -0.00548086 5.9177e-05 0.00488319 0.00187442 0.0168601
internal_weight=35466.9 1286.76 34180.2 1721.7 1403.76 317.948
internal_count=157824 5733 152091 7761 6251 1510
is_linear=0
shrinkage=0.05


Tree=112
num_leaves=7
num_cat=0
split_feature=0 12 10 9 2 0
split_gain=13.2046 15.7008 20.2317 25.7566 15.4558 14.5235
threshold=29.500000000000004 1.6084500000000002 49.753700000000002 56.035050000000005 17.500000000000004 22.500000000000004
decision_type=2 10 10 10 10 2
left_child=5 4 -3 -4 -2 -1
right_child=1 2 3 -5 -6 -7
leaf_value=-0.0021521453143472438 -0.0006025161178360405 0.00037495925526910573 -0.011381666484875716 -0.00041811371521515084 0.0055175403750014279 0.0017317214624180102
leaf_weight=2896.6979163885117 13950.23769056797 1711.125864226371 1269.8000900130719 915.30887814052403 1083.8305402994156 13595.317503765225
leaf_count=12022 63313 8123 6280 4388 6544 56884
internal_value=1.3612e-05 -0.0008868 -0.00370235 -0.00685706 -0.000151202 0.00104688
internal_weight=35422.3 18930.3 3896.23 2185.11 15034.1 16492
internal_count=157554 88648 18791 10668 69857 68906
is_linear=0
shrinkage=0.05


Tree=113
num_leaves=7
num_cat=0
split_feature=1 0 3 1 1 8
split_gain=19.7822 12.9086 12.5621 27.74 21.7537 23.2636
threshold=47.500000000000007 59.500000000000007 1887.5000000000002 19.500000000000004 26.500000000000004 1447.7865968952196
decision_type=2 2 2 2 2 8
left_child=2 -2 4 -4 -1 -6
right_child=1 -3 3 -5 5 -7
leaf_value=0.00042392214340924241 -0.0050017962648571928 -0.02304209106786034 -0.0087702576112051369 0.001656653590462709 -0.013095099294984733 -0.0021656043947100461
leaf_weight=13371.494297502562 642.32440026849508 94.455433167517185 640.49809627607465 13237.137194691226 495.89903382770717 6947.7621277756989
leaf_count=56180 4878 3632 2711 57514 2469 30238
internal_value=-0.000181855 -0.0081256 -6.27751e-06 0.00115754 -0.000782752 -0.00294337
internal_weight=35429.6 736.78 34692.8 13877.6 20815.2 7443.66
internal_count=157622 8510 149112 60225 88887 32707
is_linear=0
shrinkage=0.05


Tree=114
num_leaves=7
num_cat=0
split_feature=0 3 11 10 3 5
split_gain=13.326 30.8721 24.047 17.6869 16.5136 20.3863
threshold=45.500000000000007 1930.5000000000002 0.7339500000000001 52.501000000000012 1964.5000000000002 10.158550000000002
decision_type=2 2 10 8 2 10
left_child=4 2 -2 -3 -1 -6
right_child=1 3 -4 -5 5 -7
leaf_value=0.00037766544312216565 -0.0035520683980334307 0.013705033208082666 -0.017312561051734617 -0.0035683692496900547 -0.022413143836842144 0.004143483625581308
leaf_weight=32791.030190393329 1417.2835389282554 317.28351879492402 388.42982985451818 240.86328128352761 144.48967193067074 109.61731941998005
leaf_count=136953 11211 2579 3351 2472 615 459
internal_value=1.32921e-05 -0.00358916 -0.00674666 0.00644906 0.000274013 -0.0117292
internal_weight=35409 2363.86 1805.71 558.147 33045.1 254.107
internal_count=157640 19613 14562 5051 138027 1074
is_linear=0
shrinkage=0.05


Tree=115
num_leaves=7
num_cat=0
split_feature=1 1 0 0 3 3
split_gain=15.7974 15.0421 14.2252 12.0642 21.5667 15.5493
threshold=10.500000000000002 57.500000000000007 20.500000000000004 29.500000000000004 1680.5000000000002 1892.5000000000002
decision_type=2 2 2 2 2 2
left_child=-1 2 -2 -4 -5 -6
right_child=1 -3 3 4 5 -7
leaf_value=0.017738034980770617 -0.0055861244152084393 -0.017023133598275508 0.00132712362600524 -0.011593159621751226 -0.0015836696119618768 0.0013430739042428667
leaf_weight=96.633139699697495 1033.4497458189726 98.595694269984961 15300.157528012991 402.9500134177506 10331.855650756508 8045.61176902242
leaf_count=405 4282 3325 63999 2188 46422 36538
internal_value=0.000109756 4.63212e-05 0.000108741 0.000286191 -0.000562607 -0.000302248
internal_weight=35309.3 35212.6 35114 34080.6 18780.4 18377.5
internal_count=157159 156754 153429 149147 85148 82960
is_linear=0
shrinkage=0.05


Tree=116
num_leaves=7
num_cat=0
split_feature=1 1 6 11 5 10
split_gain=13.6837 13.1218 10.9754 17.1068 21.2597 17.0088
threshold=10.500000000000002 48.500000000000007 43.609750000000012 60.714750000000002 2.8864000000000005 48.087350000000008
decision_type=2 2 8 10 10 8
left_child=-1 2 3 4 -2 -4
right_child=1 -3 5 -5 -6 -7
leaf_value=0.016705684176183497 -0.0026552461047632619 -0.0071400886130099962 0.004609003214611016 0.0063204434583173852 -0.016455173530241545 9.750587505433659e-06
leaf_weight=92.294130440801382 1505.8834176771343 610.45446294359863 2122.5920877289027 356.64590795524418 317.55626622028649 30391.883946105838
leaf_count=387 6589 7765 9302 1536 1413 130632
internal_value=9.44376e-06 -4.83498e-05 8.24909e-05 -0.00332723 -0.00528598 0.000313968
internal_weight=35397.3 35305 34694.6 2180.09 1823.44 32514.5
internal_count=157624 157237 149472 9538 8002 139934
is_linear=0
shrinkage=0.05


Tree=117
num_leaves=7
num_cat=0
split_feature=1 3 9 11 14 4
split_gain=15.2217 15.8568 21.6221 23.4313 19.3132 36.8445
threshold=56.500000000000007 1854.5000000000002 39.391800000000011 -8.1789999999999967 1.0000000180025095e-35 40.736550000000001
decision_type=2 2 8 8 2 10
left_child=1 2 -1 -4 5 -3
right_child=-2 4 3 -5 -6 -7
leaf_value=-0.018042456405921 -0.015663584111899876 0.00079742210550687851 0.015750520321300459 -0.0010467109304703273 -0.0011427353960423391 0.0067708953424961901
leaf_weight=154.193209964782 120.21327899582684 11556.328800980002 180.89314999617636 13613.468606462702 6417.9983316082507 3297.7612393032759
leaf_count=657 3735 50336 766 58793 28310 14788
internal_value=0.000219602 0.000287098 -0.00102174 -0.000792738 0.00114556 0.00213457
internal_weight=35340.9 35220.6 13948.6 13794.4 21272.1 14854.1
internal_count=157385 153650 60216 59559 93434 65124
is_linear=0
shrinkage=0.05


Tree=118
num_leaves=7
num_cat=0
split_feature=3 11 0 8 2 6
split_gain=13.1485 20.8473 10.1982 17.5504 13.2813 10.4907
threshold=1684.5000000000002 9.4989500000000024 60.500000000000007 152.94071146240455 35.500000000000007 42.73210000000001
decision_type=2 10 2 10 10 8
left_child=1 -1 5 4 -4 -2
right_child=2 -3 3 -5 -6 -7
leaf_value=-0.0018689488451313586 -0.0033733219857238366 -0.017832005321681537 -0.027692113996247183 0.013560978539517236 0.010871260042071585 0.00031894340910566072
leaf_weight=1032.65666799061 2017.0501207001507 227.88788282498717 83.724998913705349 25.907635241746902 10.764852683991192 31926.176663693041
leaf_count=4743 8729 1231 3500 835 342 137982
internal_value=-0.000148379 -0.00510227 3.92711e-05 -0.0129521 -0.0217377 9.67483e-05
internal_weight=35324.2 1260.54 34063.6 120.397 94.4899 33943.2
internal_count=157362 5974 151388 4677 3842 146711
is_linear=0
shrinkage=0.05


Tree=119
num_leaves=7
num_cat=0
split_feature=0 3 3 3 2 3
split_gain=11.9894 31.2415 19.0302 16.0837 16.0079 13.7302
threshold=44.500000000000007 1968.5000000000002 1964.5000000000002 1754.5000000000002 8.5000000000000018 1942.5000000000002
decision_type=2 2 2 2 8 2
left_child=2 3 -1 -2 5 -5
right_child=1 -3 -4 4 -6 -7
leaf_value=0.00032416604328165568 -0.017293685719120582 0.021343343622460785 -0.012927397725032706 -0.017177909776706201 -0.0014094500129530714 0.0060708889801999932
leaf_weight=32380.052194088697 190.95174863561988 94.545697845518589 243.21658985316753 277.48968430049717 2106.2101217117161 63.653687734156847
leaf_count=135150 1759 866 1029 1820 16321 485
internal_value=-5.4059e-05 -0.00321668 0.000213585 -0.00432687 -0.00311798 -0.0126999
internal_weight=35356.1 2732.85 32623.3 2638.31 2447.35 341.143
internal_count=157430 21251 136179 20385 18626 2305
is_linear=0
shrinkage=0.05


Tree=120
num_leaves=7
num_cat=0
split_feature=3 0 8 12 11 3
split_gain=13.1485 17.3029 14.2205 11.5892 20.0561 17.6584
threshold=1688.5000000000002 33.500000000000007 61.895652723209295 -90.996849999999981 -74.170399999999987 1919.5000000000002
decision_type=2 2 10 8 10 2
left_child=1 2 -1 4 -2 -5
right_child=3 -3 -4 5 -6 -7
leaf_value=0.00040853380401991612 0.00086227684264787708 -0.015349655824423004 -0.016696131843661054 -9.364645219868467e-05 -0.018046557793990347 0.0031152158274288361
leaf_weight=973.88537445664406 343.55290598981082 269.66080825589597 108.62678800523281 28443.963813453913 203.99665320292115 5017.9622533544898
leaf_count=4200 1556 1726 502 124381 961 24217
internal_value=7.49945e-05 -0.00470571 -0.00171181 0.000269049 -0.00675393 0.000389915
internal_weight=35361.6 1352.17 1082.51 34009.5 547.55 33461.9
internal_count=157543 6428 4702 151115 2517 148598
is_linear=0
shrinkage=0.05


Tree=121
num_leaves=7
num_cat=0
split_feature=0 3 1 3 1 2
split_gain=11.9032 12.3338 19.2002 23.6618 18.5667 23.675
threshold=62.500000000000007 1880.5000000000002 19.500000000000004 1918.5000000000002 29.500000000000004 25.500000000000004
decision_type=2 2 2 2 2 8
left_child=1 4 3 -3 -1 -6
right_child=-2 2 -4 -5 5 -7
leaf_value=-8.5833563143515519e-05 -0.0158910391555711 -0.00089803402991749473 0.0013283831290930791 -0.019985421002897855 -0.009216237293294665 -0.0013472678417367273
leaf_weight=14905.14240495488 89.681293345987797 533.79660926759243 15108.15169676207 205.27351395040751 1345.6840048786253 3175.4310487322509
leaf_count=62452 3832 2276 67015 851 6702 14471
internal_value=-0.000149184 -9.5691e-05 0.000938509 -0.00677227 -0.000939499 -0.00373473
internal_weight=35363.2 35273.5 15847.2 739.07 19426.3 4521.12
internal_count=157599 153767 70142 3127 83625 21173
is_linear=0
shrinkage=0.05


Tree=122
num_leaves=7
num_cat=0
split_feature=1 0 1 1 12 12
split_gain=10.3929 11.836 9.18705 9.82153 8.94853 16.8579
threshold=57.500000000000007 62.500000000000007 10.500000000000002 16.500000000000004 -73.584099999999992 1.6084500000000002
decision_type=2 2 2 2 8 8
left_child=2 -2 -1 -4 -5 -6
right_child=1 -3 3 4 5 -7
leaf_value=0.014015555574065329 0.0028997827022937302 -0.027000748546596759 -0.0052758151035077385 -0.0032369298875453791 0.0035742073164095572 0.00010471351414998718
leaf_weight=91.083826661109924 50.345513442531228 44.123731506057084 765.07047453336418 1629.9083282016218 3955.5283727627248 28825.013758216053
leaf_count=383 1089 2280 3261 7314 17587 125656
internal_value=0.000215524 -0.0142076 0.000266202 0.000218686 0.000345338 0.000526252
internal_weight=35361.1 94.4692 35266.6 35175.5 34410.5 32780.5
internal_count=157570 3369 154201 153818 150557 143243
is_linear=0
shrinkage=0.05


Tree=123
num_leaves=7
num_cat=0
split_feature=1 3 2 3 1 1
split_gain=9.19214 29.2768 27.3159 13.8549 17.8862 12.0247
threshold=38.500000000000007 1940.5000000000002 45.500000000000007 1961.5000000000002 31.500000000000004 48.500000000000007
decision_type=2 2 8 2 2 2
left_child=3 2 -2 -1 -5 -3
right_child=1 5 -4 4 -6 -7
leaf_value=0.00042176350704069938 -0.013680645039120646 0.017406708911695806 -0.0016081918691304672 -0.014697802369193852 0.007406619874381128 -0.0017939906607847688
leaf_weight=31971.444486860186 574.72648749221116 209.06437518075109 2127.2012101057917 289.99314193800092 106.74934333562851 115.88370656967163
leaf_count=136170 4473 1202 12274 1261 502 1854
internal_value=5.54428e-05 -0.00256557 -0.00429815 0.000302693 -0.00864771 0.0109864
internal_weight=35395.1 3026.88 2701.93 32368.2 396.742 324.948
internal_count=157736 19803 16747 137933 1763 3056
is_linear=0
shrinkage=0.05


Tree=124
num_leaves=7
num_cat=0
split_feature=12 1 7 6 12 1
split_gain=14.6897 28.2651 26.3085 12.8019 16.0689 21.9182
threshold=21.01275 20.500000000000004 49.119450000000008 41.147800000000011 1.6084500000000002 19.500000000000004
decision_type=10 2 8 8 8 2
left_child=3 -2 -3 -1 5 -5
right_child=1 2 -4 4 -6 -7
leaf_value=-0.0043971452154049793 -0.017972501938909102 -0.0097858283230914545 0.0076147831455997701 -0.0059066565435055753 0.00011066572665315147 0.0046033812097997714
leaf_weight=1330.638613589108 291.66767879016697 374.16286157723516 439.72853180393577 540.14671145938337 28409.743493175134 3970.5249085035175
leaf_count=6023 1249 1691 1997 2276 126083 18235
internal_value=0.000171062 -0.00542408 -0.000448147 0.000356251 0.000552211 0.00331411
internal_weight=35356.6 1105.56 813.891 34251.1 32920.4 4510.67
internal_count=157554 4937 3688 152617 146594 20511
is_linear=0
shrinkage=0.05


Tree=125
num_leaves=7
num_cat=0
split_feature=1 3 7 2 9 1
split_gain=11.7591 11.0776 19.0724 21.644 21.7866 20.1673
threshold=11.500000000000002 1880.5000000000002 49.119450000000008 1.5000000000000002 55.167100000000005 41.500000000000007
decision_type=2 2 8 10 10 2
left_child=-1 -2 3 4 -3 -5
right_child=1 2 -4 5 -6 -7
leaf_value=0.01403741170588681 -0.00081915088475723041 0.0079881054373911534 0.0021826184374645024 -0.0038732056257451222 -0.0088034132291114498 0.013019264690118264
leaf_weight=119.49139834195375 19320.213430361822 904.51518586929888 10600.332992909476 4000.5849696695805 216.99977243505418 155.91984317824244
leaf_count=501 84213 4009 48736 17412 924 1627
internal_value=4.38358e-05 -1.55829e-05 0.000961871 -0.00148835 0.00459444 -0.00315078
internal_weight=35318.1 35198.6 15878.4 5278.02 1121.51 4156.5
internal_count=157422 156921 72708 23972 4933 19039
is_linear=0
shrinkage=0.05


Tree=126
num_leaves=7
num_cat=0
split_feature=6 2 3 5 11 3
split_gain=11.1582 33.0721 28.8937 45.2524 17.8095 49.2182
threshold=55.847100000000005 33.500000000000007 1944.5000000000002 10.158550000000002 18.068350000000006 1820.5000000000002
decision_type=8 8 2 10 8 2
left_child=1 2 -1 -4 5 -2
right_child=4 -3 3 -5 -6 -7
leaf_value=-0.0045295927924503968 -0.0048351399820644562 0.0085904750220478551 -0.0033235923219018999 0.014903240660992235 -0.00023730052070679398 0.0070898429998989092
leaf_weight=5528.4329420747235 1234.9372503608465 658.53433867823333 901.56787600927055 509.32527332380414 23772.56788964197 2732.4943364821374
leaf_count=24396 5685 3365 4254 2335 105070 12405
internal_value=-0.00018378 -0.00187747 -0.00290357 0.0034295 0.00028164 0.00336954
internal_weight=35337.9 7597.86 6939.33 1410.89 27740 3967.43
internal_count=157510 34350 30985 6589 123160 18090
is_linear=0
shrinkage=0.05


Tree=127
num_leaves=7
num_cat=0
split_feature=1 6 2 6 8 9
split_gain=12.6384 13.2011 23.8906 14.5362 11.2325 28.0638
threshold=37.500000000000007 48.863800000000005 43.500000000000007 51.268150000000013 1492.1786247422351 48.863800000000005
decision_type=2 8 8 10 10 10
left_child=4 -2 3 -3 -1 -6
right_child=1 2 -4 -5 5 -7
leaf_value=0.00033935835964606152 0.007269232928023563 -0.016006704639743803 -0.0015799706408159116 0.00032814169058111362 -0.01289603170891216 0.0030983703048008421
leaf_weight=30872.469628108665 261.65794977545738 511.46028972230852 2544.4717999175191 180.37672008760273 511.81586876884103 536.48897215351462
leaf_count=131433 1913 3963 14689 1332 2233 2312
internal_value=-0.000149243 -0.00298909 -0.00387763 -0.0119112 0.00016447 -0.00485214
internal_weight=35418.7 3497.97 3236.31 691.837 31920.8 1048.3
internal_count=157875 21897 19984 5295 135978 4545
is_linear=0
shrinkage=0.05


Tree=128
num_leaves=7
num_cat=0
split_feature=1 9 5 8 10 8
split_gain=13.953 10.126 9.67564 26.913 19.3688 16.255
threshold=10.500000000000002 -22.972199999999997 21.558050000000005 1942.7221103969243 35.689150000000005 1492.1786247422351
decision_type=2 8 10 10 10 10
left_child=-1 -2 5 4 -4 -3
right_child=1 2 3 -5 -6 -7
leaf_value=0.016607889375715241 0.011417459742498637 0.00017598775853038223 0.0038444935181617609 0.011670113453136961 -0.012448257121531315 -0.0065869443992904349
leaf_weight=95.502107366919518 160.03017837740481 33065.482560938224 230.67909299023449 178.93358817324042 669.76438221149147 883.00771508179605
leaf_count=401 727 147317 1000 813 3019 4082
internal_value=-3.41495e-05 -9.34258e-05 -0.00015574 -0.00475076 -0.00828494 -5.57798e-06
internal_weight=35283.4 35187.9 35027.9 1079.38 900.443 33948.5
internal_count=157359 156958 156231 4832 4019 151399
is_linear=0
shrinkage=0.05


Tree=129
num_leaves=7
num_cat=0
split_feature=1 3 14 1 8 8
split_gain=12.7937 11.5688 22.0073 35.7343 26.254 22.7321
threshold=48.500000000000007 1880.5000000000002 1.0000000180025095e-35 28.500000000000004 8440.872017326963 880.33045572435162
decision_type=2 2 2 2 8 10
left_child=1 -1 -3 4 -4 -5
right_child=-2 2 3 5 -6 -7
leaf_value=-0.00063306812428581642 -0.0070332702441114493 0.0025339607156035005 -0.0086727402730046015 0.00141423582724977 0.00035783708818458047 0.015757911203839244
leaf_weight=19241.776188036427 594.87552422843874 10310.134069010615 1782.4791521001607 1638.7761135641485 1443.5406780838966 304.09877732396126
leaf_count=82208 7668 44953 7454 7386 6250 1482
internal_value=5.76901e-05 0.000185147 0.00120152 -0.00145553 -0.00466578 0.00386479
internal_weight=35315.7 34720.8 15479 5168.89 3226.02 1942.87
internal_count=157401 149733 67525 22572 13704 8868
is_linear=0
shrinkage=0.05


Tree=130
num_leaves=7
num_cat=0
split_feature=0 3 4 3 4 3
split_gain=13.0613 20.985 12.9998 12.6701 17.1694 9.87654
threshold=51.500000000000007 1968.5000000000002 59.857000000000006 1684.5000000000002 59.520700000000005 1964.5000000000002
decision_type=2 2 8 2 8 2
left_child=3 2 -2 4 -1 -5
right_child=1 -3 -4 5 -6 -7
leaf_value=-0.013838311275101538 -0.01648223938077845 0.019316009165519721 -0.003104405662859586 0.00030672005980871041 -0.0010511877944563467 -0.0083485028979074609
leaf_weight=346.00432769954205 282.34193542506546 45.864796739071608 477.20576730463654 32980.595285758376 888.37460227310658 302.94485701620579
leaf_count=1721 3835 637 7063 138991 4019 1316
internal_value=-0.00011542 -0.00629301 -0.00851458 3.4062e-05 -0.0048788 0.000220494
internal_weight=35323.3 805.412 759.548 34517.9 1234.38 33283.5
internal_count=157582 11535 10898 146047 5740 140307
is_linear=0
shrinkage=0.05


Tree=131
num_leaves=7
num_cat=0
split_feature=1 1 1 3 0 12
split_gain=12.2511 10.9688 8.93433 23.6509 11.8824 11.6168
threshold=10.500000000000002 15.500000000000002 38.500000000000007 1954.5000000000002 55.500000000000007 -73.584099999999992
decision_type=2 2 2 2 2 8
left_child=-1 -2 5 4 -4 -3
right_child=1 2 3 -5 -6 -7
leaf_value=0.015854360925906388 -0.0077311827566030724 -0.0038487875926028858 -0.0025408192101529152 0.015837612636117698 -0.014502280380224723 0.00056706620199796661
leaf_weight=92.289327967911959 422.75331871211529 1536.5982468966395 2707.2636700198054 137.76493664830923 197.63466476649046 30254.339792195708
leaf_count=387 1812 6626 13363 1456 5061 128939
internal_value=5.60537e-05 1.25502e-06 0.000101671 -0.00247314 -0.00349454 0.000350201
internal_weight=35348.6 35256.4 34833.6 3042.66 2904.9 31790.9
internal_count=157644 157257 155445 19880 18424 135565
is_linear=0
shrinkage=0.05


Tree=132
num_leaves=7
num_cat=0
split_feature=5 3 6 5 12 3
split_gain=9.8897 22.8415 19.0499 15.1997 11.7609 15.5525
threshold=21.558050000000005 1930.5000000000002 48.856600000000007 96.892900000000012 13.384950000000002 1746.5000000000002
decision_type=10 2 8 10 10 2
left_child=4 2 -2 -3 -1 -6
right_child=1 3 -4 -5 5 -7
leaf_value=-0.0001261237994388663 -0.021472528332229027 -0.001628546249376913 -0.004194419377441228 0.017932331287855718 -0.0070808470142005508 0.0059184664994208448
leaf_weight=32316.406538527459 206.73152961023152 295.77328185737133 552.60181129071862 116.29248397052288 244.10312558058649 1520.6958842445165
leaf_count=143997 884 1356 2474 522 1293 6686
internal_value=-6.45322e-05 -0.00452312 -0.00953577 0.0047342 9.25563e-05 0.00403213
internal_weight=35252.6 1171.4 759.333 412.066 34081.2 1764.8
internal_count=157212 5236 3358 1878 151976 7979
is_linear=0
shrinkage=0.05


Tree=133
num_leaves=7
num_cat=0
split_feature=9 3 1 0 7 2
split_gain=13.5949 10.413 29.8063 16.8169 16.7947 17.0951
threshold=-22.972199999999997 1943.5000000000002 24.500000000000004 57.500000000000007 1.3829 39.500000000000007
decision_type=8 2 2 2 10 8
left_child=-1 3 -3 4 -2 -6
right_child=1 2 -4 -5 5 -7
leaf_value=0.012939307673307586 6.7809528582703921e-05 -0.0055550781786159577 0.0081432155740268439 -0.015029958924460268 -0.0039892336387553195 0.0089248469398706311
leaf_weight=165.98456778563559 28735.758044689894 577.3762933164835 1133.3745473455638 166.97614835109562 4204.9355674088001 244.87208907306194
leaf_count=750 123295 2416 6394 4908 18317 1090
internal_value=-0.000193294 -0.00026647 0.003504 -0.000462844 -0.000376039 -0.00322357
internal_weight=35229.3 35063.3 1710.75 33352.5 33185.6 4449.81
internal_count=157170 156420 8810 147610 142702 19407
is_linear=0
shrinkage=0.05


Tree=134
num_leaves=7
num_cat=0
split_feature=1 3 3 3 3 0
split_gain=16.956 33.1266 23.3848 13.1985 12.3659 15.095
threshold=30.500000000000004 1931.5000000000002 1963.5000000000002 1766.5000000000002 1811.5000000000002 56.500000000000007
decision_type=2 2 2 2 2 2
left_child=2 3 -1 -2 -5 -6
right_child=1 -3 -4 4 5 -7
leaf_value=0.00071752820548255051 -0.0096664449131759964 0.0059922848997990821 -0.01495286639443015 0.0042415654209208868 -0.0026790788630219669 -0.018663542824278408
leaf_weight=25987.17813763395 665.5576789425686 1126.4956777244806 210.31517971307039 609.90535202994943 6561.7102835178375 122.22451213095337
leaf_count=110322 3840 7165 930 2990 28823 3386
internal_value=-7.09482e-05 -0.00192851 0.000574766 -0.00306783 -0.00242858 -0.00305346
internal_weight=35283.4 9085.89 26197.5 7959.4 7293.84 6683.93
internal_count=157456 46204 111252 39039 35199 32209
is_linear=0
shrinkage=0.05


Tree=135
num_leaves=7
num_cat=0
split_feature=12 3 10 3 3 6
split_gain=7.68429 26.9346 27.6478 24.8035 40.3851 24.0843
threshold=1.6084500000000002 1918.5000000000002 48.778050000000007 1908.5000000000002 1817.5000000000002 55.847100000000005
decision_type=8 2 10 2 2 8
left_child=3 5 -3 4 -1 -2
right_child=1 2 -4 -5 -6 -7
leaf_value=-0.0039443155505092618 -0.0053038198750751915 0.0061889280894116463 -0.003076115263278922 -0.0022920697699527698 0.0077932040171897025 -0.00020558210344163563
leaf_weight=1005.1485959738493 2545.5733325099573 2922.985802480951 1085.9522600900382 2184.61871916987 2530.2169576762244 23059.16369301267
leaf_count=4438 11532 14400 4987 10284 11296 100735
internal_value=0.000204425 -0.000120231 0.00367498 0.0018771 0.00445097 -0.000718053
internal_weight=35333.7 29613.7 4008.94 5719.98 3535.37 25604.7
internal_count=157672 131654 19387 26018 15734 112267
is_linear=0
shrinkage=0.05


Tree=136
num_leaves=7
num_cat=0
split_feature=3 5 10 5 6 3
split_gain=9.35962 33.7755 23.5643 22.6796 23.9685 17.2462
threshold=1919.5000000000002 10.400800000000002 54.825250000000004 0.61280000000000012 43.439150000000005 1786.5000000000002
decision_type=2 8 10 8 8 2
left_child=3 -2 -3 5 -5 -1
right_child=1 2 -4 4 -6 -7
leaf_value=-0.0054020142131515183 -0.0033336837198631279 0.0063029370106218166 -0.0062882911046535641 -0.011800428420104994 -0.0007709430333416342 0.0053702086859246448
leaf_weight=414.27472780644894 2036.3922880981117 2979.3778239283711 399.49822155572474 472.11823403276503 26547.674061410129 2379.8378433324397
leaf_count=1850 9524 14807 1838 2081 116537 10640
internal_value=-0.000184216 0.0017223 0.00477199 -0.000531892 -0.000976536 0.00373263
internal_weight=35229.2 5415.27 3378.88 29813.9 27019.8 2794.11
internal_count=157277 26169 16645 131108 118618 12490
is_linear=0
shrinkage=0.05


Tree=137
num_leaves=7
num_cat=0
split_feature=6 5 1 6 3 5
split_gain=11.989 22.122 14.0114 13.6269 13.3419 39.3053
threshold=55.88665000000001 18.9222 23.500000000000004 55.675950000000007 1918.5000000000002 10.316800000000002
decision_type=10 8 2 10 2 8
left_child=3 -2 -3 4 -1 -6
right_child=1 2 -4 -5 5 -7
leaf_value=-0.00057567490089026352 0.0098633758048012332 -0.014242704166927592 0.0028942956464247755 -0.011049383277722301 -0.0033996497674235559 0.0055137283610264473
leaf_weight=28598.81487946678 755.06279877200723 164.23078097775578 288.67404570803046 259.29337123502046 1957.4494456322864 3257.1324844378978
leaf_count=125665 3339 701 1353 1140 9190 16032
internal_value=-6.82611e-05 0.00476534 -0.00381863 -0.000243666 -0.000151083 0.00216752
internal_weight=35280.7 1207.97 452.905 34072.7 33813.4 5214.58
internal_count=157420 5393 2054 152027 150887 25222
is_linear=0
shrinkage=0.05


Tree=138
num_leaves=7
num_cat=0
split_feature=0 8 11 5 14 4
split_gain=10.2004 11.2381 21.824 20.1038 23.9551 19.1318
threshold=30.500000000000004 1447.7865968952196 13.382900000000001 19.935250000000003 1.0000000180025095e-35 19.025700000000004
decision_type=2 10 10 8 2 10
left_child=1 3 -3 4 -1 -5
right_child=-2 2 -4 5 -6 -7
leaf_value=0.0067821281775969191 -0.00088286651426863576 -0.015930340300627257 0.0051282721257201996 0.00046104483007150076 -0.0013086593410030533 -0.0095721580762711846
leaf_weight=2713.3240306228399 16941.862971334718 246.95019753277302 200.95318312942982 13344.039200007915 1359.8223451822996 462.63860255479813
leaf_count=11375 80637 1013 812 56043 5601 1901
internal_value=7.30282e-07 0.000817621 -0.0067535 0.00101828 0.00409119 0.000104824
internal_weight=35269.6 18327.7 447.903 17879.8 4073.15 13806.7
internal_count=157382 76745 1825 74920 16976 57944
is_linear=0
shrinkage=0.05


Tree=139
num_leaves=7
num_cat=0
split_feature=6 3 2 8 3 10
split_gain=8.08405 18.6166 19.1323 18.6643 16.3441 20.7033
threshold=42.36140000000001 1808.5000000000002 6.5000000000000009 1406.2337030154206 1940.5000000000002 51.300150000000009
decision_type=8 2 10 10 2 8
left_child=1 -1 3 -3 -2 -6
right_child=4 2 -4 -5 5 -7
leaf_value=-0.021748282682495589 -8.8672968168657272e-05 0.0065718158053936692 -0.0077647930032791676 -0.0069464902111498932 0.0111000030363331 -0.0015083996289734947
leaf_weight=96.085266245529056 31943.424747173674 772.44254397414625 770.54172737896442 346.34313992597163 713.61268047057092 567.76868339441717
leaf_count=432 141382 3253 3762 1494 3398 3447
internal_value=-5.05584e-05 -0.00312538 -0.00185315 0.00231483 0.000135838 0.00560663
internal_weight=35210.2 1985.41 1889.33 1118.79 33224.8 1281.38
internal_count=157168 8941 8509 4747 148227 6845
is_linear=0
shrinkage=0.05


Tree=140
num_leaves=7
num_cat=0
split_feature=1 3 3 12 10 4
split_gain=10.6782 25.2126 23.4954 15.3493 23.6098 14.9385
threshold=30.500000000000004 1931.5000000000002 1963.5000000000002 21.01275 34.686500000000009 59.396850000000008
decision_type=2 2 2 10 10 10
left_child=2 -2 3 5 -5 -1
right_child=1 -3 -4 4 -6 -7
leaf_value=0.00065564360339584341 -0.0025569787087924931 0.0053151634849340317 -0.01511314034380697 0.005111227386956789 -0.011789305023690718 0.011402473704712632
leaf_weight=24707.028784999624 7974.9286455539986 1136.7102463105693 211.08202026411891 298.08211044594646 554.99755956977606 297.81258885189891
leaf_count=104880 39122 7221 938 1264 2379 1284
internal_value=-9.01417e-05 -0.00156068 0.000425044 0.000569251 -0.00591092 0.000797151
internal_weight=35180.6 9111.64 26069 25857.9 853.08 25004.8
internal_count=157088 46343 110745 109807 3643 106164
is_linear=0
shrinkage=0.05


Tree=141
num_leaves=7
num_cat=0
split_feature=6 2 5 5 5 0
split_gain=7.61143 38.0068 18.9815 16.7521 22.8397 15.8644
threshold=55.847100000000005 1.5000000000000002 20.481100000000001 96.892900000000012 21.558050000000005 50.500000000000007
decision_type=8 10 8 10 8 2
left_child=1 -1 5 4 -3 -2
right_child=2 3 -4 -5 -6 -7
leaf_value=0.0050408374650180946 0.0041607587569089726 -0.0021465186234519451 -9.1742004904118957e-05 0.011831866545286101 -0.010110689917518557 -0.011873478554659166
leaf_weight=1763.1832661340013 4008.2412916794419 4531.4654994159937 23558.565206846222 149.3351094275713 1101.8502076938748 131.98736134730279
leaf_count=7764 17162 20855 104189 654 4954 1782
internal_value=7.48609e-05 -0.00132976 0.000458539 -0.00328821 -0.00374958 0.00356786
internal_weight=35244.6 7545.83 27698.8 5782.65 5633.32 4140.23
internal_count=157360 34227 123133 26463 25809 18944
is_linear=0
shrinkage=0.05


Tree=142
num_leaves=7
num_cat=0
split_feature=4 12 1 3 4 7
split_gain=8.81956 8.45606 16.7081 13.0642 11.7941 22.0248
threshold=-18.961799999999997 21.01275 25.500000000000004 1930.5000000000002 56.471450000000011 18.068550000000005
decision_type=8 10 2 2 10 8
left_child=-1 4 -3 -4 -2 -6
right_child=1 2 3 -5 5 -7
leaf_value=0.009978609947627495 -0.00017785931946544687 -0.0094715698859456632 -0.0033043782643831319 0.014485464643744759 0.011773627619144158 -0.0022507965682881889
leaf_weight=186.51680780574679 33037.564626665786 625.40304834395647 256.50319438055158 133.80300188995898 552.16383389383554 523.63480210490525
leaf_count=839 147389 2666 1233 655 2462 2456
internal_value=-8.18893e-05 -0.000143774 -0.00457264 0.00339288 -8.00488e-06 0.0050715
internal_weight=35315.6 35129.1 1015.71 390.306 34113.4 1075.8
internal_count=157700 156861 4554 1888 152307 4918
is_linear=0
shrinkage=0.05


Tree=143
num_leaves=7
num_cat=0
split_feature=0 8 0 3 10 4
split_gain=11.4235 15.7854 10.2338 13.8829 21.9964 14.9703
threshold=60.500000000000007 453.8338459735341 22.500000000000004 1782.5000000000002 48.520150000000008 51.507100000000001
decision_type=2 10 2 2 10 10
left_child=2 -2 -1 4 -4 -5
right_child=1 -3 3 5 -6 -7
leaf_value=-0.0028656050826876846 -0.021314149170612692 0.014739026968830924 -0.00019748238241469422 0.0001836056680519215 -0.0082437749518176964 0.0035794905278252465
leaf_weight=2871.4781205058098 97.886602005921304 16.618345966562629 3057.8286754339933 24384.764410573989 1146.8669291511178 3714.2952170707285
leaf_count=11932 4213 514 13565 105566 5587 16192
internal_value=-7.86935e-05 -0.0141081 -2.10409e-05 0.000234236 -0.00243503 0.000635832
internal_weight=35289.7 114.505 35175.2 32303.8 4204.7 28099.1
internal_count=157569 4727 152842 140910 19152 121758
is_linear=0
shrinkage=0.05


Tree=144
num_leaves=7
num_cat=0
split_feature=0 3 0 7 10 1
split_gain=9.49249 15.0579 20.0784 14.7616 10.3079 33.0541
threshold=29.500000000000004 1728.5000000000002 42.500000000000007 10.684600000000001 41.889150000000008 25.500000000000004
decision_type=2 2 2 8 10 2
left_child=4 2 3 -2 -1 -6
right_child=1 -3 -4 -5 5 -7
leaf_value=0.00016256898865382881 0.013654970452762228 -0.00041228559478182262 -0.021032872402195389 -0.005623980078692031 0.00097551014752763558 0.012560364759455184
leaf_weight=12202.476471915841 86.318122327327728 17864.498028933071 168.54543910454959 683.03611980378628 3504.3457282483578 718.58995068073273
leaf_count=51131 446 83176 1515 3280 14646 3044
internal_value=2.4493e-05 -0.000742094 -0.00681658 -0.00302967 0.000901769 0.00302153
internal_weight=35227.8 18802.4 937.9 769.354 16425.4 4222.94
internal_count=157238 88417 5241 3726 68821 17690
is_linear=0
shrinkage=0.05


Tree=145
num_leaves=7
num_cat=0
split_feature=3 1 5 5 6 2
split_gain=10.8646 47.2983 24.9294 22.289 21.0771 35.2669
threshold=1919.5000000000002 23.500000000000004 1.8368000000000002 9.2460000000000004 55.847100000000005 57.500000000000007
decision_type=2 2 8 8 8 8
left_child=2 3 -1 -2 5 -4
right_child=1 -3 4 -5 -6 -7
leaf_value=0.0039876029153483282 -0.013476097232600723 0.0044847692163690351 -0.0064828174927741705 0.0002298382040973883 -0.00030256823067973028 0.0070158825555921541
leaf_weight=2917.3971671629697 578.96492744609714 4257.1149150524288 3063.4999217381701 576.40962608903646 23291.232810970396 548.01416918076575
leaf_count=13057 2427 21310 13805 2421 101822 2518
internal_value=-4.05256e-06 0.00205046 -0.000378642 -0.00680552 -0.000856043 -0.00439359
internal_weight=35232.6 5412.49 29820.1 1155.37 26902.7 3611.51
internal_count=157360 26158 131202 4848 118145 16323
is_linear=0
shrinkage=0.05


Tree=146
num_leaves=7
num_cat=0
split_feature=0 8 2 5 4 0
split_gain=8.49493 16.91 11.8126 15.1718 13.7775 12.2337
threshold=44.500000000000007 956.44339960092873 9.5000000000000018 0.61280000000000012 52.269600000000004 60.500000000000007
decision_type=2 10 8 10 8 2
left_child=-1 2 4 5 -2 -4
right_child=1 -3 3 -5 -6 -7
leaf_value=2.7065163550383224e-05 0.0012435133679410274 0.010279371279711437 0.00071126820328742046 -0.010764501975618321 -0.017891334869472777 -0.017019301070206886
leaf_weight=32514.967267796397 134.57553030923009 196.77305365540087 1640.8116203658283 407.52795854024589 256.40017399098724 73.312451729550958
leaf_count=136001 981 1477 10350 3385 1787 3312
internal_value=-0.000198194 -0.00287217 -0.00401125 -0.00245378 -0.0116858 -0.00032676
internal_weight=35224.4 2709.4 2512.63 2121.65 390.976 1714.12
internal_count=157293 21292 19815 17047 2768 13662
is_linear=0
shrinkage=0.05


Tree=147
num_leaves=7
num_cat=0
split_feature=1 3 5 3 6 10
split_gain=9.7657 22.0848 16.6449 15.2597 12.1897 11.5859
threshold=30.500000000000004 1930.5000000000002 2.8864000000000005 1965.5000000000002 54.437850000000005 47.219850000000001
decision_type=2 2 10 2 8 10
left_child=3 2 -2 -1 5 -4
right_child=1 -3 4 -5 -6 -7
leaf_value=0.00067716136947344784 -0.0015943294861895435 0.0049377248178767543 -0.00083575768933133563 -0.013950227024733506 -0.0031800860071585588 -0.023228062701925161
leaf_weight=26010.680891506374 7292.3718228656799 1193.8482305323705 81.158455297350883 149.5765263363719 339.95754211489111 192.28842043224722
leaf_count=110535 35322 7493 426 670 1878 1151
internal_value=8.68417e-05 -0.00132141 -0.00228169 0.000577643 -0.00999795 -0.0173217
internal_weight=35259.9 9099.62 7905.78 26160.3 613.404 273.447
internal_count=157475 46270 38777 111205 3455 1577
is_linear=0
shrinkage=0.05


Tree=148
num_leaves=7
num_cat=0
split_feature=6 7 5 1 10 10
split_gain=7.81373 21.8635 31.9341 16.1908 13.5726 9.63661
threshold=55.847100000000005 18.068550000000005 10.523550000000002 25.500000000000004 55.574000000000005 56.510250000000006
decision_type=10 10 10 2 10 10
left_child=4 2 -2 -4 -1 -6
right_child=1 -3 3 -5 5 -7
leaf_value=0.00015106267141715813 -0.0025743688403206903 -0.0045739714290051487 0.025479218331814942 0.0057014574417553468 -0.011671307993458578 -0.00092373231487246428
leaf_weight=33091.718940013088 338.86927581205964 451.55563350673765 239.61990561336279 203.55115327984095 387.55481421016157 427.94090526737273
leaf_count=147587 1515 2037 1005 965 1761 2032
internal_value=0.000135228 0.00399579 0.0089302 0.0173326 -8.63272e-06 -0.00626428
internal_weight=35140.8 1233.6 782.04 443.171 33907.2 815.496
internal_count=156902 5522 3485 1970 151380 3793
is_linear=0
shrinkage=0.05


Tree=149
num_leaves=7
num_cat=0
split_feature=0 8 2 3 9 6
split_gain=8.67118 12.5987 10.8995 6.5642 28.6872 25.1756
threshold=59.500000000000007 152.94071146240455 36.500000000000007 1809.5000000000002 50.299150000000004 43.864450000000012
decision_type=2 10 10 2 10 8
left_child=3 2 -2 4 5 -1
right_child=1 -3 -4 -5 -6 -7
leaf_value=-0.020608814322490131 -0.023487637180015897 0.010189163922209525 0.010830981844716007 0.00051206565127385442 -0.0068660230745657032 0.0010306373057605573
leaf_weight=107.67963429540396 94.862181616947055 31.218950712122023 9.9976598005741817 27684.469877570868 1670.3008584864438 5658.8038686662912
leaf_count=477 3999 924 333 119548 7776 24443
internal_value=0.000103926 -0.0112942 -0.0185341 0.00015769 -0.00115828 0.000521985
internal_weight=35257.3 136.079 104.86 35121.3 7436.78 5766.48
internal_count=157500 5256 4332 152244 32696 24920
is_linear=0
shrinkage=0.05


Tree=150
num_leaves=7
num_cat=0
split_feature=3 7 10 14 0 0
split_gain=9.81297 19.9271 14.6112 14.628 12.3793 12.8423
threshold=1722.5000000000002 10.684600000000001 48.998950000000008 1.0000000180025095e-35 23.500000000000004 29.500000000000004
decision_type=2 10 8 2 2 2
left_child=1 2 -1 -4 -2 -6
right_child=4 -3 3 -5 5 -7
leaf_value=0.012896518735943449 -0.0024892954154641105 -0.01778091736276043 -0.0058733790265006469 0.0030346070336823459 0.0019182731785184128 -0.00022327189780432233
leaf_weight=131.48186525516212 3593.4951076954603 180.4832303263247 1278.0389453368261 688.32811191491783 11408.528887927532 18029.119471659884
leaf_count=656 14916 988 6023 3205 47892 84022
internal_value=4.88797e-05 -0.00310302 -0.00160736 -0.00275639 0.000268901 0.00060779
internal_weight=35309.5 2278.33 2097.85 1966.37 33031.1 29437.6
internal_count=157702 10872 9884 9228 146830 131914
is_linear=0
shrinkage=0.05


Tree=151
num_leaves=7
num_cat=0
split_feature=1 0 12 14 0 11
split_gain=15.5443 9.21099 10.0997 12.5374 8.46666 7.33375
threshold=11.500000000000002 21.500000000000004 10.734950000000003 1.0000000180025095e-35 61.500000000000007 -72.87309999999998
decision_type=2 2 10 2 2 8
left_child=-1 2 3 -2 5 -3
right_child=1 4 -4 -5 -6 -7
leaf_value=0.016102449938421023 -0.0051094788955813458 -0.0036939731024978016 -0.015977498493700375 0.0043327122916187377 -0.01285150922216512 0.00035120596764283798
leaf_weight=120.06472378224134 1156.4568825513124 1130.8770455401391 120.17355518043041 473.25681717693806 94.52214918192476 32207.706081958488
leaf_count=505 4804 4963 504 1960 4227 140805
internal_value=4.44012e-05 -2.40701e-05 -0.00352894 -0.00233878 0.000162374 0.000210792
internal_weight=35303.1 35183 1749.89 1629.71 33433.1 33338.6
internal_count=157768 157263 7268 6764 149995 145768
is_linear=0
shrinkage=0.05


Tree=152
num_leaves=7
num_cat=0
split_feature=2 1 12 3 3 3
split_gain=12.6766 16.2216 24.2906 15.9379 18.2496 15.6619
threshold=7.5000000000000009 34.500000000000007 14.207400000000002 1958.5000000000002 1941.5000000000002 1953.5000000000002
decision_type=8 2 10 2 2 2
left_child=1 3 5 4 -1 -3
right_child=-2 2 -4 -5 -6 -7
leaf_value=0.0014909806427071254 -0.00077204729673702806 -0.0095601985008091413 0.015295465861221181 -0.0094266044035408447 0.0097414676236098948 0.0085783384927929415
leaf_weight=11361.83975404501 21784.371306753717 854.16680313274264 107.51922892965376 284.75825378298759 684.09636829793453 113.74392627552152
leaf_count=47420 100371 4319 569 1184 2794 657
internal_value=-2.79319e-05 0.00118025 -0.00462834 0.00169685 0.00198257 -0.00723484
internal_weight=35190.5 13406.1 1075.43 12330.7 12045.9 967.911
internal_count=157314 56943 5545 51398 50214 4976
is_linear=0
shrinkage=0.05


Tree=153
num_leaves=7
num_cat=0
split_feature=1 14 0 6 8 1
split_gain=9.41056 15.035 8.20734 7.03191 7.0494 25.1958
threshold=37.500000000000007 1.0000000180025095e-35 56.500000000000007 60.568200000000004 1167.6176734918988 29.500000000000004
decision_type=2 2 2 10 10 2
left_child=3 2 -2 4 -1 -6
right_child=1 -3 -4 -5 5 -7
leaf_value=0.00021377088809152649 -0.0038346541438605644 0.0026850792593914648 -0.015770066771537496 0.0096435276501786113 -0.0073842062373921276 0.0092855297429315139
leaf_weight=30461.62727765739 2387.2171323895454 950.50659267324954 128.19818331673741 162.6896140947938 956.04381913132966 266.67037353850901
leaf_count=129927 11672 6223 3935 688 4078 1228
internal_value=-0.000149428 -0.00261197 -0.00462164 0.000120777 6.28048e-05 -0.00361328
internal_weight=35313 3465.92 2515.42 31847 31684.3 1222.71
internal_count=157751 21830 15607 135921 135233 5306
is_linear=0
shrinkage=0.05


Tree=154
num_leaves=7
num_cat=0
split_feature=9 3 1 5 5 8
split_gain=9.17187 7.97624 28.7963 21.4288 17.7589 16.4388
threshold=-22.972199999999997 1943.5000000000002 24.500000000000004 9.1815500000000014 21.558050000000005 803.05343159667029
decision_type=8 2 2 10 10 8
left_child=-1 4 3 -3 -2 -6
right_child=1 2 -4 -5 5 -7
leaf_value=0.010872490479146239 3.0754575811788994e-05 -0.013571811057216257 0.0078612789402555585 0.0048303068658087887 -0.015576795252097417 -0.0013140754897493256
leaf_weight=165.71792589686811 32526.632884479128 325.33494647964835 1141.7993044685572 263.56485814042389 321.82532432489097 488.94924897514284
leaf_count=754 144228 1378 6429 1099 1415 2206
internal_value=7.86718e-05 1.84149e-05 0.0032983 -0.00550094 -0.000154671 -0.00732925
internal_weight=35233.8 35068.1 1730.7 588.9 33337.4 810.775
internal_count=157509 156755 8906 2477 147849 3621
is_linear=0
shrinkage=0.05


Tree=155
num_leaves=7
num_cat=0
split_feature=12 11 8 3 3 10
split_gain=11.2212 15.1519 14.6463 17.4075 13.6158 21.4748
threshold=-73.584099999999992 -6.2661999999999987 1406.2337030154206 1900.5000000000002 1918.5000000000002 48.778050000000007
decision_type=8 8 8 2 2 10
left_child=2 -2 3 -1 -3 -6
right_child=1 4 -4 -5 5 -7
leaf_value=0.014239481616743075 0.009560662046818949 -4.3803072408598242e-05 -0.0076122646703544105 -0.0028478358462723135 0.0051779252752297764 -0.0020297687753142533
leaf_weight=173.28716930374503 424.53725600428879 28438.176875316538 958.19113402627409 532.93663614988327 3171.8104257080704 1506.1791826346889
leaf_count=752 1924 125172 4440 2396 15577 7092
internal_value=0.000293131 0.000493267 -0.00367727 0.00175429 0.000368479 0.00285911
internal_weight=35205.1 33540.7 1664.41 706.224 33116.2 4677.99
internal_count=157353 149765 7588 3148 147841 22669
is_linear=0
shrinkage=0.05


Tree=156
num_leaves=7
num_cat=0
split_feature=1 0 1 1 3 9
split_gain=9.38238 8.09716 7.97328 8.9503 10.1793 8.35718
threshold=11.500000000000002 18.500000000000004 43.500000000000007 60.500000000000007 1932.5000000000002 48.208450000000006
decision_type=2 2 2 2 2 10
left_child=-1 -2 -3 4 5 -4
right_child=1 2 3 -5 -6 -7
leaf_value=0.012475094916923911 -0.0074222109835637698 0.00012378166442505032 -0.0028512010702200301 -0.020424287074078333 0.0051847546462817952 -0.014607666005374052
leaf_weight=118.66205611824989 344.81907488405704 33369.462535290048 919.47444099187851 46.219690546393394 295.47076746448874 157.05724771041423
leaf_count=497 1431 143290 6126 2545 2300 1392
internal_value=-5.95794e-05 -0.000112523 -3.37362e-05 -0.00366578 -0.00267626 -0.00491591
internal_weight=35251.2 35132.5 34787.7 1418.22 1372 1076.53
internal_count=157581 157084 155653 12363 9818 7518
is_linear=0
shrinkage=0.05


Tree=157
num_leaves=7
num_cat=0
split_feature=1 0 0 3 11 0
split_gain=6.74324 10.737 6.55309 18.9272 22.3059 12.9959
threshold=10.500000000000002 19.500000000000004 47.500000000000007 1917.5000000000002 0.53015000000000012 50.500000000000007
decision_type=2 2 2 2 10 2
left_child=-1 -2 -3 4 -4 -6
right_child=1 2 3 -5 5 -7
leaf_value=0.011671523010762817 -0.006570698577294096 0.00022998989441843328 -0.0030030473563828885 0.0035816195686205541 -0.0042524881108800868 -0.029655402273019223
leaf_weight=93.271584905683994 588.90357898175716 32883.816721737385 803.75371284876019 654.50300323683769 93.224527858197689 119.95128567796201
leaf_count=393 2443 138237 7726 6383 611 1730
internal_value=-2.2986e-06 -4.32088e-05 7.36382e-05 -0.00295225 -0.00713962 -0.0204415
internal_weight=35237.4 35144.2 34555.2 1671.43 1016.93 213.176
internal_count=157523 157130 154687 16450 10067 2341
is_linear=0
shrinkage=0.05


Tree=158
num_leaves=7
num_cat=0
split_feature=11 3 8 3 2 6
split_gain=7.78525 28.8636 18.8298 13.7333 12.7244 15.1038
threshold=-1.0010499999999998 1910.5000000000002 32.308245970314367 1822.5000000000002 1.5000000000000002 41.147800000000011
decision_type=8 2 10 2 10 8
left_child=1 2 3 -1 -3 -6
right_child=-2 4 -4 -5 5 -7
leaf_value=-0.0027120649041715759 -0.00013318906638997322 0.0049817886930366767 0.015666395266614067 0.0067453906568790108 -0.011668250844657068 0.0010020803673057494
leaf_weight=558.46572989691049 31953.705570570193 302.94369040615857 379.58043063431978 1109.8101723808795 535.72777276299894 395.02766174357384
leaf_count=2459 142525 1422 1666 5014 2499 1872
internal_value=0.000105849 0.00241357 0.00602022 0.00358747 -0.00357402 -0.00642738
internal_weight=35235.3 3281.56 2047.86 1668.28 1233.7 930.755
internal_count=157457 14932 9139 7473 5793 4371
is_linear=0
shrinkage=0.05


Tree=159
num_leaves=7
num_cat=0
split_feature=11 11 8 3 3 0
split_gain=9.21601 29.5389 13.5465 22.6724 14.8374 14.3759
threshold=-1.6131499999999999 -2.1982499999999994 1406.2337030154206 1927.5000000000002 1838.5000000000002 32.500000000000007
decision_type=8 10 8 2 2 2
left_child=1 2 -1 4 -4 -6
right_child=-2 -3 3 -5 5 -7
leaf_value=0.0057142349428449006 -0.00039461898268372303 0.018364695598889272 -0.0057341148946360773 -0.013646781456447819 0.0093511247392109639 -0.0024395305272255242
leaf_weight=942.64680506754667 32195.321593236178 237.25988828577101 518.68235187791288 291.61133810691535 583.46158184111118 429.24422850087285
leaf_count=4189 143740 1082 2290 1483 2525 2114
internal_value=-0.000146746 0.00248841 0.000943961 -0.00157526 0.000941475 0.00442715
internal_weight=35198.2 3002.91 2765.65 1823 1531.39 1012.71
internal_count=157423 13683 12601 8412 6929 4639
is_linear=0
shrinkage=0.05


Tree=160
num_leaves=7
num_cat=0
split_feature=0 3 11 9 0 3
split_gain=7.51608 6.15434 16.0607 8.71621 7.42175 5.04025
threshold=15.500000000000002 1684.5000000000002 9.7393000000000018 51.498850000000012 24.500000000000004 1943.5000000000002
decision_type=2 2 10 10 2 2
left_child=-1 2 3 4 -2 -3
right_child=1 5 -4 -5 -6 -7
leaf_value=0.011454001037213659 0.0067550023947813027 -0.00017154870288710363 -0.015075905557746783 -0.010762639216165026 -0.0024718439325311318 0.0025511391303502952
leaf_weight=109.99801395833492 337.72240607440472 32156.909375051968 215.26950634922832 150.24488865118474 508.6277458993718 1764.5699672875926
leaf_count=459 1425 142163 1207 728 2489 9052
internal_value=-0.000108436 -0.000154378 -0.00361151 -0.000766952 0.00131518 -2.77874e-05
internal_weight=35243.3 35133.3 1211.86 996.595 846.35 33921.5
internal_count=157523 157064 5849 4642 3914 151215
is_linear=0
shrinkage=0.05


Tree=161
num_leaves=7
num_cat=0
split_feature=12 3 8 1 1 3
split_gain=8.9278 21.2518 14.3538 11.7429 10.0786 26.3964
threshold=21.01275 1930.5000000000002 32.308245970314367 25.500000000000004 26.500000000000004 1957.5000000000002
decision_type=10 2 10 2 2 2
left_child=4 2 -2 -3 5 -1
right_child=1 3 -4 -5 -6 -7
leaf_value=0.0012288376671795633 -0.0036966588751792262 -0.0025787256764945327 -0.018061727447137049 0.015721315328209452 -0.00070681795520774731 -0.015533855947052356
leaf_weight=18765.146230846643 559.05128432344645 165.06751155108213 237.55432837083936 141.07009282149374 15159.416143637151 207.93885838985443
leaf_count=79538 2528 688 1051 706 72136 895
internal_value=0.000108898 -0.00425833 -0.00848048 0.00650454 0.000253609 0.00102089
internal_weight=35235.2 1102.74 796.606 306.138 34132.5 18973.1
internal_count=157542 4973 3579 1394 152569 80433
is_linear=0
shrinkage=0.05


Tree=162
num_leaves=7
num_cat=0
split_feature=1 3 5 3 8 5
split_gain=7.38316 17.4943 15.7564 14.7075 11.0409 24.5472
threshold=30.500000000000004 1930.5000000000002 2.8864000000000005 1963.5000000000002 1406.2337030154206 -3.7016499999999994
decision_type=2 2 10 2 10 10
left_child=3 2 -2 4 -1 -6
right_child=1 -3 -4 -5 5 -7
leaf_value=0.00070493182864137232 -0.0014405351041706911 0.0042999240127249878 -0.0096061406508444191 -0.012016456600771653 -0.013546694701009377 0.0030031269558019867
leaf_weight=25110.384535526857 7252.6294078361243 1200.3946811212227 615.29957219026983 206.38095062412322 400.4553193487227 448.92088874988258
leaf_count=106777 35244 7504 3505 924 1729 1894
internal_value=-2.58138e-05 -0.00125288 -0.00211318 0.000400395 0.000512866 -0.00499557
internal_weight=35234.5 9068.32 7867.93 26166.1 25959.8 849.376
internal_count=157577 46253 38749 111324 110400 3623
is_linear=0
shrinkage=0.05


Tree=163
num_leaves=7
num_cat=0
split_feature=1 0 3 2 7 2
split_gain=10.26 7.7932 10.7755 10.125 7.59259 26.0951
threshold=45.500000000000007 64.500000000000014 1932.5000000000002 14.500000000000002 12.569000000000001 33.500000000000007
decision_type=2 2 2 8 8 8
left_child=4 2 3 -2 5 -1
right_child=1 -3 -4 -5 -6 -7
leaf_value=-0.0027180794638143181 -0.02011210644670065 -0.021002872461024055 0.0053901105927040959 -0.0039173961446690997 0.00035298637493566044 0.0084693548877241825
leaf_weight=5270.8107270896435 89.111833471804857 42.669733337126672 223.62693588994443 647.03575196303427 28411.483412800357 548.85800246335566
leaf_count=23062 993 2377 1853 5002 121725 2551
internal_value=-0.000132517 -0.00504337 -0.00371876 -0.00658856 1.55857e-05 -0.00162496
internal_weight=35233.6 1002.44 959.775 736.148 34231.2 5819.67
internal_count=157563 10225 7848 5995 147338 25613
is_linear=0
shrinkage=0.05


Tree=164
num_leaves=7
num_cat=0
split_feature=5 3 3 3 7 0
split_gain=8.93561 30.3658 26.669 39.6755 31.5637 27.2389
threshold=-38.108899999999998 1813.5000000000002 1908.5000000000002 1930.5000000000002 12.533700000000001 36.500000000000007
decision_type=10 2 2 2 10 2
left_child=-1 -2 5 4 -4 -3
right_child=1 2 3 -5 -6 -7
leaf_value=-0.00050247736894869438 -0.0043695111123433867 0.0078190727250573629 -0.0011218131820575868 0.0041651669252897134 -0.016533218912505917 -0.0017324417119605976
leaf_weight=26046.352528029121 1843.7882390543818 3021.5417250096798 900.66177123319358 1867.5691653350368 500.90549203939736 975.45196785870939
leaf_count=115673 8750 12533 4112 8685 2150 5311
internal_value=-3.09748e-05 0.00131433 0.00276865 -0.000581338 -0.00686074 0.00549252
internal_weight=35156.3 9109.92 7266.13 3269.14 1401.57 3996.99
internal_count=157214 41541 32791 14947 6262 17844
is_linear=0
shrinkage=0.05


Tree=165
num_leaves=7
num_cat=0
split_feature=1 1 3 11 10 2
split_gain=8.06439 7.28916 34.8435 15.1255 14.9226 14.3891
threshold=11.500000000000002 19.500000000000004 1918.5000000000002 25.446650000000002 50.90775 1.0000000180025095e-35
decision_type=2 2 2 10 10 10
left_child=-1 2 3 4 5 -2
right_child=1 -3 -4 -5 -6 -7
leaf_value=0.011684007083433156 -0.0072500647933672561 0.0001708335558000119 -0.021045364365700092 -0.014700112319530917 -0.0067370249598460276 0.0028415322129998516
leaf_weight=116.21315533667803 382.74813102185726 31255.414048071019 199.06219838187099 159.26329838111997 668.42588022723794 2447.7572607044131
leaf_count=490 1585 140811 833 686 2918 10301
internal_value=-3.42345e-05 -8.29597e-05 -0.0021249 -0.000932523 -0.000186214 0.0014152
internal_weight=35228.9 35112.7 3857.26 3658.19 3498.93 2830.51
internal_count=157624 157134 16323 15490 14804 11886
is_linear=0
shrinkage=0.05


Tree=166
num_leaves=7
num_cat=0
split_feature=1 0 3 14 3 0
split_gain=7.90816 8.93079 12.68 19.7765 9.95164 22.201
threshold=10.500000000000002 22.500000000000004 1770.5000000000002 1.0000000180025095e-35 1766.5000000000002 46.500000000000007
decision_type=2 2 2 2 2 2
left_child=-1 2 3 -2 5 -3
right_child=1 4 -4 -5 -6 -7
leaf_value=0.012923755829116418 -0.0025447427432759608 -0.0011330005959631925 -0.0045404780498679914 0.013599558679532778 0.00077826037866319956 -0.01945245334589803
leaf_weight=93.395205892622471 559.06835573911667 3193.054006062448 2017.0066929608583 251.65525685250759 28947.448167958297 144.75813861191273
leaf_count=394 2332 14185 8379 1042 129584 1644
internal_value=0.000287558 0.000242944 -0.00243656 0.00277304 0.000479674 -0.0020937
internal_weight=35206.4 35113 2827.73 810.724 32285.3 3337.81
internal_count=157560 157166 11753 3374 145413 15829
is_linear=0
shrinkage=0.05


Tree=167
num_leaves=7
num_cat=0
split_feature=10 12 2 11 5 10
split_gain=8.79041 20.599 13.8681 14.1411 9.94939 10.0461
threshold=41.21840000000001 -6.2626499999999989 1.5000000000000002 60.714750000000002 31.168200000000002 40.231350000000006
decision_type=8 8 10 10 8 10
left_child=2 -2 -1 4 5 -4
right_child=1 -3 3 -5 -6 -7
leaf_value=0.0040467967540183097 0.008536335126276072 -2.722599107584187e-06 -0.0026044497837939161 0.0033292645220223691 -0.018760658033892971 -0.011844828636381184
leaf_weight=537.17449846025556 692.19707258418202 32012.186823561788 982.71209250949323 398.5246986746788 137.31159250065684 405.50463448185474
leaf_count=2327 3172 143012 4542 1786 610 1857
internal_value=-3.22575e-05 0.000185666 -0.00289536 -0.00486591 -0.00702971 -0.00549707
internal_weight=35165.6 32704.4 2461.23 1924.05 1525.53 1388.22
internal_count=157306 146184 11122 8795 7009 6399
is_linear=0
shrinkage=0.05


Tree=168
num_leaves=7
num_cat=0
split_feature=1 3 2 12 3 1
split_gain=7.46138 12.6438 20.119 13.4084 8.79094 11.2868
threshold=37.500000000000007 1954.5000000000002 12.500000000000002 13.087750000000002 1964.5000000000002 27.500000000000004
decision_type=2 2 8 10 2 2
left_child=4 2 3 -2 -1 -6
right_child=1 -3 -4 -5 5 -7
leaf_value=0.00023435125869156767 -0.012987125930215962 0.01036298350890201 -0.00094750736376366686 0.0068782476584235992 -0.01754711838088506 0.0017065132988884468
leaf_weight=31501.385437278077 597.36031527910382 158.4842979721725 2614.1115781180561 79.099104860797524 128.26390273496509 137.33672679588199
leaf_count=134500 3788 1536 15979 505 574 651
internal_value=-8.65727e-05 -0.00228489 -0.00298217 -0.0104708 0.000154037 -0.00842865
internal_weight=35216 3449.06 3290.57 676.459 31767 265.601
internal_count=157533 21808 20272 4293 135725 1225
is_linear=0
shrinkage=0.05


Tree=169
num_leaves=7
num_cat=0
split_feature=0 1 11 11 5 11
split_gain=8.14053 7.04756 8.48005 13.9364 5.79427 7.6732
threshold=15.500000000000002 15.500000000000002 48.161950000000004 37.617100000000008 -118.22279999999999 -81.178099999999986
decision_type=2 2 10 10 8 8
left_child=-1 -2 3 4 -3 -6
right_child=1 2 -4 -5 5 -7
leaf_value=0.011711041153394108 -0.0066799697624979884 -0.011041975861673872 0.0055093360279558426 -0.015183634875826277 0.0064928725954621971 -0.00035647077557112014
leaf_weight=110.32377608120441 405.25175212882459 95.398498864844441 591.93959531001747 128.31037297286093 384.00097067840397 33483.198692319915
leaf_count=461 1752 441 2638 587 1740 149926
internal_value=-0.000308968 -0.000356733 -0.00027714 -0.000382369 -0.0003131 -0.000273132
internal_weight=35198.4 35088.1 34682.8 34090.9 33962.6 33867.2
internal_count=157545 157084 155332 152694 152107 151666
is_linear=0
shrinkage=0.05


Tree=170
num_leaves=7
num_cat=0
split_feature=1 0 3 14 1 3
split_gain=8.49908 7.97394 13.1742 17.83 7.79939 21.9663
threshold=10.500000000000002 22.500000000000004 1770.5000000000002 1.0000000180025095e-35 27.500000000000004 1963.5000000000002
decision_type=2 2 2 2 2 2
left_child=-1 2 3 -2 5 -3
right_child=1 4 -4 -5 -6 -7
leaf_value=0.012965781346222019 -0.0024242549429707339 0.00094974314363345221 -0.0047767419775897099 0.012875255370398717 -0.00078655771776007469 -0.016930976222617515
leaf_weight=94.842397764325142 553.00421330332756 18491.567357465625 2017.3696368336678 254.78287111222744 13648.477419693023 143.42873078212142
leaf_count=398 2307 78740 8376 1053 66015 644
internal_value=-5.71126e-05 -0.000103332 -0.00263609 0.00268959 0.000120553 0.000785128
internal_weight=35203.5 35108.6 2825.16 807.787 32283.5 18635
internal_count=157533 157135 11736 3360 145399 79384
is_linear=0
shrinkage=0.05


Tree=171
num_leaves=7
num_cat=0
split_feature=6 7 5 1 3 6
split_gain=6.40737 12.8814 21.9607 14.8792 12.0031 11.2326
threshold=55.847100000000005 18.068550000000005 9.7393000000000018 23.500000000000004 1904.5000000000002 55.167100000000005
decision_type=10 10 10 2 2 10
left_child=5 2 3 -2 -4 -1
right_child=1 -3 4 -5 -6 -7
leaf_value=-5.7077623522608087e-05 -0.016519031188572394 -0.0031137103525198705 0.020716820860552196 0.0046327676597651621 0.0044071795034851154 -0.0091635852077321164
leaf_weight=33675.794969188049 98.356620892882347 451.915576829575 249.14733720198274 210.46555128414184 223.53903279826045 312.06785041838884
leaf_count=150680 420 2053 1091 982 1004 1389
internal_value=-1.88597e-05 0.00347752 0.00726318 -0.00297001 0.0137271 -0.000148699
internal_weight=35221.3 1233.42 781.509 308.822 472.686 33987.9
internal_count=157619 5550 3497 1402 2095 152069
is_linear=0
shrinkage=0.05


Tree=172
num_leaves=7
num_cat=0
split_feature=4 10 5 3 10 7
split_gain=5.99776 8.01479 19.4747 12.2705 12.1733 10.763
threshold=-18.961799999999997 41.21840000000001 -1.0679999999999998 1837.5000000000002 55.458800000000004 30.312400000000004
decision_type=8 8 8 2 10 10
left_child=-1 3 4 -2 -3 -4
right_child=1 2 5 -5 -6 -7
leaf_value=0.0082684389716364149 -0.014079347466022055 0.0071366313379514663 -7.3930561727541372e-05 -0.0017028825813181171 -0.004822684083561562 -0.010835684150819593
leaf_weight=186.77812022995204 193.27151064574718 1401.1226788312197 30911.600492238998 2081.514017672278 228.28777989558876 204.09470521379262
leaf_count=842 863 6409 138090 9447 1063 906
internal_value=-2.2792e-05 -7.40524e-05 0.000126427 -0.00292399 0.00540418 -0.000154888
internal_weight=35206.7 35019.9 32745.1 2274.79 1629.41 31115.7
internal_count=157620 156778 146468 10310 7472 138996
is_linear=0
shrinkage=0.05


Tree=173
num_leaves=7
num_cat=0
split_feature=7 3 6 10 10 3
split_gain=8.1581 13.4419 19.7784 15.1037 12.3658 20.5843
threshold=1.3829 1945.5000000000002 55.847100000000005 55.643050000000009 41.21840000000001 1823.5000000000002
decision_type=10 2 10 10 10 2
left_child=4 2 -2 -3 -1 -6
right_child=1 3 -4 -5 5 -7
leaf_value=-0.00018320853984038892 -0.0045393919191149849 0.0069919458859759075 0.0035479664505058389 -0.0086787592043009315 -0.0022130720469599923 0.0045630185530319582
leaf_weight=24502.580234497786 3658.6159094655886 703.77733809314668 926.91523311287165 167.25431433692575 1595.1717300340533 3623.2978780427948
leaf_count=108628 16566 3310 4129 786 7369 16625
internal_value=-3.83865e-05 -0.00180994 -0.00289219 0.00379411 0.000288355 0.00249091
internal_weight=35177.6 5456.56 4585.53 871.032 29721 5218.47
internal_count=157413 24791 20695 4096 132622 23994
is_linear=0
shrinkage=0.05


Tree=174
num_leaves=7
num_cat=0
split_feature=3 1 5 0 12 11
split_gain=7.53375 19.4495 12.0055 11.1742 10.9039 10.5974
threshold=1943.5000000000002 24.500000000000004 9.1815500000000014 56.500000000000007 -90.996849999999981 -74.170399999999987
decision_type=2 2 10 2 10 10
left_child=3 2 5 -1 -3 -2
right_child=1 4 -4 -5 -6 -7
leaf_value=-0.00018490572904470345 0.0034669575207654357 -0.00290354907956295 0.0034607871817957155 -0.011300174987542086 0.0090759184254979499 -0.015317201273113935
leaf_weight=33221.370634749532 91.440455392003059 220.84813630767167 271.86169916205108 197.67381049785763 940.63645790703595 234.70410422235727
leaf_count=142861 394 1762 1136 5585 4751 994
internal_value=-9.17071e-05 0.00306917 -0.00412228 -0.000260729 0.00678235 -0.0102023
internal_weight=35178.5 1759.49 598.006 33419 1161.48 326.145
internal_count=157483 9037 2524 148446 6513 1388
is_linear=0
shrinkage=0.05


Tree=175
num_leaves=7
num_cat=0
split_feature=9 5 3 7 5 6
split_gain=7.62299 8.17967 15.3007 24.6201 14.085 12.4349
threshold=-22.972199999999997 21.558050000000005 1930.5000000000002 18.069600000000005 96.892900000000012 58.012850000000007
decision_type=8 10 2 10 10 10
left_child=-1 -2 3 -3 -4 -5
right_child=1 2 4 5 -6 -7
leaf_value=0.0096100124712145442 -6.3794417487263272e-05 3.8122372816012022e-05 -0.0025289529191710324 -0.024315868623049883 0.017225653444626721 -0.0020263305079410579
leaf_weight=169.0979969939217 33915.775242672302 375.88104472961277 286.69529324956238 219.28520147874951 97.789570821449161 91.316011339426041
leaf_count=768 151661 1708 1311 976 431 399
internal_value=-0.00014619 -0.000201536 -0.00444299 -0.00878171 0.00337853 -0.0185185
internal_weight=35155.8 34986.7 1070.97 686.482 384.485 310.601
internal_count=157254 156486 4825 3083 1742 1375
is_linear=0
shrinkage=0.05


Tree=176
num_leaves=7
num_cat=0
split_feature=3 1 14 10 5 5
split_gain=7.99271 37.968 19.4754 16.1016 13.9786 12.8592
threshold=1919.5000000000002 23.500000000000004 1.0000000180025095e-35 48.137650000000008 9.6971000000000007 10.400800000000002
decision_type=2 2 2 10 8 8
left_child=-1 2 -2 4 -4 -3
right_child=1 5 3 -5 -6 -7
leaf_value=-0.00023849767561426828 0.0015707247828733774 0.00014701821623471753 -0.011572917132430832 -0.020937710349487337 0.005672758715447309 0.0059800007598329111
leaf_weight=29752.142558597028 489.23999670892954 1415.0403784718364 269.92257205396891 242.72223730012774 169.62753378972411 2823.0410072077066
leaf_count=131194 2065 6921 1148 1001 717 14297
internal_value=8.34721e-05 0.00184582 -0.00602003 -0.0113001 -0.00498038 0.00404717
internal_weight=35161.7 5409.59 1171.51 682.272 439.55 4238.08
internal_count=157343 26149 4931 2866 1865 21218
is_linear=0
shrinkage=0.05


Tree=177
num_leaves=7
num_cat=0
split_feature=0 0 8 0 0 2
split_gain=5.79162 8.20949 9.28815 5.74045 5.68542 9.19419
threshold=60.500000000000007 65.500000000000014 202.79683983930337 15.500000000000002 21.500000000000004 2.5000000000000004
decision_type=2 2 10 2 2 10
left_child=3 2 -2 -1 5 -5
right_child=1 -3 -4 4 -6 -7
leaf_value=0.010121632879080423 -0.0087475482332796169 -0.020510788233431599 0.020899220612865265 -0.0043943270998998418 0.00012455354372245008 0.0052346738537273393
leaf_weight=110.05142970383167 41.321494540199637 51.196073617786169 12.606151070445774 1442.3474622070789 33230.456097818911 271.72525428235531
leaf_count=460 1699 2686 327 5985 145061 1127
internal_value=-2.07201e-05 -0.0103524 0.00317592 1.90886e-05 -2.13823e-05 -0.00280409
internal_weight=35159.7 105.124 53.9276 35054.6 34944.5 1714.07
internal_count=157345 4712 2026 152633 152173 7112
is_linear=0
shrinkage=0.05


Tree=178
num_leaves=7
num_cat=0
split_feature=0 0 4 4 8 8
split_gain=6.42331 8.92606 6.60205 7.52334 6.51855 7.84286
threshold=15.500000000000002 20.500000000000004 19.025700000000004 30.307650000000006 6655.9052632384737 2900.4307011218389
decision_type=2 2 8 8 10 10
left_child=-1 -2 -3 -4 5 -5
right_child=1 2 3 4 -6 -7
leaf_value=0.010489941900478783 -0.0049072861533294137 0.0065498363750728502 -0.010385939783538189 -0.00012208080188145427 0.0070576380587684994 -0.0076881799823552673
leaf_weight=109.72050435841084 970.55379888415337 337.50449459254742 149.90162337291986 33037.368069084361 282.23496496770531 316.11427015252411
leaf_count=458 4023 1516 658 148127 1338 1479
internal_value=-0.000210026 -0.000252411 -0.000115819 -0.000188158 -0.000133496 -0.000200635
internal_weight=35203.4 35093.7 34123.1 33785.6 33635.7 33353.5
internal_count=157599 157141 153118 151602 150944 149606
is_linear=0
shrinkage=0.05


Tree=179
num_leaves=7
num_cat=0
split_feature=1 4 14 1 3 8
split_gain=9.41018 5.13052 27.6971 23.2047 22.7642 19.6793
threshold=10.500000000000002 40.713200000000008 1.0000000180025095e-35 29.500000000000004 1816.5000000000002 1579.3542042570468
decision_type=2 10 2 2 2 8
left_child=-1 -2 3 4 -3 -4
right_child=1 2 5 -5 -6 -7
leaf_value=0.014079490758092998 -0.00022664145941543668 -0.00080251407819503556 -0.0051016539729184622 -0.0032608006459707364 0.0070553290210954092 0.0026994924335030784
leaf_weight=91.331026941537857 26032.972657864913 1270.1609101761132 2246.8886092565954 1063.7275878908113 3275.5310991015285 1229.9133832650259
leaf_count=386 115596 5715 10149 5966 14009 5773
internal_value=0.000178724 0.000130588 0.00115147 0.00331803 0.00486882 -0.00234252
internal_weight=35210.5 35119.2 9086.22 5609.42 4545.69 3476.8
internal_count=157594 157208 41612 25690 19724 15922
is_linear=0
shrinkage=0.05


Tree=180
num_leaves=7
num_cat=0
split_feature=11 8 0 5 14 6
split_gain=6.04002 8.5334 7.15955 6.56647 6.51894 6.2124
threshold=-81.178099999999986 1492.1786247422351 31.500000000000004 -92.244049999999987 1.0000000180025095e-35 -26.155099999999994
decision_type=8 8 2 8 2 8
left_child=1 2 -1 -2 -3 -5
right_child=3 4 -4 5 -6 -7
leaf_value=0.017349020991726163 -0.011332263384412433 0.0065952775411059527 0.00029974883505577747 0.0091700061153902127 -0.0088787359168915336 -6.7002269426625588e-05
leaf_weight=147.72120615839958 98.722964849323034 100.36682492308319 95.860556241124868 152.99209693446755 113.85219523124397 34503.36637596041
leaf_count=601 474 449 475 709 544 154408
internal_value=1.72828e-05 0.00554242 0.011408 -6.02125e-05 -0.0017092 -1.83293e-05
internal_weight=35212.9 457.801 243.582 34755.1 214.219 34656.4
internal_count=157660 2069 1076 155591 993 155117
is_linear=0
shrinkage=0.05


Tree=181
num_leaves=7
num_cat=0
split_feature=0 11 7 14 8 6
split_gain=6.1613 12.2126 22.768 19.0647 15.5661 15.833
threshold=29.500000000000004 8.4664000000000019 5.8402500000000011 1.0000000180025095e-35 1406.2337030154206 47.620250000000006
decision_type=2 10 10 2 10 8
left_child=1 2 4 -3 5 -1
right_child=-2 3 -4 -5 -6 -7
leaf_value=0.0081118314648593159 -0.00083133001958219071 0.0075541714606923108 -0.019865540690405678 -0.0014527608493739971 -0.01303193466909173 -2.407943782262715e-05
leaf_weight=596.48036375641823 18761.002022831701 1371.4031591266394 113.75677724182606 997.2750144302845 190.93205744028091 13143.698788151145
leaf_count=2451 88508 5730 471 4111 793 55339
internal_value=-0.000212977 0.00049404 -6.89378e-05 0.00379128 0.000135055 0.000346015
internal_weight=35174.5 16413.5 14044.9 2368.68 13931.1 13740.2
internal_count=157403 68895 59054 9841 58583 57790
is_linear=0
shrinkage=0.05


Tree=182
num_leaves=7
num_cat=0
split_feature=6 2 3 4 1 10
split_gain=6.57349 20.465 15.8962 14.8078 10.261 10.002
threshold=43.609750000000012 3.5000000000000004 1957.5000000000002 51.490600000000008 35.500000000000007 48.087350000000008
decision_type=8 10 2 10 2 8
left_child=1 2 -1 4 -3 -2
right_child=5 3 -4 -5 -6 -7
leaf_value=0.006005105558244718 0.0034567406069010141 -0.0096665838971233767 -0.012525283906251483 0.0083519327343310745 0.0056490501219157892 -5.4466382538504532e-05
leaf_weight=744.05456154607236 2140.8306750999764 1087.0965255964547 107.37216101773083 126.67193125002086 101.75382457952946 30858.429650830105
leaf_count=3142 9667 4776 494 623 791 137899
internal_value=1.01194e-07 -0.00264824 0.00332149 -0.00649986 -0.00824894 0.000176256
internal_weight=35166.2 2166.95 851.427 1315.52 1188.85 32999.3
internal_count=157392 9826 3636 6190 5567 147566
is_linear=0
shrinkage=0.05


Tree=183
num_leaves=7
num_cat=0
split_feature=2 11 14 0 8 8
split_gain=5.10292 12.1012 7.64419 6.4302 10.5849 6.149
threshold=26.500000000000004 0.99180000000000013 1.0000000180025095e-35 59.500000000000007 198.68741530622796 481.15719911614923
decision_type=10 10 2 2 10 10
left_child=3 2 -2 5 -5 -1
right_child=1 -3 -4 4 -6 -7
leaf_value=0.00034688038968697554 -0.0047981261805578115 -0.018565266194777826 0.015201081477379081 -0.018475466622585226 0.010754071714708118 -0.0022334208742156264
leaf_weight=32346.087270069867 115.34385599195957 91.342875441536307 41.81800745986402 76.135264279320836 21.057554883882403 2456.3314753249288
leaf_count=139700 1200 1139 429 3573 605 10690
internal_value=6.84333e-05 -0.00667288 0.00210691 0.000122125 -0.0110999 0.000162998
internal_weight=35148.1 248.505 157.162 34899.6 97.1928 34802.4
internal_count=157336 2768 1629 154568 4178 150390
is_linear=0
shrinkage=0.05


Tree=184
num_leaves=7
num_cat=0
split_feature=9 9 2 11 11 3
split_gain=5.12255 13.9856 12.2637 10.101 18.7238 12.7675
threshold=35.20835000000001 41.357900000000008 6.5000000000000009 -1.6131499999999999 -2.1982499999999994 1940.5000000000002
decision_type=8 8 10 8 10 2
left_child=2 -2 -1 4 -3 -5
right_child=1 3 -4 5 -6 -7
leaf_value=0.010002541600630894 -0.0057606517152412641 0.0017865242086493021 -0.0042854482101653728 -0.0001825163019730236 0.016105628557088154 0.0047773959037173347
leaf_weight=365.21938825398684 966.25448002759367 1799.6597697082907 220.31350001506507 30334.059828064404 233.34292657207698 1325.3895091079175
leaf_count=1576 4383 8266 1035 134433 1063 6989
internal_value=0.000158324 7.79578e-05 0.00467967 0.000250377 0.00364034 2.94513e-05
internal_weight=35244.2 34658.7 585.533 33692.5 2033 31659.4
internal_count=157745 155134 2611 150751 9329 141422
is_linear=0
shrinkage=0.05


Tree=185
num_leaves=7
num_cat=0
split_feature=7 3 10 3 0 10
split_gain=6.18141 16.5674 21.9001 19.7182 28.5387 18.714
threshold=1.3829 1940.5000000000002 55.861500000000007 1905.5000000000002 36.500000000000007 55.676650000000002
decision_type=10 2 10 2 2 10
left_child=-1 2 3 4 -2 -3
right_child=1 5 -4 -5 -6 -7
leaf_value=0.00026936299570707797 0.0011193706585079666 0.0068852620092857203 0.0047718631461824241 -0.0094841031082730076 -0.011902464787690435 -0.0098316520271849919
leaf_weight=29687.223504028283 1872.2525751441717 896.230050008744 742.73304823879153 1263.6218298170716 511.17334358207881 176.77241413481534
leaf_count=132534 7806 4193 3321 5566 3145 821
internal_value=-1.54717e-05 -0.00155641 -0.00291721 -0.00450927 -0.00178666 0.00393872
internal_weight=35150 5462.78 4389.78 3647.05 2383.43 1073
internal_count=157386 24852 19838 16517 10951 5014
is_linear=0
shrinkage=0.05


Tree=186
num_leaves=7
num_cat=0
split_feature=4 7 5 5 10 3
split_gain=5.99524 12.8059 12.4082 11.8818 9.96241 11.32
threshold=56.668500000000002 18.068550000000005 10.960050000000001 14.842500000000003 55.574000000000005 1882.5000000000002
decision_type=10 8 10 10 10 2
left_child=4 2 -2 -3 -1 -6
right_child=1 3 -4 -5 5 -7
leaf_value=0.00011007247833945168 -0.0028773511575377938 0.0085302448290578651 0.013471184313642552 -0.0048722174507633484 -2.9052553244915858e-05 -0.012266729524244777
leaf_weight=33208.916356465779 147.53198557533324 205.99878770578653 390.63098625745624 524.02261417917907 409.66155039146543 320.99922198336571
leaf_count=148460 653 953 1735 2473 1895 1451
internal_value=0.000108114 0.0034428 0.00907411 -0.000902858 -1.94202e-05 -0.00567715
internal_weight=35207.8 1268.18 538.163 730.021 33939.6 730.661
internal_count=157620 5814 2388 3426 151806 3346
is_linear=0
shrinkage=0.05


Tree=187
num_leaves=7
num_cat=0
split_feature=5 3 7 3 6 11
split_gain=6.57027 13.5377 11.6048 13.2918 13.0103 10.205
threshold=-73.949449999999999 1684.5000000000002 -1.2588999999999999 1842.5000000000002 29.984450000000002 4.8850000000000007
decision_type=10 2 10 2 8 10
left_child=-1 -2 3 -3 -5 -4
right_child=1 2 5 4 -6 -7
leaf_value=-0.00051409001744500804 -0.0082452153735038027 -0.00052750817190974435 -0.0049240637165164731 -0.011148173194021923 0.0059916369249193441 0.00084605134733953659
leaf_weight=25715.86295532994 349.0099051464349 1472.8793127359822 916.79708208143711 88.554079450666904 2681.3733273688704 3990.5310501204804
leaf_count=114153 1839 6674 4321 409 12422 17773
internal_value=-9.9024e-05 0.00102271 0.00140201 0.00330722 0.0053301 -0.000255303
internal_weight=35215 9499.14 9150.13 4242.81 2769.93 4907.33
internal_count=157591 43438 41599 19505 12831 22094
is_linear=0
shrinkage=0.05


Tree=188
num_leaves=7
num_cat=0
split_feature=4 10 12 3 4 6
split_gain=6.69513 7.31111 16.4198 12.4102 22.499 15.3887
threshold=-18.961799999999997 40.713200000000008 -6.2601499999999985 1919.5000000000002 48.80530000000001 55.953500000000005
decision_type=8 8 8 2 10 10
left_child=-1 -2 -3 5 -5 -4
right_child=1 2 3 4 -6 -7
leaf_value=0.0086549046327153538 -0.0030691923589124953 0.0064641191575919776 -0.00078277094566160893 0.0053222032678578012 -0.0024519890438564158 0.0063207338389063665
leaf_weight=184.42988485377282 2067.8472387017682 916.90727354120463 27310.678738451563 2446.3489494519308 1468.3748784996569 754.51243303809315
leaf_count=837 9361 4205 120356 12370 6847 3359
internal_value=-0.000153474 -0.000207315 -2.47895e-05 -0.000216719 0.00240971 -0.000585253
internal_weight=35149.1 34964.7 32896.8 31979.9 3914.72 28065.2
internal_count=157335 156498 147137 142932 19217 123715
is_linear=0
shrinkage=0.05


Tree=189
num_leaves=7
num_cat=0
split_feature=1 1 8 6 11 7
split_gain=5.33087 5.28168 5.03673 10.3598 11.6712 20.9529
threshold=56.500000000000007 60.500000000000007 481.15719911614923 59.329550000000005 10.951400000000001 18.069600000000005
decision_type=2 2 10 10 10 10
left_child=2 -2 3 -1 -5 -6
right_child=1 -3 -4 4 5 -7
leaf_value=0.00012564932413318511 0.00064004526070953719 -0.019015143122979371 -0.0020792591966531018 -0.0060658863989771659 0.022928618524170899 -0.0010406938261536254
leaf_weight=32080.657643094659 60.780390129424632 42.932398714125156 2509.5137653853744 99.098173327744007 167.35587921738625 164.82906680554152
leaf_count=140336 1172 2526 11380 435 734 722
internal_value=2.7447e-05 -0.00993709 6.54358e-05 0.000232744 0.00767261 0.0119341
internal_weight=35125.2 103.713 35021.5 32511.9 431.283 332.185
internal_count=157305 3698 153607 142227 1891 1456
is_linear=0
shrinkage=0.05


Tree=190
num_leaves=7
num_cat=0
split_feature=5 11 2 5 3 0
split_gain=5.33536 5.18928 13.9275 8.88324 9.34629 14.4065
threshold=-118.22279999999999 -81.178099999999986 6.5000000000000009 -77.951099999999983 1912.5000000000002 35.500000000000007
decision_type=8 8 8 8 2 2
left_child=-1 2 -2 4 -3 -6
right_child=1 3 -4 -5 5 -7
leaf_value=-0.010304600444852994 0.01279729005636954 0.0042794507742506607 -0.0052751703139670286 -5.7150122524393754e-05 -0.023041362656650927 0.0019341995620292124
leaf_weight=97.766566790640354 226.68450997956097 88.343031007796526 159.98294897563756 34401.692187259905 119.75394597649574 86.928249269723892
leaf_count=456 969 378 787 153946 501 473
internal_value=-0.000105637 -6.84363e-05 0.00547841 -0.000134931 -0.00836221 -0.0136232
internal_weight=35181.2 35083.4 386.667 34696.7 295.025 206.682
internal_count=157510 157054 1756 155298 1352 974
is_linear=0
shrinkage=0.05


Tree=191
num_leaves=7
num_cat=0
split_feature=7 11 3 3 0 3
split_gain=6.66765 14.4525 13.2583 27.3927 22.2067 14.8083
threshold=1.3829 4.3631000000000002 1945.5000000000002 1908.5000000000002 36.500000000000007 1746.5000000000002
decision_type=10 10 2 2 2 2
left_child=-1 -2 3 4 5 -3
right_child=1 2 -4 -5 -6 -7
leaf_value=0.00028309832761151519 -0.0089532035523541536 -0.0056341675052008237 0.0050285400417303151 -0.0072982952839179584 -0.0074599881671926788 0.005471829464681284
leaf_weight=29627.365451198071 568.16756284236908 336.93507733941078 806.82477420382202 1456.366351634264 551.44201369024813 1717.0178761482239
leaf_count=132269 2731 1584 3782 6427 3203 7006
internal_value=-1.26813e-05 -0.00161723 -0.000711527 -0.00188024 0.00119696 0.0035951
internal_weight=35064.1 5436.75 4868.59 4061.76 2605.39 2053.95
internal_count=157002 24733 22002 18220 11793 8590
is_linear=0
shrinkage=0.05


Tree=192
num_leaves=7
num_cat=0
split_feature=1 0 1 0 3 14
split_gain=5.42774 6.8242 5.20649 12.0446 5.34541 5.75945
threshold=53.500000000000007 62.500000000000007 10.500000000000002 19.500000000000004 1834.5000000000002 1.0000000180025095e-35
decision_type=2 2 2 2 2 2
left_child=2 -2 -1 4 5 -4
right_child=1 -3 3 -5 -6 -7
leaf_value=0.010222649002268557 -0.0017078060399260146 -0.020734940544062722 -0.0073198073352411927 5.0512661533426237e-05 -0.013234259627986984 0.0045587562991554519
leaf_weight=93.210515841841698 161.2292034290731 40.466264409944415 253.96426475048065 34253.295090829022 194.65846492350101 134.22909867763519
leaf_count=394 2438 2448 1057 149681 807 553
internal_value=-8.81512e-05 -0.00771571 -3.75234e-05 -7.37486e-05 -0.00702139 -0.00318007
internal_weight=35131.1 201.695 34929.4 34836.1 582.852 388.193
internal_count=157378 4886 152492 152098 2417 1610
is_linear=0
shrinkage=0.05


Tree=193
num_leaves=7
num_cat=0
split_feature=3 5 10 5 10 10
split_gain=8.8016 20.4632 17.6062 15.7468 17.2163 17.9925
threshold=1919.5000000000002 10.400800000000002 55.643050000000009 0.12345000000000002 43.558050000000009 34.053300000000007
decision_type=2 8 10 8 8 10
left_child=3 -2 -3 -1 5 -5
right_child=1 2 -4 4 -6 -7
leaf_value=0.0032828092667088744 -0.0021058565182666918 0.005468050103156606 -0.0058572695864843767 0.00098573876528057817 -0.00047297597389323634 -0.01456561860137906
leaf_weight=2721.240304836072 2015.8569608265534 3033.0656415745616 361.70863165333867 312.94319830462337 26348.229950061068 415.87303918693215
leaf_count=12251 9465 15057 1677 1374 115957 1889
internal_value=1.54811e-05 0.00186493 0.00422061 -0.00032187 -0.000687372 -0.00811312
internal_weight=35208.9 5410.63 3394.77 29798.3 27077 728.816
internal_count=157670 26199 16734 131471 119220 3263
is_linear=0
shrinkage=0.05


Tree=194
num_leaves=7
num_cat=0
split_feature=6 8 0 3 14 1
split_gain=5.66004 6.22207 10.7377 10.1588 10.3239 16.8743
threshold=60.713200000000008 481.15719911614923 54.500000000000007 1797.5000000000002 1.0000000180025095e-35 29.500000000000004
decision_type=10 10 2 2 2 2
left_child=1 2 -1 -3 -5 -6
right_child=-2 3 -4 4 5 -7
leaf_value=0.00020585446655063843 0.0088748604566898804 -0.01431750400238367 -0.0082883282741473534 0.0020417304650322834 -0.008291331757672776 0.003852256125630268
leaf_weight=32178.787106603384 147.46992541849613 139.44051866233349 346.40940580237657 1052.7245440026745 889.882772680372 393.96372194774449
leaf_count=137670 654 704 7725 4680 3854 2134
internal_value=-3.19407e-05 -7.70357e-05 0.000107833 -0.00247771 -0.0015986 -0.00456205
internal_weight=35148.7 35001.2 32525.2 2476.01 2336.57 1283.85
internal_count=157421 156767 145395 11372 10668 5988
is_linear=0
shrinkage=0.05


Tree=195
num_leaves=7
num_cat=0
split_feature=11 11 3 4 11 3
split_gain=3.99033 11.9545 10.5958 16.481 14.0908 10.3436
threshold=-72.87309999999998 -6.2661999999999987 1899.5000000000002 38.896400000000007 -81.178099999999986 1920.5000000000002
decision_type=8 8 2 10 10 2
left_child=2 5 3 -1 -4 -2
right_child=1 -3 4 -5 -6 -7
leaf_value=-0.0062221277421313712 0.011076948015259103 -0.00012229140340255085 0.001853030606415081 0.014278660993892738 -0.010958934436902839 -0.0034374989385655714
leaf_weight=169.12308959197253 402.44811705499887 33379.131544002332 347.03313483484089 167.95910329278558 501.849375766702 154.90944167226553
leaf_count=728 1824 149390 1604 727 2339 727
internal_value=-9.88067e-05 2.02934e-06 -0.0029131 0.00432498 -0.00583679 0.00707334
internal_weight=35122.5 33936.5 1185.96 337.082 848.883 557.358
internal_count=157339 151941 5398 1455 3943 2551
is_linear=0
shrinkage=0.05


Tree=196
num_leaves=7
num_cat=0
split_feature=0 2 3 1 1 8
split_gain=5.75599 9.98947 11.4809 18.4871 9.98869 10.3119
threshold=29.500000000000004 9.5000000000000018 1843.5000000000002 28.500000000000004 17.500000000000004 66.55032767499317
decision_type=2 8 2 2 2 8
left_child=-1 2 3 -2 -3 -6
right_child=1 4 -4 -5 5 -7
leaf_value=0.00075941354564616412 -0.00057662631420295012 -0.007429128917518602 -0.00095374699018877277 -0.011776975929596728 -0.0072715981169398621 0.00081420139608917119
leaf_weight=16387.404433920979 765.37121516466141 375.72832011058927 4755.4861668292433 686.24505013320595 378.04994175117463 11796.433917165734
leaf_count=68822 3162 1733 20763 3255 2000 57676
internal_value=7.55469e-05 -0.000522175 -0.00215773 -0.00600279 0.000289957 0.000545859
internal_weight=35144.7 18757.3 6207.1 1451.62 12550.2 12174.5
internal_count=157411 88589 27180 6417 61409 59676
is_linear=0
shrinkage=0.05


Tree=197
num_leaves=7
num_cat=0
split_feature=1 2 9 3 3 14
split_gain=4.41469 8.65947 7.72004 7.37417 4.66506 19.6248
threshold=45.500000000000007 13.500000000000002 51.487600000000008 1933.5000000000002 1887.5000000000002 1.0000000180025095e-35
decision_type=2 8 8 2 2 2
left_child=4 3 -3 -2 5 -1
right_child=1 2 -4 -5 -6 -7
leaf_value=-0.0012215222076880983 -0.020085493531447524 0.014891549856225973 -0.002216213241044825 -0.0007825488753826289 0.00083580476977020081 0.0023898256554413084
leaf_weight=15672.055559340864 93.867886862717569 41.867573803290725 780.73310549091548 86.594335275702178 13585.504244912416 4917.6267015468329
leaf_count=67015 1214 586 7433 984 59115 21224
internal_value=2.03854e-05 -0.00319993 -0.000852143 -0.0122549 0.000117627 -0.000356768
internal_weight=35178.2 1003.06 822.601 180.462 34175.2 20589.7
internal_count=157571 10217 8019 2198 147354 88239
is_linear=0
shrinkage=0.05


Tree=198
num_leaves=7
num_cat=0
split_feature=3 6 3 7 1 2
split_gain=7.11668 12.8514 21.1197 11.2282 21.3168 16.9075
threshold=1880.5000000000002 55.953500000000005 1826.5000000000002 -88.884499999999989 33.500000000000007 17.500000000000004
decision_type=2 10 2 10 2 10
left_child=1 -1 -3 4 5 -2
right_child=3 2 -4 -5 -6 -7
leaf_value=-0.0007388810692245492 0.002681561124284442 -0.0032411343814825349 0.017364436597500681 -0.0010173812482230581 -0.0019380717205108354 0.015046641591257952
leaf_weight=18959.271136199124 7613.0053973942995 225.66361511684954 226.82222176156938 5158.6722939442843 2769.8816015282646 258.91056051105261
leaf_count=82913 32984 1098 975 23502 14889 1420
internal_value=0.000106044 -0.000534925 0.00752547 0.00089303 0.00181937 0.00314383
internal_weight=35212.2 19411.8 452.486 15800.5 10641.8 7871.92
internal_count=157781 84986 2073 72795 49293 34404
is_linear=0
shrinkage=0.05


Tree=199
num_leaves=7
num_cat=0
split_feature=3 5 9 1 3 9
split_gain=5.9003 21.2301 18.0685 17.5118 10.7885 8.5437
threshold=1938.5000000000002 10.734950000000003 59.326600000000006 23.500000000000004 1951.5000000000002 46.225900000000003
decision_type=2 10 10 2 2 10
left_child=-1 3 5 4 -2 -3
right_child=1 2 -4 -5 -6 -7
leaf_value=-0.00036960346504635102 -0.0026539207858904297 0.0028796705334930982 -0.0056652612430877717 0.0018384926700968569 -0.019945814013154296 0.015609526286546525
leaf_weight=32992.309511582367 211.48638182133436 201.6541110612452 162.75383768603206 1025.3431749101728 142.82285203039646 462.06479144468904
leaf_count=146487 890 905 750 5903 610 2156
internal_value=-0.000201454 0.00228442 0.00847194 -0.00152359 -0.0106372 0.0120337
internal_weight=35198.4 2206.13 826.473 1379.65 354.309 663.719
internal_count=157701 11214 3811 7403 1500 3061
is_linear=0
shrinkage=0.05


end of trees

feature_importances:
Column_3=283
Column_0=267
Column_1=128
Column_12=75
Column_11=65
Column_8=64
Column_5=54
Column_6=49
Column_10=48
Column_2=47
Column_14=35
Column_7=30
Column_9=29
Column_4=22
Column_15=4

parameters:
[boosting: gbdt]
[objective: binary]
[metric: binary_logloss]
[tree_learner: serial]
[device_type: cpu]
[data_sample_strategy: bagging]
[data: ]
[valid: ]
[num_iterations: 200]
[learning_rate: 0.05]
[num_leaves: 7]
[num_threads: 8]
[seed: 0]
[deterministic: 0]
[force_col_wise: 0]
[force_row_wise: 0]
[histogram_pool_size: -1]
[max_depth: -1]
[min_data_in_leaf: 400]
[min_sum_hessian_in_leaf: 0.001]
[bagging_fraction: 0.8]
[pos_bagging_fraction: 1]
[neg_bagging_fraction: 1]
[bagging_freq: 1]
[bagging_seed: 7719]
[bagging_by_query: 0]
[feature_fraction: 0.8]
[feature_fraction_bynode: 1]
[feature_fraction_seed: 2437]
[extra_trees: 0]
[extra_seed: 11797]
[early_stopping_round: 0]
[early_stopping_min_delta: 0]
[first_metric_only: 0]
[max_delta_step: 0]
[lambda_l1: 0]
[lambda_l2: 30]
[linear_lambda: 0]
[min_gain_to_split: 0]
[drop_rate: 0.1]
[max_drop: 50]
[skip_drop: 0.5]
[xgboost_dart_mode: 0]
[uniform_drop: 0]
[drop_seed: 21238]
[top_rate: 0.2]
[other_rate: 0.1]
[min_data_per_group: 100]
[max_cat_threshold: 32]
[cat_l2: 10]
[cat_smooth: 10]
[max_cat_to_onehot: 4]
[top_k: 20]
[monotone_constraints: ]
[monotone_constraints_method: basic]
[monotone_penalty: 0]
[feature_contri: ]
[forcedsplits_filename: ]
[refit_decay_rate: 0.9]
[cegb_tradeoff: 1]
[cegb_penalty_split: 0]
[cegb_penalty_feature_lazy: ]
[cegb_penalty_feature_coupled: ]
[path_smooth: 0]
[interaction_constraints: ]
[verbosity: -1]
[saved_feature_importance_type: 0]
[use_quantized_grad: 0]
[num_grad_quant_bins: 4]
[quant_train_renew_leaf: 0]
[stochastic_rounding: 1]
[linear_tree: 0]
[max_bin: 255]
[max_bin_by_feature: ]
[min_data_in_bin: 3]
[bin_construct_sample_cnt: 200000]
[data_random_seed: 38]
[is_enable_sparse: 1]
[enable_bundle: 1]
[use_missing: 1]
[zero_as_missing: 0]
[feature_pre_filter: 1]
[pre_partition: 0]
[two_round: 0]
[header: 0]
[label_column: ]
[weight_column: ]
[group_column: ]
[ignore_column: ]
[categorical_feature: ]
[forcedbins_filename: ]
[precise_float_parser: 0]
[parser_config_file: ]
[objective_seed: 8855]
[num_class: 1]
[is_unbalance: 0]
[scale_pos_weight: 1]
[sigmoid: 1]
[boost_from_average: 1]
[reg_sqrt: 0]
[alpha: 0.9]
[fair_c: 1]
[poisson_max_delta_step: 0.7]
[tweedie_variance_power: 1.5]
[lambdarank_truncation_level: 30]
[lambdarank_norm: 1]
[label_gain: ]
[lambdarank_position_bias_regularization: 0]
[eval_at: ]
[multi_error_top_k: 1]
[auc_mu_weights: ]
[num_machines: 1]
[local_listen_port: 12400]
[time_out: 120]
[machine_list_filename: ]
[machines: ]
[gpu_platform_id: -1]
[gpu_device_id: -1]
[gpu_device_id_list: ]
[gpu_use_dp: 0]
[num_gpu: 1]

end of parameters

pandas_categorical:null
