tree
version=v4
num_class=1
num_tree_per_iteration=1
label_index=0
max_feature_idx=15
objective=binary sigmoid:1
feature_names=Column_0 Column_1 Column_2 Column_3 Column_4 Column_5 Column_6 Column_7 Column_8 Column_9 Column_10 Column_11 Column_12 Column_13 Column_14 Column_15
feature_infos=[0:102] [0:91] [0:58] [1605:1996] [-53.162500000000001:70.674700000000001] [-175.20179999999999:178.01779999999999] [-51.729999999999997:72] [-174.81030000000001:177.91800000000001] [0:19153.505578887696] [-51.729999999999997:72] [-53.162500000000001:70.674700000000001] [-174.81030000000001:178.01779999999999] [-175.20179999999999:177.423] [0:1] [0:1] [0:2]
tree_sizes=1759 1768 1778 1773 1770 1772 1781 1774 1767 1773 1774 1791 1775 1780 1768 1773 1778 1783 1774 1776 1782 1778 1795 1784 1781 1779 1761 1783 1786 1787 1780 1784 1783 1789 1778 1759 1767 1787 1785 1775 1768 1782 1780 1786 1778 1784 1780 1783 1773 1765 1766 1786 1782 1792 1785 1778 1765 1759 1779 1784 1794 1772 1787 1779 1782 1779 1793 1789 1768 1770 1769 1791 1782 1789 1790 1768 1783 1768 1781 1772 1773 1790 1781 1781 1784 1773 1770 1784 1790 1784 1778 1791 1789 1753 1781 1787 1783 1773 1767 1782 1777 1771 1775 1769 1793 1764 1767 1789 1789 1782 1768 1761 1785 1774 1774 1769 1776 1770 1762 1785 1787 1765 1776 1761 1747 1775 1766 1773 1788 1768 1760 1785 1769 1768 1778 1766 1767 1763 1764 1768 1781 1773 1774 1777 1772 1786 1777 1769 1765 1772 1763 1754 1772 1786 1779 1775 1759 1746 1777 1774 1769 1777 1770 1764 1769 1752 1764 1772 1783 1769 1764 1771 1757 1765 1767 1796 1750 1757 1778 1757 1769 1767 1771 1773 1759 1770 1750 1765 1748 1760 1770 1799 1783 1785 1775 1779 1762 1754 1757 1762 1760 1762 1769 1785 1780 1750 1759 1777 1753 1780 1767 1783 1753 1776 1757 1763 1777 1770 1778 1754 1763 1770 1759 1762 1750 1766 1781 1758 1775 1795 1768 1763 1786 1786 1782 1780 1756 1774 1756 1764 1757 1769 1774 1762 1764 1773 1800 1778 1776 1773 1766 1770 1780 1753 1773 1780 1762 1778 1773 1785 1760 1753 1753 1757 1761 1758 1758 1759 1769 1776 1770 1772 1759 1771 1748 1771 1761 1772 1773 1772 1783 1792 1779 1754 1752 1759 1771 1757 1749 1772 1765 1772 1762 1763 1783 1762 1743 1763 1764 1765

Tree=0
num_leaves=15
num_cat=0
split_feature=0 3 0 0 8 3 0 0 3 7 6 0 0 0
split_gain=9951.56 1817.04 1488.93 767.508 441.42 454.848 249.756 170.202 116.21 96.3608 83.944 80.9745 74.7712 74.4938
threshold=44.500000000000007 1768.5000000000002 35.500000000000007 53.500000000000007 177.98666167615457 1870.5000000000002 32.500000000000007 39.500000000000007 1722.5000000000002 2.2679000000000005 48.856900000000003 33.500000000000007 47.500000000000007 31.500000000000004
decision_type=2 2 2 2 10 2 2 2 2 10 8 2 2 2
left_child=1 6 4 12 5 11 8 10 -1 13 -4 -3 -2 -7
right_child=3 2 7 -5 -6 9 -8 -9 -10 -11 -12 -13 -14 -15
leaf_value=-0.10124968711506016 -0.11582685038701517 -0.064383656914151349 -0.10000030369372689 -0.16504583622506416 -0.079540958302479592 -0.046717631339903705 -0.11974595231180817 -0.096882996329261548 -0.082080388310768346 -0.064707402484175072 -0.077372395971838967 -0.080513361018570456 -0.13349844601360927 -0.057386836445962666
leaf_weight=1829.532342851162 1252.7179848253727 8860.1281182169914 452.51598057150841 2388.6254462599754 2651.1995287537575 7426.2040650546551 1201.5509820580482 2781.2385943233967 1387.0001676976681 1194.5623182654381 3071.2681417167187 852.86657783389091 1701.9892286360264 2367.1602646112442
leaf_count=7330 5019 35498 1813 9570 10622 29753 4814 11143 5557 4786 12305 3417 6819 9484
internal_value=-0.0805574 -0.0705984 -0.0661409 -0.143868 -0.0603232 -0.0578653 -0.10045 -0.0876838 -0.0930444 -0.0508934 -0.0803717 -0.065797 -0.126294 -0.0492441
internal_weight=39418.6 34075.2 29657.1 5343.33 23352.1 20700.9 4418.08 6305.02 3216.53 10987.9 3523.78 9712.99 2954.71 9793.36
internal_count=157930 136522 118821 21408 93560 82938 17701 25261 12887 44023 14118 38915 11838 39237
is_linear=0
shrinkage=1


Tree=1
num_leaves=15
num_cat=0
split_feature=0 3 0 0 8 3 0 0 8 14 3 0 3 3
split_gain=9036.88 1621.79 1336.3 705.362 407.261 427.542 207.853 149.338 137.319 119.59 101.799 89.7352 71.4859 64.7042
threshold=44.500000000000007 1768.5000000000002 35.500000000000007 51.500000000000007 252.12851242485968 1878.5000000000002 34.500000000000007 39.500000000000007 250.30681330130287 1.0000000180025095e-35 1716.5000000000002 29.500000000000004 1882.5000000000002 1962.5000000000002
decision_type=2 2 2 2 10 2 2 2 8 2 2 2 2 2
left_child=1 6 4 12 5 11 10 -4 13 -6 -1 -3 -2 -7
right_child=3 2 7 -5 9 8 -8 -9 -10 -11 -12 -13 -14 -15
leaf_value=-0.021478553011129251 -0.049863382412064838 0.017735021274148752 5.8676280413341885e-05 -0.077394565936197313 0.010500461374339531 0.017128018349605815 -0.040355350388769813 -0.015411280862165443 0.031337924794110288 -0.012299622925014034 -0.0043355017307578477 0.0081760142820231606 -0.031494996399872709 -0.025027096882895745
leaf_weight=1808.4667435139418 1148.0319888293743 7369.9658965468407 3513.7961048185825 2866.0886102616787 1118.2304000854492 1407.0649544149637 888.06269474327564 2785.4585132598877 8416.9692367911339 1142.6916900873184 1669.0037237256765 3760.9730681031942 1326.3025679886341 79.920534729957581
leaf_count=7253 4610 29509 14078 11538 4480 5634 3565 11168 33689 4578 6689 15061 5326 320
internal_value=-0.00010975 0.00940819 0.0136058 -0.0604451 0.0191271 0.0212926 -0.0189807 -0.00680909 0.0288533 -0.00102973 -0.0133226 0.0145256 -0.040349 0.0145602
internal_weight=39301 33960.6 29595.1 5340.42 23295.8 21034.9 4365.53 6299.25 9903.95 2260.92 3477.47 11130.9 2474.33 1486.99
internal_count=157498 136024 118517 21474 93271 84213 17507 25246 39643 9058 13942 44570 9936 5954
is_linear=0
shrinkage=0.05


Tree=2
num_leaves=15
num_cat=0
split_feature=1 2 3 1 8 3 1 2 2 2 1 14 2 1
split_gain=5061.07 2557.08 1332.81 680.332 557.561 377.771 352.506 268.437 237.825 160.762 159.026 138.935 121.928 114.615
threshold=42.500000000000007 16.500000000000004 1768.5000000000002 33.500000000000007 90.764226540305316 1879.5000000000002 49.500000000000007 24.500000000000004 4.5000000000000009 8.5000000000000018 28.500000000000004 1.0000000180025095e-35 4.5000000000000009 31.500000000000004
decision_type=2 10 2 2 10 2 2 10 10 10 2 2 10 2
left_child=1 2 13 4 5 -4 12 10 -5 -7 -3 -6 -2 -1
right_child=6 7 3 8 11 9 -8 -9 -10 -11 -12 -13 -14 -15
leaf_value=-0.013618848826300087 -0.032326962187614348 -0.020823484426203697 0.013308527486884514 0.00027600537070518086 0.0083474627477223961 0.0294762447438085 -0.074081661301771615 -0.063119399513359917 -0.030150212937812865 0.010976482744904491 -0.055333076763319472 -0.010635153581337811 -0.066118174424129803 -0.037674142782996203
leaf_weight=3572.1274656951427 1250.4559905827045 1458.1502175778151 11380.170143514872 3409.0466455668211 1887.7627203762531 8228.0176060944796 1752.5598822385073 882.68480190634727 771.22854793071747 1406.5906766355038 435.25119352340698 1928.6852460950613 365.21453028917313 567.89907394349575
leaf_count=14335 5030 5856 45554 13660 7561 32918 7105 3572 3104 5634 1761 7730 1480 2285
internal_value=2.33865e-05 0.00552953 0.00939724 0.0131853 0.0163251 0.0195153 -0.0583944 -0.0403949 -0.00545423 0.0268037 -0.0292519 -0.00125105 -0.0406804 -0.0170838
internal_weight=39295.8 35927.6 33151.5 29011.5 24831.2 21014.8 3368.23 2776.09 4180.28 9634.61 1893.4 3816.45 1615.67 4140.03
internal_count=157585 143970 132781 116161 99397 84106 13615 11189 16764 38552 7617 15291 6510 16620
is_linear=0
shrinkage=0.05


Tree=3
num_leaves=15
num_cat=0
split_feature=0 3 0 0 8 3 0 0 14 3 3 0 7 3
split_gain=7355.85 1282.34 979.209 828.152 289.385 292.034 185.269 133.781 128.884 113.662 101.795 79.6279 73.8262 80.7772
threshold=42.500000000000007 1776.5000000000002 51.500000000000007 33.500000000000007 101.11467674896382 1879.5000000000002 32.500000000000007 37.500000000000007 1.0000000180025095e-35 1722.5000000000002 1790.5000000000002 46.500000000000007 -72.751699999999985 1872.5000000000002
decision_type=2 2 2 2 10 2 2 2 2 2 2 2 8 2
left_child=1 6 10 4 5 -3 9 12 -6 -1 -2 -12 -5 -14
right_child=2 3 -4 7 8 -7 -8 -9 -10 -11 11 -13 13 -15
leaf_value=-0.017458297500976796 -0.052125078841783523 0.015069146546440957 -0.071422964794233698 -0.02516596041348812 0.013811598637712773 0.027952547699624655 -0.03178070879115346 -0.008028749723291085 -0.007904079176509508 0.00056230927892694967 -0.019613245663420844 -0.036552262863084953 -0.0020294248898082095 0.012279699157400223
leaf_weight=1822.3908589333296 515.96649773418903 9745.29990452528 2808.4933078438044 171.38406531512737 1399.3533891290426 8160.5742550492287 1178.5671764761209 3367.5962000191212 1299.300627976656 1664.1875537782907 1608.3383596092463 1358.0434542745352 1619.4513068050146 2482.8356131464243
leaf_count=7323 2086 38993 11497 687 5602 32644 4749 13505 5209 6671 6473 5492 6486 9940
internal_value=-3.01582e-05 0.00944648 -0.0494806 0.0134576 0.018667 0.0209654 -0.0147934 -0.000601415 0.00337508 -0.00890269 -0.0314774 -0.027561 0.00526136 0.00664848
internal_weight=39201.8 32910.9 6290.84 28245.8 20604.5 17905.9 4665.15 7641.27 2698.65 3486.58 3482.35 2966.38 4273.67 4102.29
internal_count=157357 131809 25548 113066 82448 71637 18743 30618 10811 13994 14051 11965 17113 16426
is_linear=0
shrinkage=0.05


Tree=4
num_leaves=15
num_cat=0
split_feature=0 3 0 0 8 3 0 0 8 14 3 9 3 0
split_gain=6831.08 1222.67 894.132 779.786 291.808 343.491 159.874 135.28 100.186 96.9866 94.6792 82.3622 77.3736 73.9738
threshold=42.500000000000007 1768.5000000000002 53.500000000000007 35.500000000000007 177.98666167615457 1879.5000000000002 32.500000000000007 47.500000000000007 177.98666167615457 1.0000000180025095e-35 1705.5000000000002 50.847900000000003 1889.5000000000002 29.500000000000004
decision_type=2 2 2 2 10 2 2 2 8 2 2 8 2 2
left_child=1 6 7 4 5 13 10 -2 -7 -6 -1 -5 -13 -3
right_child=2 3 -4 11 9 8 -8 -9 -10 -11 -12 12 -14 -15
leaf_value=-0.019402455440602567 -0.024537310139788326 0.015785202078093107 -0.072085242334062577 -0.017865504162887496 0.010757266307697862 0.012481654912170039 -0.032430536188073941 -0.043702668514370657 0.027854135706798462 -0.0083334653245960306 -0.0021655985428200145 -0.0076515633898383952 0.0054877868175708675 0.0071098476765617084
leaf_weight=1449.1093720495701 2291.7635103613138 7384.3682671189308 2329.8547105640173 900.73753768205643 1302.9915717095137 1269.7208427786827 1056.4927998930216 1678.4217576384544 8281.0856111347675 1318.5280191451311 1753.0215880423784 2344.4298544228077 2110.4196675419807 3757.12640170753
leaf_count=5831 9254 29540 9664 3614 5215 5080 4273 6851 33136 5289 7034 9400 8460 15035
internal_value=9.38652e-05 0.00922738 -0.0475218 0.0129413 0.0168909 0.0188802 -0.0157189 -0.032818 0.0258408 0.00116493 -0.0100381 -0.00425065 -0.00143028 0.0128777
internal_weight=39228.1 32928 6300.04 28669.4 23313.8 20692.3 4258.62 3970.19 9550.81 2621.52 3202.13 5355.59 4454.85 11141.5
internal_count=157676 131907 25769 114769 93295 82791 17138 16105 38216 10504 12865 21474 17860 44575
is_linear=0
shrinkage=0.05


Tree=5
num_leaves=15
num_cat=0
split_feature=0 3 0 0 8 3 0 0 3 3 0 14 7 3
split_gain=6080 1003.31 835.511 666.891 228.716 296.071 132.074 126.108 102.469 84.4216 77.1592 74.547 69.7269 81.4982
threshold=42.500000000000007 1758.5000000000002 51.500000000000007 33.500000000000007 291.7342227763919 1868.5000000000002 30.500000000000004 37.500000000000007 1882.5000000000002 1958.5000000000002 55.500000000000007 1.0000000180025095e-35 172.61675000000002 1872.5000000000002
decision_type=2 2 2 2 10 2 2 2 2 2 2 2 8 2
left_child=1 6 8 4 5 -3 -1 12 -2 -7 -4 -6 -5 -14
right_child=2 3 10 7 11 9 -8 -9 -10 -11 -12 -13 13 -15
leaf_value=-0.0091019998131302536 -0.038075835578501721 0.011177622000896628 -0.050862419966195976 -0.0055855558617079297 0.0093661640457377796 0.024068330076295968 -0.029116989980654498 -0.0079157239929858094 -0.020433440722976478 -0.016816231565091256 -0.072472011270557565 -0.010462174279897011 -0.00032341914046109623 0.01550631479391087
leaf_weight=2490.1756427437067 1630.0093918442726 9042.6201196014881 857.40806978940964 1177.0204892605543 930.4146373718977 10291.000061169267 1235.060967668891 3450.9968568831682 1848.7434072345495 114.64185237884521 1865.6621287167072 925.73695711791515 1453.9640670418739 1822.3902662992477
leaf_count=10016 6634 36177 3581 4717 3723 41200 5001 13852 7500 459 7856 3716 5827 7293
internal_value=-3.94752e-05 0.00851943 -0.0453718 0.0116372 0.0162354 0.0178343 -0.0158578 -0.000765929 -0.0288704 0.0235865 -0.0660883 -0.000529129 0.00478519 0.00852213
internal_weight=39135.8 32934 6201.82 29208.8 21304.4 19448.3 3725.24 7904.37 3478.75 10405.6 2723.07 1856.15 4453.37 3276.35
internal_count=157552 131981 25571 116964 85275 77836 15017 31689 14134 41659 11437 7439 17837 13120
is_linear=0
shrinkage=0.05


Tree=6
num_leaves=15
num_cat=0
split_feature=0 0 0 8 0 1 12 12 0 12 14 0 10 12
split_gain=5675.61 899.902 544.042 241.023 140.643 129.121 79.7637 65.9681 56.4294 48.0119 47.2194 43.1401 37.3619 35.766
threshold=44.500000000000007 36.500000000000007 53.500000000000007 426.98391277234663 30.500000000000004 19.500000000000004 0.83900000000000008 1.6084500000000002 46.500000000000007 0.58595000000000008 1.0000000180025095e-35 39.500000000000007 47.800550000000008 22.557750000000002
decision_type=2 2 2 10 2 2 10 10 2 8 2 2 10 10
left_child=1 3 8 4 5 13 11 -6 -2 -7 -5 -3 -11 -1
right_child=2 6 -4 10 7 9 -8 -9 -10 12 -12 -13 -14 -15
leaf_value=0.0062748452637246925 -0.022418159384313963 -0.0020718199092877574 -0.067636054327052983 0.0017631524773635329 0.008944071841264712 0.02454060986376037 -0.021202688306230514 -0.0027406939762818702 -0.038926054534504761 0.016584632496628712 -0.014016387166401212 -0.011772940084483858 0.0086477931075392891 -0.018114732903389944
leaf_weight=2701.3235058188438 837.7023861259222 2177.8734284192324 2240.0634338706732 932.32637360692024 6675.1796407401562 1735.9339639991522 1304.3427085578442 1463.9958992451429 2013.5120784491301 11709.234737962484 936.34202393889427 2422.9861410409212 1778.5800320059061 140.02160820364952
leaf_count=10830 3409 8744 9587 3733 26755 6953 5254 5872 8303 46910 3761 9771 7125 561
internal_value=-3.07907e-05 0.00735461 -0.0491553 0.011086 0.012323 0.0147828 -0.0103616 0.00684076 -0.0342659 0.0166082 -0.00620827 -0.00720964 0.0155524 0.00495471
internal_weight=39069.4 33978.1 5091.28 28072.9 26204.3 18065.1 5905.2 8139.18 2851.21 15223.7 1868.67 4600.86 13487.8 2841.35
internal_count=157568 136269 21299 112500 105006 72379 23769 32627 11712 60988 7494 18515 54035 11391
is_linear=0
shrinkage=0.05


Tree=7
num_leaves=15
num_cat=0
split_feature=0 3 0 0 8 3 0 0 14 3 6 3 8 3
split_gain=5052.45 1001.17 761.491 547.346 238.561 243.143 160.518 123.101 86.2569 80.7744 78.9663 86.1538 71.6915 62.6323
threshold=44.500000000000007 1778.5000000000002 34.500000000000007 53.500000000000007 85.551771813401061 1879.5000000000002 32.500000000000007 39.500000000000007 1.0000000180025095e-35 1716.5000000000002 51.049500000000009 1889.5000000000002 46.17570797399236 1770.5000000000002
decision_type=2 2 2 2 10 2 2 2 2 2 8 2 8 2
left_child=1 6 4 13 5 -3 9 10 -6 -1 -4 -12 -7 -2
right_child=3 2 7 -5 8 12 -8 -9 -10 -11 11 -13 -14 -15
leaf_value=-0.016264369858679583 -0.052877239130688772 0.011942334019235223 -0.013682262705877718 -0.065324344755360517 0.010156554327472457 0.0074981844793613629 -0.028391106527189548 -0.011909649247336578 -0.0067471028969064012 -0.0012784428767898428 -0.0026974229538909373 0.012241113012094889 0.024734354312276753 -0.02868667627859612
leaf_weight=1655.1566749513149 322.19531413912773 10125.154793083668 701.96374644339085 2198.067346945405 1542.7271511554718 675.90340226888657 1351.2099968641996 2719.1426658332348 1440.6239318847656 1949.1720280796289 2040.2244002968073 1801.7592253983021 7960.1120911836624 2537.5439885258675
leaf_count=6670 1339 40509 2819 9582 6172 2706 5499 10962 5783 7813 8175 7215 31924 10476
internal_value=-2.64119e-05 0.00692474 0.0104734 -0.0465468 0.0151519 0.0172384 -0.0138061 -0.00353658 0.00200341 -0.00821196 0.00150417 0.00433535 0.0234058 -0.0317604
internal_weight=39021 33963.2 29007.6 5057.81 21744.5 18761.2 4955.54 7263.09 2983.35 3604.33 4543.95 3841.98 8636.02 2859.74
internal_count=157644 136247 116265 21397 87094 75139 19982 29171 11955 14483 18209 15390 34630 11815
is_linear=0
shrinkage=0.05


Tree=8
num_leaves=15
num_cat=0
split_feature=0 3 0 0 15 3 14 0 0 12 0 0 7 12
split_gain=4761.22 905.463 667.42 487.719 168.996 326.815 122.275 117.086 79.6833 64.0709 62.3861 49.3284 46.9115 46.8669
threshold=44.500000000000007 1758.5000000000002 36.500000000000007 53.500000000000007 1.0000000180025095e-35 1879.5000000000002 1.0000000180025095e-35 33.500000000000007 31.500000000000004 0.83900000000000008 48.500000000000007 32.500000000000007 1.3829 -90.996849999999981
decision_type=2 2 2 2 2 2 2 2 2 10 2 2 10 8
left_child=1 7 4 10 6 8 -3 12 -6 13 -2 -7 -1 -4
right_child=3 2 9 -5 5 11 -8 -9 -10 -11 -12 -13 -14 -15
leaf_value=-0.0087857376800847646 -0.024264935627151596 0.012101914186158406 -0.031691328060271633 -0.06357937473141588 0.011670106395295508 0.0243758379891926 -0.0038810675836157766 -0.032483964509899758 0.0016236556325773086 -0.016899145197519786 -0.039949315388309842 0.014958083573760772 -0.026947887455610525 -0.0025704442869092133
leaf_weight=2529.2873530983925 1552.9998216032982 2501.7064622342587 123.27775581181049 2147.3569456338882 8777.0550314038992 6748.6863971054554 2263.0748770982027 852.88069750368595 2553.8156786412001 1131.3317499309778 1289.755877867341 1911.4310641735792 403.86266285181046 4100.4149580299854
leaf_count=10186 6396 10012 497 9547 35123 27112 9081 3496 10225 4559 5418 7657 1629 16498
internal_value=-6.871e-05 0.00665211 0.00955145 -0.0455662 0.013012 0.015028 0.00452616 -0.0163357 0.00941263 -0.00643504 -0.0316103 0.0223364 -0.011452 -0.00356575
internal_weight=38886.9 33896.8 30110.8 4990.11 24755.8 19991 4764.78 3786.03 11330.9 5355.02 2842.76 8660.12 2933.15 4223.69
internal_count=157436 136075 120764 21361 99210 80117 19093 15311 45348 21554 11814 34769 11815 16995
is_linear=0
shrinkage=0.05


Tree=9
num_leaves=15
num_cat=0
split_feature=0 0 0 8 0 1 0 12 12 12 14 4 8 9
split_gain=4357.53 856.735 285.261 211.743 129.012 96.1249 86.1424 75.4411 54.3834 49.7426 39.6088 34.7186 30.276 26.9401
threshold=46.500000000000007 36.500000000000007 55.500000000000007 291.7342227763919 30.500000000000004 20.500000000000004 40.500000000000007 1.6084500000000002 1.6084500000000002 3.1719500000000003 1.0000000180025095e-35 47.497000000000007 32.308245970314367 55.861300000000007
decision_type=2 2 2 10 2 2 2 10 8 10 2 8 10 10
left_child=1 3 -2 4 5 -1 12 -6 -7 -8 13 -9 -3 -5
right_child=2 6 -4 10 7 8 9 11 -10 -11 -12 -13 -14 -15
leaf_value=0.0064343357126323483 -0.036887073978604065 -0.0026703368264634555 -0.064320297453221306 -0.0020595553941755323 0.007652098452718992 0.024089227418594393 -0.013058615074816074 0.01432883761256437 0.014024081254223606 -0.02889244458403243 -0.011184382714965229 -0.0086073104145953355 -0.014314355356497825 0.016368086498938207
leaf_weight=4111.5514687299728 2357.4984267205 2852.3754575103521 1737.6121647506952 979.79088616371155 6614.8633714318275 1548.1796900480986 2551.4036839455366 173.84918558597565 12031.481830656528 627.41340357065201 1177.797414675355 1139.5640137344599 678.53299897909164 227.65486504137516
leaf_count=16498 10033 11482 7902 3924 26545 6213 10376 697 48289 2559 4738 4578 2735 912
internal_value=-0.00013305 0.0056308 -0.0487834 0.00947507 0.0108012 0.0131765 -0.0103947 0.00548138 0.0152053 -0.0163449 -0.00474052 -0.005402 -0.00497598 0.00162493
internal_weight=38809.6 34714.5 4095.11 28004.7 25619.5 17691.2 6709.73 7928.28 13579.7 3178.82 2385.24 1313.41 3530.91 1207.45
internal_count=157481 139546 17935 112394 102820 71000 27152 31820 54502 12935 9574 5275 14217 4836
is_linear=0
shrinkage=0.05


Tree=10
num_leaves=15
num_cat=0
split_feature=0 3 0 0 8 3 0 3 0 0 0 11 3 3
split_gain=3952.49 871.581 712.229 290.956 179.815 234.635 135.25 89.1581 82.2206 61.6344 57.8573 57.821 56.0537 43.7092
threshold=46.500000000000007 1760.5000000000002 36.500000000000007 55.500000000000007 426.98391277234663 1872.5000000000002 34.500000000000007 1962.5000000000002 32.500000000000007 30.500000000000004 39.500000000000007 -1.1439499999999998 1919.5000000000002 1896.5000000000002
decision_type=2 2 2 2 10 2 2 2 2 2 2 10 2 2
left_child=1 6 4 12 5 8 11 9 -3 -7 -4 -1 -2 -12
right_child=3 2 10 -5 -6 7 -8 -9 -10 -11 13 -13 -14 -15
leaf_value=-0.0075929794381845109 -0.040228679426856206 0.0097636560106197159 -0.0013421612668508994 -0.062680469298418681 -0.0033701017784871657 0.021076146181992123 -0.034260912241306209 -0.022202947090693991 -0.0016750117193238016 0.013334875297646055 -0.016424093751889083 -0.023033086247109359 -0.022350030440490658 -0.0052966768448042198
leaf_weight=2300.0547105967999 1602.133923470974 9120.4844387918711 2515.0483803749084 1707.1455281376839 1783.0936933755875 7656.5714157819748 847.86150404810905 120.76273091137409 1890.570658788085 4106.975519746542 1893.5701778233051 822.24079646170139 731.97994731366634 1689.1603722572327
leaf_count=9264 6883 36511 10096 7946 7158 30808 3506 484 7571 16476 7698 3322 3141 6853
internal_value=-0.000187772 0.00526469 0.00811085 -0.0468626 0.0118901 0.0130805 -0.0167285 0.0179515 0.00780019 0.0184007 -0.00717319 -0.0117798 -0.0348594 -0.0112363
internal_weight=38787.7 34746.4 30776.2 4041.26 24678.5 22895.4 3970.16 11884.3 11011.1 11763.5 6097.78 3122.3 2334.11 3582.73
internal_count=157717 139747 123655 17970 99008 91850 16092 47768 44082 47284 24647 12586 10024 14551
is_linear=0
shrinkage=0.05


Tree=11
num_leaves=15
num_cat=0
split_feature=2 2 8 2 11 8 11 2 9 11 4 10 11 6
split_gain=985.532 173.596 158.751 134.365 90.4784 62.3399 55.9371 43.7623 29.9639 26.3417 26.3261 26.1056 42.3588 29.283
threshold=15.500000000000002 24.500000000000004 252.12851242485968 8.5000000000000018 2.3153000000000006 7309.2843389753971 0.53015000000000012 6.5000000000000009 51.189750000000011 -2.2448999999999999 42.361800000000009 34.686500000000009 21.926650000000006 59.329550000000005
decision_type=10 10 10 8 10 8 10 10 10 10 10 10 10 10
left_child=2 5 3 4 10 -2 9 -4 -8 -5 -1 -6 13 -13
right_child=1 -3 7 6 11 -7 8 -9 -10 -11 -12 12 -14 -15
leaf_value=0.0086001678148053973 -0.031432888730645946 -0.046423779974363366 -0.0030961371407418896 0.001200351665779091 0.017762984548494554 -0.013734583868895301 -0.0012792532126518076 -0.014453881685043949 -0.014009991165210376 0.01016796411747356 0.016303065452807922 -0.00084102331824327395 -0.018753418881123706 0.021107245570258712
leaf_weight=8657.9389846771955 743.94877800345421 814.79482565820217 2095.544418245554 16451.445217594504 165.12452505528927 1624.8052453398705 955.63418480753899 1421.5860767513514 883.27462990581989 842.48932006955147 1292.9789028614759 2282.4321331381798 299.39789925515652 142.72628480195999
leaf_count=34903 3140 3691 8473 67014 665 6771 3891 5811 3615 3448 5212 9216 1208 575
internal_value=-8.45653e-05 -0.0266449 0.00231159 0.00342172 0.00737401 -0.0195097 0.00076429 -0.00774258 -0.00747909 0.00164846 0.00963174 -0.000413493 -0.00163651 0.000612764
internal_weight=38674.1 3183.55 35490.6 31973.4 12840.6 2368.75 19132.8 3517.13 1838.91 17293.9 9950.92 2889.68 2724.56 2425.16
internal_count=157633 13602 144031 129747 51779 9911 77968 14284 7506 70462 40115 11664 10999 9791
is_linear=0
shrinkage=0.05


Tree=12
num_leaves=15
num_cat=0
split_feature=0 0 0 8 0 11 9 0 6 0 0 1 12 1
split_gain=3552.69 696.002 269.769 128.371 95.3259 77.0945 63.3818 42.202 38.1038 37.155 37.4335 36.2133 33.5864 29.7413
threshold=46.500000000000007 35.500000000000007 55.500000000000007 353.79905743860076 39.500000000000007 2.3153000000000006 41.882600000000004 29.500000000000004 48.825700000000005 30.500000000000004 23.500000000000004 19.500000000000004 1.6084500000000002 19.500000000000004
decision_type=2 2 2 10 2 10 10 2 8 2 2 2 10 2
left_child=1 3 -2 5 8 6 9 11 -3 10 -1 -7 -6 -8
right_child=2 4 -4 -5 12 7 13 -9 -10 -11 -12 -13 -14 -15
leaf_value=0.0068534745670465122 -0.033142463334248445 -0.015910850853320467 -0.060264397859593734 -0.0031029534365439974 -0.010821795083567474 -0.0030675797853098648 0.0053412630808524599 -0.0029125257359489329 -0.00056114214588578917 0.0064708280278209301 0.013091515955531242 0.01109146577472557 -0.022168485221402332 0.020832336200085087
leaf_weight=3264.8851701915264 2294.6793681234121 437.85740049183369 1652.6709960252047 2006.2717640548944 3065.6088052988052 587.04502858221531 379.69340753555298 1522.942656815052 3471.0622257292271 5021.6712706536055 9995.8730483204126 1835.4084411561489 852.02994453907013 2189.0945334881544
leaf_count=13119 9978 1768 7925 8061 12495 2358 1525 6120 13964 20170 40192 7368 3497 8801
internal_value=7.42774e-05 0.00520596 -0.0447444 0.00903523 -0.00789738 0.010019 0.0112315 0.00358682 -0.00235278 0.0101768 0.0115683 0.00766321 -0.0133896 0.0186015
internal_weight=38576.8 34629.4 3947.35 26802.9 7826.56 24796.6 20851.2 3945.4 3908.92 18282.4 13260.8 2422.45 3917.64 2568.79
internal_count=157341 139438 17903 107714 31724 99653 83807 15846 15732 73481 53311 9726 15992 10326
is_linear=0
shrinkage=0.05


Tree=13
num_leaves=15
num_cat=0
split_feature=0 3 0 0 8 3 0 6 14 0 3 3 9 3
split_gain=3215.24 791.753 513.124 280.346 155.475 197.945 124.702 81.9181 81.4891 65.6142 64.0157 51.5701 45.8663 42.7767
threshold=46.500000000000007 1776.5000000000002 37.500000000000007 55.500000000000007 460.92617016165963 1869.5000000000002 34.500000000000007 19.133050000000004 1.0000000180025095e-35 30.500000000000004 1705.5000000000002 1919.5000000000002 50.751500000000007 1880.5000000000002
decision_type=2 2 2 2 10 2 2 10 2 2 2 2 10 2
left_child=1 6 4 11 5 9 10 12 -9 -3 -1 -2 -7 -4
right_child=3 2 13 -5 -6 7 -8 8 -10 -11 -12 -13 -14 -15
leaf_value=-0.01724417827430353 -0.036595682878017198 0.0094068757748363013 -0.012339448519788661 -0.059293605445410215 -0.0034022862530210633 0.017146090966459446 -0.028777910656666256 0.016364685937412676 -0.00051812280426075271 0.00073695874576618851 -0.0040473453770666313 -0.019369170596247501 0.030346643130638631 -0.0028903482473767519
leaf_weight=1548.8595054596663 1546.4131779670715 6912.5255096554756 2006.1787923574448 1596.9605705887079 1771.2385478317738 9318.0121827721596 1067.8071114867926 1507.5851927101612 1340.9881006032228 3190.0738625228405 2259.0089766681194 714.84022042155266 731.86111591756344 2970.7298587709665
leaf_count=6263 6803 27700 8150 7854 7117 37557 4438 6055 5382 12772 9072 3120 2953 12041
internal_value=1.13496e-06 0.00483409 0.00789604 -0.0431726 0.0108382 0.0119369 -0.0138045 0.0160406 0.00846877 0.00667606 -0.00947724 -0.0313675 0.0181658 -0.0067334
internal_weight=38483.1 34624.9 29749.2 3858.21 24772.3 23001 4875.68 12898.4 2848.57 10102.6 3807.87 2261.25 10049.9 4976.91
internal_count=157277 139500 119727 17777 99536 92419 19773 51947 11437 40472 15335 9923 40510 20191
is_linear=0
shrinkage=0.05


Tree=14
num_leaves=15
num_cat=0
split_feature=0 3 0 0 0 15 3 0 3 3 5 3 3 1
split_gain=2999.62 703.636 490.247 259.81 123.143 115.642 225.52 100.778 73.4526 56.7839 49.5838 60.7691 43.1567 39.5492
threshold=46.500000000000007 1776.5000000000002 34.500000000000007 53.500000000000007 34.500000000000007 1.0000000180025095e-35 1879.5000000000002 39.500000000000007 1699.5000000000002 1905.5000000000002 -72.094249999999988 1889.5000000000002 1895.5000000000002 19.500000000000004
decision_type=2 2 2 2 2 2 2 2 2 2 8 2 2 2
left_child=1 4 5 12 8 9 -7 10 -1 -3 -4 -12 -2 -11
right_child=3 2 7 -5 -6 6 -8 -9 -10 13 11 -13 -14 -15
leaf_value=-0.017638454931341377 -0.035969896729630045 0.01049106308790543 -0.022258032119538283 -0.055182076443513139 -0.027966262378739337 0.0080694357178529956 0.019516106336720268 -0.009630185103468825 -0.0033463090609089745 -0.019947355905565903 -0.0029597826892288348 0.0087751841626273943 -0.020018054115383994 0.00098679121844837364
leaf_weight=1427.6240580528975 985.07959493994713 1816.3299860805273 186.39241480827332 1904.1054840832949 1056.6484723240137 9820.771189942956 7709.6681002229452 3409.0110437273979 2404.4871214330196 231.65035542845726 2225.901726692915 2152.7703734189272 925.95811247825623 2166.6102786809206
leaf_count=5784 4339 7281 752 9513 4416 39370 31197 13905 9662 930 8929 8635 4011 8699
internal_value=-9.2424e-05 0.00455448 0.00744705 -0.0420493 -0.0129884 0.0113331 0.01312 -0.00315194 -0.00873467 0.00387358 0.00170667 0.00282337 -0.0285281 -0.00118351
internal_weight=38423 34607.9 29719.1 3815.14 4888.76 21745 17530.4 7974.08 3832.11 4214.59 4565.06 4378.67 1911.04 2398.26
internal_count=157423 139560 119698 17863 19862 87477 70567 32221 15446 16910 18316 17564 8350 9629
is_linear=0
shrinkage=0.05


Tree=15
num_leaves=15
num_cat=0
split_feature=0 0 0 0 8 6 1 11 12 14 11 0 12 0
split_gain=2777.07 493.025 250.819 115.387 105.488 72.4899 56.432 51.379 36.0845 31.9425 31.3588 30.2016 26.6035 22.5872
threshold=46.500000000000007 33.500000000000007 53.500000000000007 40.500000000000007 291.7342227763919 51.209150000000008 20.500000000000004 2.2683500000000003 19.042600000000004 1.0000000180025095e-35 -73.584099999999992 59.500000000000007 8.6039000000000012 30.500000000000004
decision_type=2 2 2 2 10 8 2 8 10 2 10 2 10 2
left_child=1 4 -2 5 6 -3 8 10 -1 -6 -8 -4 -5 -9
right_child=2 3 11 12 9 -7 7 13 -10 -11 -12 -13 -14 -15
leaf_value=0.0054991839167098204 -0.027347514597975211 -0.012675318199259121 -0.044048575869755142 -0.010418984006357426 0.003475610179959612 0.0010480541976054744 0.0029633666353042262 0.010754130541384445 -0.014325031425382743 -0.0091335883014296917 0.020796797616795079 -0.06079957471078859 -0.023237628391518966 0.006130313442139634
leaf_weight=4415.646400898695 1896.9230876863003 1119.7717233300209 850.78083010017872 2675.1125625222921 1025.9674057364464 6164.0191335380077 295.65979799628258 12004.178970009089 223.20843258500099 949.41102129220963 1721.3778145611286 1012.9480967819691 482.72595030069351 3510.9066023677588
leaf_count=17761 8360 4525 4299 10985 4111 24845 1193 48397 897 3827 6949 5250 2004 14132
internal_value=6.47527e-05 0.00450957 -0.0406233 -0.00456222 0.00843302 -0.00109064 0.00941888 0.010717 0.0044879 -0.00261546 0.0182375 -0.0537017 -0.0125124 0.00971705
internal_weight=38348.6 34588 3760.65 10441.6 24146.4 7283.79 22171 17532.1 4638.85 1975.38 2017.04 1863.73 3157.84 15515.1
internal_count=157535 139626 17909 42359 97267 29370 89329 70671 18658 7938 8142 9549 12989 62529
is_linear=0
shrinkage=0.05


Tree=16
num_leaves=15
num_cat=0
split_feature=0 3 0 0 8 3 0 0 3 6 3 12 7 10
split_gain=2582.36 664.919 423.824 243.158 124.562 178.193 100.45 97.6468 55.2159 80.4612 52.6654 41.1287 40.9266 40.4581
threshold=46.500000000000007 1758.5000000000002 33.500000000000007 55.500000000000007 101.11467674896382 1880.5000000000002 40.500000000000007 34.500000000000007 1872.5000000000002 48.856900000000003 1919.5000000000002 1.6084500000000002 18.068550000000005 47.988700000000009
decision_type=2 2 2 2 10 2 2 2 2 8 2 8 10 10
left_child=1 7 4 10 5 11 8 13 -4 -10 -2 -3 -7 -1
right_child=3 2 6 -5 -6 12 -8 -9 9 -11 -12 -13 -14 -15
leaf_value=-0.0074866677801180802 -0.034079714881687422 0.016220769029079148 -0.0044145885585060917 -0.055417472250214574 0.00053774718363336046 0.018319167563479812 -0.0099825197224523987 -0.030601886152574299 -0.011061814000974814 0.0079529850231493428 -0.01673719419519154 0.0065651666816807707 -0.00204391093883402 -0.020493224032398498
leaf_weight=2216.3682168722153 1509.9610119462013 1246.9495842456818 2628.1172278672457 1484.135519489646 2717.4576682150364 7674.1623368561268 2847.7370610684156 814.41165119409561 646.64020578563213 3390.7898312956095 705.77606183290482 9324.0819571912289 250.99384920299053 823.36513608694077
leaf_count=8938 6863 5013 10564 7899 10907 31149 11688 3446 2612 13610 3156 37408 1009 3339
internal_value=-0.000104566 0.00415127 0.00660877 -0.0396905 0.0105382 0.0120053 -0.00215727 -0.0153739 0.00120579 0.00486803 -0.0287548 0.00773261 0.0176707 -0.0111206
internal_weight=38280.9 34581.1 30726.9 3699.87 21213.6 18496.2 9513.28 3854.15 6665.55 4037.43 2215.74 10571 7925.16 3039.73
internal_count=157601 139683 123960 17918 85486 74579 38474 15723 26786 16222 10019 42421 32158 12277
is_linear=0
shrinkage=0.05


Tree=17
num_leaves=15
num_cat=0
split_feature=0 0 0 0 1 6 12 8 12 1 11 12 12 12
split_gain=2241.28 440.084 208.511 106.25 73.1714 67.7726 49.1219 37.5857 37.6033 36.1682 32.6406 32.0634 31.188 26.6486
threshold=47.500000000000007 37.500000000000007 55.500000000000007 30.500000000000004 20.500000000000004 55.88665000000001 2.3119500000000008 303.56054454008017 1.6084500000000002 42.500000000000007 21.926650000000006 -90.996849999999981 -72.684149999999988 1.6084500000000002
decision_type=2 2 2 2 2 8 10 10 8 2 10 8 10 10
left_child=1 3 -2 4 10 12 9 8 -6 11 -1 -3 -5 -14
right_child=2 6 -4 5 7 -7 -8 -9 -10 -11 -12 -13 13 -15
leaf_value=0.0037787395151840722 -0.027981884469734698 -0.027401882879769496 -0.053998163574213158 -0.018122763284976213 0.018025047510649313 0.0040642257718391597 -0.017528657318171829 0.00052051122437977895 0.0096936528424832278 -0.015862428367039012 -0.013745057244369502 -0.0034769855087531695 0.005450457735497561 -0.0072859706714820706
leaf_weight=4288.091487929225 1841.0932371467352 126.07183350622654 1434.0437199175358 401.32032017409801 1549.3041450381279 7694.6165479719639 1255.0711243748665 979.17916075885296 11930.334995880723 818.35957486927509 263.73913411796093 3810.100630402565 606.6711011081934 1180.6377514451742
leaf_count=17264 8468 518 7851 1618 6279 31003 5204 3934 48189 3424 1061 15558 2441 4755
internal_value=-0.000213265 0.00350612 -0.0396319 0.0060668 0.00825134 0.00185659 -0.00878475 0.00999041 0.0106765 -0.00641283 0.0027077 -0.00437793 -0.00587136 -0.00295034
internal_weight=38178.6 34903.5 3275.14 28893.9 19010.6 9883.25 6009.6 14458.8 13479.6 4754.53 4551.83 3936.17 2188.63 1787.31
internal_count=157567 141248 16319 116544 76727 39817 24704 58402 54468 19500 18325 16076 8814 7196
is_linear=0
shrinkage=0.05


Tree=18
num_leaves=15
num_cat=0
split_feature=0 3 0 0 12 3 7 3 0 0 8 0 3 12
split_gain=2087.43 589.701 365.196 205.461 118.984 136.398 86.436 86.1035 56.1114 50.3171 50.2974 48.7587 36.586 33.0475
threshold=47.500000000000007 1778.5000000000002 35.500000000000007 56.500000000000007 -73.584099999999992 1870.5000000000002 1.1052000000000002 1692.5000000000002 39.500000000000007 38.500000000000007 1492.1786247422351 33.500000000000007 1916.5000000000002 1.6084500000000002
decision_type=2 2 2 2 8 2 10 2 2 2 10 2 2 8
left_child=1 7 4 12 10 13 -7 11 -4 -9 -3 -1 -2 -6
right_child=3 2 8 -5 5 6 -8 9 -10 -11 -12 -13 -14 -15
leaf_value=-0.016952711379855517 -0.032951885327168834 0.0013232494573099524 0.00088618727281355243 -0.054136809332385273 0.013575904736471828 0.015768717259453075 0.0050966238954243716 -0.0054175655974953172 -0.0079762534880702465 -0.022848012826559096 -0.020643495540686368 -0.038798227017250206 -0.017657808743594017 0.004518265025974277
leaf_weight=1220.0161740928888 1256.5067685991526 710.46483033895493 3437.5248979330063 1275.0543309748173 1132.8889378607273 9552.580124989152 2397.252220004797 2984.9506078362465 3689.3647565990686 465.6872546672821 389.52206985652447 334.37840229272842 690.09645031392574 8446.6292624175549
leaf_count=4949 5960 2865 13804 7188 4557 38809 9631 12057 15217 1994 1568 1427 3207 33888
internal_value=-9.72724e-05 0.00347933 0.00615131 -0.0384717 0.00925792 0.0100779 0.0136399 -0.0123676 -0.0037111 -0.00788803 -0.00668524 -0.0220852 -0.0277647 0.00561549
internal_weight=37982.9 34761.3 29756.2 3221.66 22629.3 21529.4 11949.8 5005.03 7126.89 3450.64 1099.99 1554.39 1946.6 9579.52
internal_count=157121 140766 120339 16355 91318 86885 48440 20427 29021 14051 4433 6376 9167 38445
is_linear=0
shrinkage=0.05


Tree=19
num_leaves=15
num_cat=0
split_feature=0 3 0 0 0 8 3 3 0 3 14 6 5 3
split_gain=2018.66 532.197 346.621 178.147 107.04 100.641 106.068 84.9865 67.477 61.948 48.4581 69.2026 51.1806 45.4473
threshold=47.500000000000007 1776.5000000000002 34.500000000000007 53.500000000000007 34.500000000000007 1492.1786247422351 1852.5000000000002 1963.5000000000002 40.500000000000007 1688.5000000000002 1.0000000180025095e-35 19.133050000000004 22.640300000000003 1880.5000000000002
decision_type=2 2 2 2 2 10 2 2 2 2 2 10 8 2
left_child=1 4 5 -2 9 6 -3 10 -4 -1 12 -12 -8 -14
right_child=3 2 8 -5 -6 -7 7 -9 -10 -11 11 -13 13 -15
leaf_value=-0.017046575571201924 -0.024900964399627332 0.0047178252050808526 0.00079289561754321096 -0.0493128076678402 -0.025411234314558745 -0.0097772958586989159 0.021386740566161733 -0.025550502026983432 -0.0085437307207355106 -0.0033394290264541341 0.013315717047472451 -0.00029239205383560366 0.0074645379274034685 0.015372267032112006
leaf_weight=1190.5660317987204 1477.9928272068501 6679.0095628201962 5183.6775484979153 1677.5445977002382 1088.6310199201107 652.11618691682816 2177.9044883698225 128.53664709627628 3065.0725655257702 2625.5429668873549 2328.2520374655724 1550.1417960673571 2841.8144888877869 5359.7148509472609
leaf_count=4844 6797 26815 20840 9516 4654 2624 8796 516 12710 10565 9460 6237 11433 21865
internal_value=5.8552e-05 0.00353214 0.00603217 -0.0381076 -0.0117046 0.00934396 0.0099446 0.0123613 -0.00268868 -0.00768242 0.0127384 0.00790314 0.0145264 0.0126571
internal_weight=38026.5 34871 29966.2 3155.54 4904.74 21717.5 21065.4 14386.4 8248.75 3816.11 14257.8 3878.39 10379.4 8201.53
internal_count=157672 141359 121296 16313 20063 87746 85122 58307 33550 15409 57791 15697 42094 33298
is_linear=0
shrinkage=0.05


Tree=20
num_leaves=15
num_cat=0
split_feature=1 3 2 1 1 8 3 11 14 1 3 6 2 12
split_gain=1220.66 531.322 384.054 182.608 150.629 140.917 172.94 93.4634 67.807 55.8958 54.2619 53.5902 49.7558 45.5033
threshold=42.500000000000007 1758.5000000000002 19.500000000000004 51.500000000000007 32.500000000000007 101.11467674896382 1877.5000000000002 -3.0478999999999994 1.0000000180025095e-35 28.500000000000004 1892.5000000000002 10.669450000000003 1.5000000000000002 2.3119500000000008
decision_type=2 2 10 2 2 10 2 10 2 2 2 10 10 10
left_child=1 7 4 -2 5 6 -3 -1 -7 13 -6 -8 -13 -4
right_child=3 2 9 -5 10 8 11 -9 -10 -11 -12 12 -14 -15
leaf_value=-0.009620626987597844 -0.021716846813718139 0.0047179832290675811 -0.0079751796935826642 -0.048691394774506035 -0.0075961656696620448 0.0050924092689877982 0.015508041692497476 -0.02629290900787631 -0.008131311999161582 -0.040973790927369955 0.0027446718779847242 0.019268981184716923 -0.00012316674445793033 -0.031271208249733971
leaf_weight=2705.5412706434727 1711.7915009558201 11517.178070902824 646.9655484110117 1035.0663619041443 2414.5558841824532 1912.1735065728426 7946.5720678418875 1229.1535156667233 1926.6147687286139 296.43928843736649 2632.8410837948322 442.44232678413391 1160.863138705492 305.59060890972614
leaf_count=11129 7811 46339 2932 5885 9876 7690 32466 5178 7787 1667 10817 1800 4695 1420
internal_value=-0.000183919 0.0023327 0.00451844 -0.0321598 0.00565645 0.00725169 0.00885584 -0.0149355 -0.00155207 -0.0224323 -0.0022126 0.0138258 0.00539969 -0.0159382
internal_weight=37883.8 35136.9 31202.2 2746.86 29953.2 24905.8 21067.1 3934.69 3838.79 1249 5047.4 9549.88 1603.31 952.556
internal_count=157492 143796 127489 13696 121470 100777 85300 16307 15477 6019 20693 38961 6495 4352
is_linear=0
shrinkage=0.05


Tree=21
num_leaves=15
num_cat=0
split_feature=0 3 0 0 0 3 3 12 0 11 5 3 3 12
split_gain=1701.39 415.619 322.986 147.697 90.3891 82.7551 75.3079 66.0363 60.1897 54.6544 45.219 46.6229 42.496 42.3238
threshold=48.500000000000007 1778.5000000000002 33.500000000000007 56.500000000000007 32.500000000000007 1961.5000000000002 1852.5000000000002 -73.949449999999999 39.500000000000007 0.10835000000000002 -72.094249999999988 1872.5000000000002 1728.5000000000002 -3.0673999999999997
decision_type=2 2 2 2 2 2 2 8 2 8 8 2 2 10
left_child=1 4 5 -2 12 6 -3 -8 10 -9 -4 -12 -1 -6
right_child=3 2 8 -5 13 -7 7 9 -10 -11 11 -13 -14 -15
leaf_value=-0.011036775770031487 -0.027323462319938777 0.0043918836834688181 -0.019642986894413319 -0.051487954373615412 -0.014334226526705136 -0.023386391630160763 -0.0027092488434809266 0.022061968801437067 -0.0071454462049415322 0.010814208368070382 -0.0039583743124678872 0.0053906091919305767 -0.00011281501147357731 -0.032761331623929628
leaf_weight=1949.8279635310173 1570.907273709774 6280.5286542326212 238.04026843607426 1171.6165485680103 978.41656725108624 181.27249352633953 817.42079569399357 1195.8064669519663 3971.4451489299536 11788.238414719701 2161.4323924332857 3415.6942325979471 1625.2423961311579 488.29384268820286
leaf_count=7924 7736 25234 965 7158 4158 729 3302 4890 16553 47923 8670 13724 6519 2117
internal_value=-0.00016383 0.00280879 0.00503864 -0.0379446 -0.0104489 0.00863841 0.00895047 0.0110156 -0.00241712 0.0118824 0.000825491 0.00176618 -0.00609895 -0.0208271
internal_weight=37834.2 35091.7 30049.9 2742.52 5041.78 20263.3 20082 13801.5 9786.61 12984 5815.17 5577.13 3575.07 1466.71
internal_count=157602 142708 121990 14894 20718 82078 81349 56115 39912 52813 23359 22394 14443 6275
is_linear=0
shrinkage=0.05


Tree=22
num_leaves=15
num_cat=0
split_feature=2 3 3 5 3 7 11 14 9 2 8 7 3 11
split_gain=389.269 339.691 118.972 93.7228 88.5831 74.8226 55.7122 46.6286 42.3444 37.3472 36.9146 29.5066 29.2289 28.7603
threshold=19.500000000000004 1766.5000000000002 1927.5000000000002 1.0000000180025095e-35 1872.5000000000002 2.3324000000000003 -2.9882999999999993 1.0000000180025095e-35 36.791250000000012 5.5000000000000009 1492.1786247422351 -72.751699999999985 1961.5000000000002 0.10835000000000002
decision_type=10 2 2 10 2 10 10 2 10 8 10 8 2 8
left_child=1 6 4 10 13 9 7 -1 -2 -6 -4 -11 -5 -3
right_child=8 2 3 12 5 -7 -8 -9 -10 11 -12 -13 -14 -15
leaf_value=-0.012896515680323354 -0.014875527613571748 0.0071514397557086015 -0.0092320277515522478 0.0060842710418404075 0.012404446037292727 -0.0028281409286313158 -0.021290625505295917 0.00019191398873911114 -0.032395745454224877 -0.01182037613569034 -0.02596277685926356 0.0066547117739579557 -0.010630901183356974 3.9614374573472131e-05
leaf_weight=2046.5703013539314 680.71414642035961 1594.1566760987043 1643.4266836047173 1396.9576971977949 3347.2734606266022 1865.2333209812641 1215.4628331512213 1013.6919720321894 831.80144700407982 203.66774827241898 409.34444089233875 9227.9920862913132 301.71100750565529 11917.546482041478
leaf_count=8468 3301 6530 7430 5824 13757 7655 5117 4197 4207 845 1731 38468 1325 48574
internal_value=-0.000125283 0.000919623 0.00269519 -0.00564843 0.0038101 0.00650131 -0.0122813 -0.00858796 -0.0248077 0.00786535 -0.0127866 0.00623159 0.00302622 0.000888021
internal_weight=37695.6 36183 31907.3 3751.44 28155.9 14644.2 4275.73 3060.26 1512.52 12778.9 2052.77 9431.66 1698.67 13511.7
internal_count=157429 149921 132139 16310 115829 60725 17782 12665 7508 53070 9161 39313 7149 55104
is_linear=0
shrinkage=0.05


Tree=23
num_leaves=15
num_cat=0
split_feature=1 3 2 1 1 6 3 2 12 3 1 7 2 14
split_gain=1050.79 402.854 297.15 141.039 138.553 120.803 137.627 84.0264 66.3849 59.5498 59.2267 58.5637 55.115 50.598
threshold=43.500000000000007 1756.5000000000002 19.500000000000004 53.500000000000007 32.500000000000007 55.953500000000005 1877.5000000000002 1.5000000000000002 -2.9876499999999995 1892.5000000000002 28.500000000000004 18.068550000000005 5.5000000000000009 1.0000000180025095e-35
decision_type=2 2 10 2 2 8 2 10 10 2 2 10 10 2
left_child=1 8 4 12 5 7 -7 -3 -1 -6 -4 -8 -2 -9
right_child=3 2 10 -5 9 6 11 13 -10 -11 -12 -13 -14 -15
leaf_value=-0.0087971127580649521 -0.018579298853383313 0.011268922956376463 -0.013568372667021645 -0.049475059840309421 -0.0079434454305161283 0.0045129848528185001 0.013783642046866468 0.0016325199791020146 -0.023131725586329515 0.0025869803531451082 -0.039610294093193929 -0.0097957402105457465 -0.044344514665838164 -0.0089534810482081399
leaf_weight=2649.5616434067488 1329.1300839334726 1282.5820189863443 936.07852435112 791.15086822211742 2562.1926737129688 10698.726252660155 8237.4553434997797 2498.1144939213991 1173.5529252737761 2781.299789249897 283.06617429852486 258.52741922438145 247.85225886106491 2031.6112138181925
leaf_count=10957 6016 5192 4371 4888 10524 43080 33793 10081 5020 11479 1698 1042 1470 8222
internal_value=-0.000172758 0.00199218 0.00385069 -0.0322743 0.00482767 0.00638843 0.008299 7.20995e-05 -0.0132948 -0.00247313 -0.0201566 0.0130448 -0.0231334 -0.00313386
internal_weight=37760.9 35392.8 31569.7 2368.13 30350.5 25007 19194.7 5812.31 3823.11 5343.49 1219.14 8495.98 1576.98 4529.73
internal_count=157833 145459 129482 12374 123413 101410 77915 23495 15977 22003 6069 34835 7486 18303
is_linear=0
shrinkage=0.05


Tree=24
num_leaves=15
num_cat=0
split_feature=0 3 0 0 0 0 5 3 3 11 3 12 8 11
split_gain=1432.44 356.548 284.394 116.331 101.172 98.7488 57.878 55.3577 62.3172 50.8756 46.5054 39.3626 37.7358 44.0867
threshold=49.500000000000007 1782.5000000000002 31.500000000000004 59.500000000000007 39.500000000000007 34.500000000000007 -72.094249999999988 1842.5000000000002 1957.5000000000002 -1.6131499999999999 1880.5000000000002 5.8963500000000009 1492.1786247422351 0.10835000000000002
decision_type=2 2 2 2 2 2 8 2 2 10 2 10 10 8
left_child=1 5 7 -2 6 9 -4 11 12 -1 -8 -3 13 -9
right_child=3 2 4 -5 -6 -7 10 8 -10 -11 -12 -13 -14 -15
leaf_value=-0.0023234970245557501 -0.028951622005109746 0.0054352210202651451 -0.017575432809709062 -0.053245342066210399 -0.0074436721313841025 -0.021697464706961662 -0.0012776086950935768 0.019212649030795486 -0.015092341859025258 -0.015037326943633082 0.0062817401465967929 -0.010347572718363805 -0.0039243717679974767 0.010200241571185034
leaf_weight=3070.3317649811506 1560.0244977176189 3844.049193456769 340.13085579872131 800.86394910514355 4148.9507632553577 1230.2656476646662 3664.8956834226847 1573.7381406277418 218.46978577971458 1042.6171660125256 4537.6647611558437 421.50102071464062 407.26414343714714 10778.989914566278
leaf_count=12411 8378 15466 1381 5233 17461 5393 14704 6440 880 4278 18321 1691 1641 43962
internal_value=-3.3138e-05 0.00249876 0.00462318 -0.0375706 -0.00105726 -0.00937626 0.00205458 0.00880038 0.010424 -0.00560358 0.00290934 0.00383463 0.0108838 0.0113776
internal_weight=37639.8 35278.9 29935.7 2360.89 12691.6 5343.21 8542.69 17244 12978.5 4112.95 8202.56 4265.55 12760 12352.7
internal_count=157640 144029 121947 13611 51867 22082 34406 70080 52923 16689 33025 17157 52043 50402
is_linear=0
shrinkage=0.05


Tree=25
num_leaves=15
num_cat=0
split_feature=0 3 0 0 3 0 0 3 5 14 6 10 3 3
split_gain=1353.71 318.408 263.677 116.581 75.3191 70.6044 66.6207 65.908 49.0629 42.7047 46.4936 43.2767 41.1508 40.2607
threshold=49.500000000000007 1758.5000000000002 33.500000000000007 59.500000000000007 1844.5000000000002 30.500000000000004 40.500000000000007 1958.5000000000002 -9.060649999999999 1.0000000180025095e-35 22.257750000000005 48.866750000000003 1876.5000000000002 1922.5000000000002
decision_type=2 2 2 2 2 2 2 2 8 2 10 10 2 2
left_child=1 5 4 13 -3 -1 8 9 -4 11 -11 12 -6 -2
right_child=3 2 6 -5 7 -7 -8 -9 -10 10 -12 -13 -14 -15
leaf_value=-0.0058670618547485894 -0.033706058539804178 0.0026073259301949542 -0.017735575735923971 -0.052720810264821776 0.0049898084919381353 -0.019913639399115626 -0.0078585344720173145 -0.015293079029180293 0.001526712804503142 0.0097352112634934256 -0.001126729332825663 0.018305679779319441 0.012257293894466989 -0.015406546710893157
leaf_weight=2442.3878329992294 1065.8788246065378 6104.4413764625788 328.75295771658421 776.9778224080801 2983.2921203970909 1415.9660855829716 3656.4852718263865 252.50287908315659 6329.8668347448111 2352.289565846324 1678.4444217681885 1838.8661507517099 5827.5793381035328 490.99854935705662
leaf_count=9931 5822 24536 1340 5250 12020 6146 15543 1018 25480 9636 6770 7509 23975 2648
internal_value=-3.31296e-05 0.00241965 0.0040892 -0.0367443 0.00729772 -0.0110981 -0.00245597 0.00920906 0.000525421 0.00965073 0.00522894 0.0113114 0.00981345 -0.0282035
internal_weight=37544.7 35210.9 31352.5 2333.86 21037.4 3858.35 10315.1 14933 6658.62 14680.5 4030.73 10649.7 8810.87 1556.88
internal_count=157624 143904 127827 13720 85464 16077 42363 60928 26820 59910 16406 43504 35995 8470
is_linear=0
shrinkage=0.05


Tree=26
num_leaves=15
num_cat=0
split_feature=0 3 0 0 3 3 8 0 3 0 12 3 3 6
split_gain=1228.61 305.923 269.356 116.636 75.0349 68.3109 69.4146 56.5305 48.7896 39.3226 39.1688 44.828 38.2302 36.9389
threshold=49.500000000000007 1728.5000000000002 37.500000000000007 56.500000000000007 1961.5000000000002 1844.5000000000002 441.13877434123566 34.500000000000007 1892.5000000000002 31.500000000000004 18.0609 1915.5000000000002 1908.5000000000002 54.598350000000003
decision_type=2 2 2 2 2 2 10 2 2 2 8 2 2 10
left_child=1 7 4 -2 5 -3 9 -1 -4 10 12 -12 -7 -13
right_child=3 2 8 -5 -6 6 -8 -9 -10 -11 11 13 -14 -15
leaf_value=-0.010240748084044536 -0.024543690408798721 0.0021043249178957562 -0.010370386540234738 -0.048019744247472178 -0.019948656449770466 0.019626817590980269 -0.0024949015323394667 -0.028209696131497319 -0.0014378749676876492 0.0047900010210974904 0.0068963319635035221 0.018874492400835649 0.0076422147573745186 -0.017995366084655979
leaf_weight=2096.026085704565 1229.4131106138229 8156.2956499904394 3108.4980539083481 1044.5873329788446 264.61089909076691 1819.1797361522913 1540.6157223731279 551.61482799053192 3004.0187264978886 4896.462333008647 7354.3436090797186 1231.0151584297419 1103.1611624658108 56.535813644528389
leaf_count=8600 6469 32844 13102 7198 1069 7435 6208 2495 12487 19769 30123 5087 4499 227
internal_value=-0.000197918 0.00211262 0.0034454 -0.0356523 0.00563326 0.00590709 0.00762585 -0.0141679 -0.00599948 0.00857497 0.0101665 0.00843821 0.0151854 0.0170051
internal_weight=37456.4 35182.4 32534.7 2274 26422.2 26157.6 18001.3 2647.64 6112.52 16460.7 11564.2 8641.89 2922.34 1287.55
internal_count=157612 143945 132850 13667 107261 106192 73348 11095 25589 67140 47371 35437 11934 5314
is_linear=0
shrinkage=0.05


Tree=27
num_leaves=15
num_cat=0
split_feature=0 3 0 0 11 0 6 3 3 3 14 6 0 3
split_gain=1172.46 251.825 191.359 108.491 78.8726 70.4815 57.159 56.2951 52.0947 45.3035 55.0056 56.0387 44.7497 30.2868
threshold=49.500000000000007 1780.5000000000002 31.500000000000004 59.500000000000007 7.9822000000000015 40.500000000000007 51.349850000000011 1891.5000000000002 1957.5000000000002 1870.5000000000002 1.0000000180025095e-35 19.133050000000004 37.500000000000007 1968.5000000000002
decision_type=2 2 2 2 10 2 8 2 2 2 2 10 2 2
left_child=1 4 8 13 12 6 -4 -8 9 -3 -11 -12 -1 -2
right_child=3 2 5 -5 -6 -7 7 -9 -10 10 11 -13 -14 -15
leaf_value=-0.0028362787793657675 -0.028045024634950361 0.004935558294660216 -0.0072390047254723301 -0.050980740985585409 -0.021199616523162546 -0.0066541113548964931 -0.00036493953803526749 0.0082230176527677157 -0.016052007986092534 0.012624265861938738 0.010566034607350304 -0.003627389818441365 -0.017267594150504894 0.0075002707885458847
leaf_weight=3632.762377589941 1441.9101569801569 7674.7298608124256 1482.5749473273754 725.40939790010452 897.78547452390194 3467.7883790582418 4327.1132630705833 3391.3278713673353 213.9863083511591 6585.89815120399 1525.9817676693201 1249.7724627256393 613.07214558124542 54.664413779973984
leaf_count=14797 8092 30922 5999 5236 3838 14756 17401 13712 864 27185 6315 5046 2754 306
internal_value=6.79718e-05 0.00230815 0.00406575 -0.0349872 -0.00789148 -0.000600553 0.00169047 0.00341994 0.00748944 0.00780361 0.0101393 0.00419527 -0.00499126 -0.0266649
internal_weight=37284.8 35062.8 29919.2 2221.98 5143.62 12668.8 9201.02 7718.44 17250.4 17036.4 9361.65 2775.75 4245.83 1496.57
internal_count=157223 143589 122200 13634 21389 51868 37112 31113 70332 69468 38546 11361 17551 8398
is_linear=0
shrinkage=0.05


Tree=28
num_leaves=15
num_cat=0
split_feature=0 3 0 0 3 8 3 14 10 3 0 1 11 0
split_gain=1052.28 220.227 189.452 164.509 63.2766 76.0479 56.6311 60.2154 52.182 49.1926 41.1648 33.7633 32.5742 31.4795
threshold=46.500000000000007 1722.5000000000002 57.500000000000007 30.500000000000004 1855.5000000000002 540.89416137462592 1870.5000000000002 1.0000000180025095e-35 18.178100000000004 1893.5000000000002 25.500000000000004 29.500000000000004 0.26500000000000007 39.500000000000007
decision_type=2 2 2 2 2 10 2 2 10 2 2 2 10 2
left_child=1 10 9 6 -5 13 -3 -8 -9 12 -1 -7 -2 -6
right_child=2 3 -4 4 5 11 7 8 -10 -11 -12 -13 -14 -15
leaf_value=-0.0042412768850382558 -0.021418908185354243 0.0038970078125162783 -0.047488318018571368 -0.0052671709116326945 0.0050283387467822691 -0.018301703779839491 0.012413516414349209 0.010805390274624337 -0.0031969135598163001 -0.012264659531469635 -0.017745024512653577 9.6895117552375619e-06 -0.042292447716836067 -0.0018361201619472836
leaf_weight=966.16481824219227 812.04948054254055 8624.2244036346674 876.99635297060013 4618.806518882513 6638.7934726476669 606.18020588159561 5974.4774320870638 1222.4627531170845 1417.6879702657461 1139.0182280391455 1393.0125095248222 420.93619731068611 280.68538229167461 2217.5692379623652
leaf_count=3964 4238 34751 6461 18890 26867 2474 24722 5066 5750 5750 5946 1723 1511 9162
internal_value=-0.00016636 0.00237854 -0.0279185 0.00347636 -0.000448625 0.0018093 0.00677497 0.00964045 0.00331903 -0.0198749 -0.0122969 -0.0109404 -0.0274444 0.00330926
internal_weight=37209.1 34100.3 3108.75 31741.1 14502.3 9883.48 17238.9 8614.63 2640.15 2231.75 2359.18 1027.12 1092.73 8856.36
internal_count=157275 139315 17960 129405 59116 40226 70289 35538 10816 11499 9910 4197 5749 36029
is_linear=0
shrinkage=0.05


Tree=29
num_leaves=15
num_cat=0
split_feature=1 3 6 3 1 1 1 1 7 12 14 5 3 8
split_gain=660.69 239.747 115.815 107.411 106.581 71.9357 70.724 57.583 47.2144 44.703 41.2623 42.46 36.7102 29.7901
threshold=44.500000000000007 1758.5000000000002 55.847100000000005 1877.5000000000002 53.500000000000007 34.500000000000007 29.500000000000004 29.500000000000004 18.068550000000005 -5.9234999999999989 1.0000000180025095e-35 51.011500000000005 1807.5000000000002 1492.1786247422351
decision_type=2 2 8 2 2 2 2 2 10 10 2 8 2 10
left_child=1 7 10 6 -2 8 -4 9 -5 -1 12 -12 -3 -14
right_child=4 2 3 5 -6 -7 -8 -9 -10 -11 11 -13 13 -15
leaf_value=-0.0029583362909394307 -0.019280646049429435 -0.014346773835521265 0.0036458927546963228 0.010685623337367403 -0.044460656664516901 -0.00048499434855673543 -0.0050188998208932764 -0.022865737639739082 -0.0096855652677139588 -0.015563395346304635 -0.0092539412275243604 0.0059784075855157191 0.0041523349718313443 -0.009739750013532009
leaf_weight=2146.5038812607527 1253.2729942798615 337.76390114426613 9853.5047542303801 9106.3461200743914 665.01941534876823 1950.4697234779596 3073.7930786311626 702.80897754430771 278.7731739282608 1035.5234090536833 2694.3473604768515 535.81717006862164 3120.7665651142597 420.76745323836803
leaf_count=8873 6354 1389 40095 37929 4853 8163 12746 3154 1139 4470 11307 2200 13014 1761
internal_value=4.27889e-05 0.00160437 0.00305685 0.00470049 -0.0283786 0.00824891 0.00158105 -0.0100809 0.0100612 -0.00713197 -0.00254994 -0.00670597 0.000927293 0.0024564
internal_weight=37175.5 35257.2 31372.3 24262.9 1918.29 11335.6 12927.3 3884.84 9385.12 3182.03 7109.46 3230.16 3879.3 3541.53
internal_count=157447 146240 129743 100072 11207 47231 52841 16497 39068 13343 29671 13507 16164 14775
is_linear=0
shrinkage=0.05


Tree=30
num_leaves=15
num_cat=0
split_feature=0 3 0 0 8 3 0 12 3 11 9 12 11 3
split_gain=963.252 212.911 185.92 105.014 55.788 63.9473 44.2567 37.8504 50.2356 36.4792 35.441 35.2185 30.7906 61.7187
threshold=49.500000000000007 1722.5000000000002 35.500000000000007 59.500000000000007 1447.7865968952196 1852.5000000000002 25.500000000000004 -94.363499999999974 1897.5000000000002 18.071350000000006 48.863800000000005 0.83900000000000008 0.10835000000000002 1922.5000000000002
decision_type=2 2 2 2 10 2 2 8 2 10 10 10 8 2
left_child=1 6 4 -2 5 9 -1 -4 11 -3 -6 -9 13 -7
right_child=3 2 7 -5 10 12 -8 8 -10 -11 -12 -13 -14 -15
leaf_value=-0.0039871838698097252 -0.024612423500639292 0.002677028799957998 -0.026249287314752581 -0.049310576616979816 -0.019361709474931064 0.018724261890677382 -0.017880991741623813 -0.004385492337808757 0.0014784736008183232 -0.017845360983678397 0.0024740716067874736 -0.015733457898257749 0.0066528062023452697 -0.0017655597420493216
leaf_weight=965.63429878652096 1455.8987572044134 8634.3139178901911 160.59203344583511 659.14177639782429 350.59782640635967 1411.8846025764942 1443.2686891853809 3695.5612338036299 3442.118654742837 202.32656002044678 364.67600446939468 827.80014161765575 13025.982385888696 490.05645544826984
leaf_count=3969 8460 34782 677 5194 1422 5845 6237 15418 14221 815 1470 3524 53456 1990
internal_value=-9.37978e-05 0.00189325 0.00295545 -0.0326993 0.00512981 0.00554575 -0.0123902 -0.00359132 -0.00306991 0.0021679 -0.00846445 -0.00652235 0.0075397 0.0134814
internal_weight=37129.9 35014.8 32605.9 2115.04 24479.8 23764.6 2408.9 8126.07 7965.48 8836.64 715.274 4523.36 14927.9 1901.94
internal_count=157480 143826 133620 13654 99780 96888 10206 33840 33163 35597 2892 18942 61291 7835
is_linear=0
shrinkage=0.05


Tree=31
num_leaves=15
num_cat=0
split_feature=0 0 3 12 3 11 0 3 6 3 12 9 3 1
split_gain=865.405 220.805 148.951 79.7794 70.6093 64.8461 61.9046 56.6603 50.02 38.8157 37.3536 35.081 34.9924 34.3617
threshold=51.500000000000007 38.500000000000007 1782.5000000000002 -73.584099999999992 1894.5000000000002 1.4434000000000002 59.500000000000007 1879.5000000000002 23.153350000000007 1688.5000000000002 0.58595000000000008 47.687100000000008 1951.5000000000002 28.500000000000004
decision_type=2 2 2 8 2 8 2 2 10 2 10 8 2 2
left_child=1 2 9 -4 10 12 -2 -7 -9 -1 13 -6 -5 -3
right_child=6 4 3 5 11 7 -8 8 -10 -11 -12 -13 -14 -15
leaf_value=-0.012461906751279266 -0.026848806888315424 -0.00093945342485476544 -0.0075551891752205641 0.014162353429209323 -0.013733524469837166 0.0018541636279964851 -0.048054986080974693 0.008935153442544792 0.00081413879902392228 -0.002229140115026926 -0.023050294839096097 0.0011505250355752579 -0.015885676092028136 -0.013405784199849519
leaf_weight=1275.3644561320543 1000.1244283765554 803.68587763607502 1248.8755152821541 2367.2460041940212 459.33311150968075 10663.528385028243 637.42749962955713 8053.6947111338377 2483.6710448265076 3299.1974446922541 645.08119635283947 2260.2169103175402 85.030668705701828 1773.1556465178728
leaf_count=5351 6249 3480 5083 9723 1961 42976 5202 33364 10020 13470 2928 9596 343 7746
internal_value=-0.000272005 0.00137979 0.00315288 0.00467622 -0.00739788 0.00532787 -0.0355837 0.00442899 0.00702619 -0.00512381 -0.0123824 -0.00144531 0.0130004 -0.00955487
internal_weight=37055.6 35418.1 29476.6 24902 5941.47 23653.2 1637.55 21200.9 10537.4 4574.56 3221.92 2719.55 2452.28 2576.84
internal_count=157492 146041 120330 101509 25711 96426 11451 86360 43384 18821 14154 11557 10066 11226
is_linear=0
shrinkage=0.05


Tree=32
num_leaves=15
num_cat=0
split_feature=1 2 3 1 1 3 3 8 11 1 1 5 3 2
split_gain=551.146 198.423 145.708 99.2388 75.1884 72.9493 54.2199 74.4938 42.5969 42.3936 38.1472 37.1139 35.293 57.8222
threshold=46.500000000000007 19.500000000000004 1728.5000000000002 36.500000000000007 59.500000000000007 1963.5000000000002 1844.5000000000002 434.01861912179328 1.4434000000000002 28.500000000000004 28.500000000000004 0.33875000000000005 1957.5000000000002 4.5000000000000009
decision_type=2 10 2 2 2 2 2 10 10 2 2 10 2 10
left_child=1 2 10 5 -2 6 8 -8 -4 11 -1 -3 13 -5
right_child=4 9 3 12 -6 -7 7 -9 -10 -11 -12 -13 -14 -15
leaf_value=-0.006284883366130806 -0.02304164558057345 -0.0053959414929995314 0.0023652307490050245 -0.003495408629896302 -0.050719472358934238 -0.020359789668911599 0.0065918947010782051 -0.0037445989464086255 -0.0071295877816194252 -0.03444720783907039 -0.021426391216532611 -0.024707220302366991 0.019707773286515753 -0.022290475493660512
leaf_weight=1972.2235860973597 1121.4205477312207 703.16199112683535 7171.6242130696774 2581.7161263674498 331.05813667923212 287.93592914938927 17693.158494099975 1920.4697258621454 1393.6236786693335 273.82309032231569 518.50632231682539 378.70680129528046 114.88468084484339 468.94714687764645
leaf_count=8222 6603 3418 28981 10652 2820 1183 72734 7813 5669 1981 2334 1940 546 2408
internal_value=2.12398e-05 0.00126457 0.00201402 0.00293261 -0.0299534 0.00386701 0.00412883 0.00557701 0.00080735 -0.0173545 -0.00958253 -0.0124816 -0.00544165 -0.00651095
internal_weight=36931.3 35478.8 34123.1 31632.4 1452.48 28466.8 28178.9 19613.6 8565.25 1355.69 2490.73 1081.87 3165.55 3050.66
internal_count=157304 147881 140542 129986 9423 116380 115197 80547 34650 7339 10556 5358 13606 13060
is_linear=0
shrinkage=0.05


Tree=33
num_leaves=15
num_cat=0
split_feature=0 0 3 3 0 12 11 11 3 7 3 6 7 3
split_gain=740.281 213.982 120.314 86.4396 64.5183 59.2372 51.0074 45.4849 37.5529 39.5378 34.5236 43.3932 31.3328 30.2933
threshold=51.500000000000007 37.500000000000007 1782.5000000000002 1770.5000000000002 60.500000000000007 -74.004449999999977 6.958050000000001 0.10835000000000002 1879.5000000000002 11.939100000000002 1897.5000000000002 47.498750000000008 2.4444500000000002 1938.5000000000002
decision_type=2 2 2 2 2 8 10 8 2 10 2 8 10 2
left_child=1 2 6 -3 -2 -4 -1 -7 -9 -10 12 -12 -5 -11
right_child=4 3 5 10 -6 7 -8 8 9 13 11 -13 -14 -15
leaf_value=-0.0015810176645592183 -0.025211127001842026 -0.022566563145426141 -0.006434268797753483 -0.0061388706456737517 -0.047695805512753812 0.012106649924080413 -0.015562680519504596 0.002540531023908086 0.0081225594739386831 -0.0053984878127256095 -0.012949841147797245 0.0023696256777084443 -0.021515276524426974 0.0092118011300462207
leaf_weight=3701.049163967371 1031.994117051363 716.18348340690136 1091.7620652318001 2815.6701860129833 533.22953557223082 2266.4980812519789 773.43857039511204 10447.778770655394 8670.2480138540268 1042.6730146259069 549.95625898241997 2426.6895798295736 362.07253438234329 512.66383031010628
leaf_count=15138 6773 3411 4444 12021 4641 9336 3271 42127 35963 4209 2351 10238 1579 2067
internal_value=5.18098e-05 0.00154884 0.00345817 -0.00636006 -0.0333762 0.00485951 -0.00405632 0.00540215 0.00465612 0.0068085 -0.00440713 -0.000528292 -0.00801447 -0.000526893
internal_weight=36941.9 35376.7 28506.1 6870.57 1565.22 24031.6 4474.49 22939.9 20673.4 10225.6 6154.39 2976.65 3177.74 1555.34
internal_count=157569 146155 116555 29600 11414 98146 18409 93702 84366 42239 26189 12589 13600 6276
is_linear=0
shrinkage=0.05


Tree=34
num_leaves=15
num_cat=0
split_feature=0 0 3 3 0 12 3 3 7 7 9 3 0 11
split_gain=732.026 173.557 105.719 70.4553 60.4366 45.0309 52.4831 40.679 42.2117 36.9244 36.0459 29.1064 28.1909 27.2237
threshold=51.500000000000007 36.500000000000007 1722.5000000000002 1692.5000000000002 59.500000000000007 -74.004449999999977 1877.5000000000002 1898.5000000000002 2.4444500000000002 0.79280000000000006 47.498750000000008 1955.5000000000002 29.500000000000004 6.958050000000001
decision_type=2 2 2 2 2 8 2 2 10 10 8 2 2 10
left_child=1 2 13 -3 11 -4 12 8 -5 -8 -9 -2 -7 -1
right_child=4 3 5 7 -6 6 9 10 -10 -11 -12 -13 -14 -15
leaf_value=-0.0047395478314804012 -0.027591380895389164 -0.03095790980694851 -0.0059008401948742774 -0.0056842520650525336 -0.046657889118686569 0.0041095697866535127 0.0085347885927449067 -0.011832727304094799 -0.02106287743663145 0.001512204057646396 0.0021625332335683985 0.0035148600971519556 -0.0006902087275378687 -0.019071391791432295
leaf_weight=1607.8866556882858 881.78864318132401 237.79781293869019 1068.2016169577837 3838.4224846959114 579.79781467467546 8433.4160577654839 8759.692895039916 531.1346942037344 490.64770598709583 2391.4457415044308 2764.8930482566357 77.422367781400681 4786.1325509548187 405.2787262648344
leaf_count=6661 5775 1162 4345 16485 5210 34089 36553 2266 2177 9658 11606 485 19295 1754
internal_value=-0.000161025 0.00131844 0.00319433 -0.00522243 -0.0336909 0.00406855 0.00451 -0.00434095 -0.00751608 0.00703415 -0.000150482 -0.0250601 0.00237339 -0.00778397
internal_weight=36854 35314.9 27452.1 7862.9 1539.01 25438.9 24370.7 7625.1 4329.07 11151.1 3296.03 959.211 13219.5 2013.17
internal_count=157521 146051 112355 33696 11470 103940 99595 32534 18662 46211 13872 6260 53384 8415
is_linear=0
shrinkage=0.05


Tree=35
num_leaves=15
num_cat=0
split_feature=0 0 0 12 9 12 8 9 12 11 2 7 11 5
split_gain=642.735 145.122 101.36 45.4735 59.354 37.8995 32.9313 30.0255 29.4884 28.0648 22.3106 22.1619 21.1822 19.4441
threshold=46.500000000000007 55.500000000000007 33.500000000000007 21.01275 35.20835000000001 0.58595000000000008 1492.1786247422351 48.882450000000006 -95.594699999999975 2.0924 6.5000000000000009 8.0516500000000022 73.558350000000004 -76.699699999999993
decision_type=2 2 2 10 10 10 10 10 8 8 10 8 10 10
left_child=2 -2 3 6 -5 8 9 -8 -4 10 -1 -11 -7 -12
right_child=1 -3 5 4 -6 12 7 -9 -10 11 13 -13 -14 -15
leaf_value=0.011132250127262334 -0.014824713906460991 -0.039261541022483637 -0.020956793959832985 0.01145088289015346 -0.017998733915816419 -0.0094138487443623034 -0.018561393890616625 0.0037851991999061649 -0.00025360976306150815 -0.0039946498250442199 -0.014048455583358758 0.0040314340684518384 0.0097981358970944538 0.0054866780496736055
leaf_weight=2326.6516909599304 1888.4869713932276 909.63331662863493 155.82874539494514 238.86440777778625 498.67989821732044 2037.5645196735859 284.88131645321846 285.40349359810352 7918.1863352060318 886.57025821506977 150.97275315225124 18488.13846001029 138.3192390948534 479.77615028619766
leaf_count=9615 9882 7924 656 976 2027 8561 1159 1151 32563 3600 615 75823 568 1967
internal_value=-4.70122e-05 -0.0229911 0.00185981 0.00365945 -0.00841054 -0.00228984 0.00405514 -0.00762854 -0.000703978 0.00436006 0.0088882 0.00366043 -0.00811444 0.000522794
internal_weight=36688 2798.12 33889.8 23639.9 737.544 10249.9 22902.4 570.285 8074.02 22332.1 2957.4 19374.7 2175.88 630.749
internal_count=157087 17806 139281 96933 3003 42348 93930 2310 33219 91620 12197 79423 9129 2582
is_linear=0
shrinkage=0.05


Tree=36
num_leaves=15
num_cat=0
split_feature=0 0 3 0 11 3 12 11 3 0 6 3 3 3
split_gain=592.814 143.944 91.5321 65.5225 58.3952 58.2362 55.1096 56.7642 31.9124 27.7379 25.1675 32.9561 22.7664 22.4795
threshold=51.500000000000007 39.500000000000007 1812.5000000000002 59.500000000000007 2.0924 1770.5000000000002 -73.584099999999992 0.10835000000000002 1951.5000000000002 30.500000000000004 51.512950000000011 1933.5000000000002 1910.5000000000002 1898.5000000000002
decision_type=2 2 2 2 10 2 8 8 2 2 8 2 2 2
left_child=1 2 4 -2 -1 -3 12 8 -8 -9 11 -7 -4 -12
right_child=3 5 6 -5 -6 10 7 9 -10 -11 13 -13 -14 -15
leaf_value=-0.00023734286437099934 -0.022034241136436296 -0.021858840635866572 0.0033861681799987964 -0.044738627005576952 -0.011770848025525041 -0.019358686311693827 0.013660415895230864 0.0053112522258580933 -0.015265006738184157 0.0015003068587226471 -0.0061175808639952999 -0.00059892584051216523 -0.010701079974531198 0.0018050491913724994
leaf_weight=5616.9655315876007 927.44229626655579 534.02903546392918 417.52518244087696 546.21220282465219 1344.23770865798 560.91867050528526 2029.5821057111025 11918.536864846945 84.005791917443275 7991.9923970997334 2057.9687883704901 394.34367303550243 843.9949908554554 1560.3758354187012
leaf_count=22904 6239 2628 1700 5236 5645 2479 8409 49077 339 32375 9012 1715 3448 6692
internal_value=-8.12085e-05 0.00122165 0.00253344 -0.030936 -0.00249185 -0.00652619 0.00403659 0.0046198 0.0123784 0.0037846 -0.00464852 -0.0117855 -0.00605854 -0.00270988
internal_weight=36828.1 35354.5 30246.8 1473.65 6961.2 5107.64 23285.6 22024.1 2113.59 19910.5 4573.61 955.262 1261.52 3618.34
internal_count=157898 146423 123897 11475 28549 22526 95348 90200 8748 81452 19898 4194 5148 15704
is_linear=0
shrinkage=0.05


Tree=37
num_leaves=15
num_cat=0
split_feature=0 0 3 0 3 11 3 3 6 7 3 1 10 12
split_gain=578.355 131.951 100.891 63.9971 62.3895 56.9788 52.7515 34.0733 32.8848 32.7369 27.7265 26.395 25.2649 41.9712
threshold=51.500000000000007 36.500000000000007 1842.5000000000002 60.500000000000007 1692.5000000000002 9.9302500000000027 1958.5000000000002 1882.5000000000002 48.856900000000003 -0.14704999999999999 1955.5000000000002 42.500000000000007 51.002100000000006 17.747350000000004
decision_type=2 2 2 2 2 10 2 2 8 10 2 2 10 10
left_child=1 2 5 10 -3 -1 12 9 -9 11 -2 -6 -4 -14
right_child=3 4 6 -5 7 -7 -8 8 -10 -11 -12 -13 13 -15
leaf_value=0.00025410874153552354 -0.025144670149996676 -0.029128138098313383 0.0047815455357318667 -0.046119629544523727 -0.0030637374844308778 -0.011842354353932896 -0.013961969109914655 -0.0096421459427223407 0.0017191766550392407 -0.019174578639483585 0.0047923997708337242 -0.01558203064663977 0.012274473026903791 -0.0071432852250146953
leaf_weight=8692.079224601388 894.59914916753769 227.19726637005806 14682.711252883077 464.52292069792747 2519.2227723300457 1076.1759975999594 332.7211192548275 767.85693430900574 3305.1823175251484 472.70515051484108 78.111952856183052 489.71488258242607 2388.4462692886591 301.47436328232288
leaf_count=35259 6284 1137 60488 4626 10742 4466 1350 3298 13866 2130 518 2302 9868 1218
internal_value=7.49781e-05 0.00135011 0.00297798 -0.0307934 -0.00438994 -0.00110004 0.00522658 -0.00357102 -0.00045933 -0.00718786 -0.0226925 -0.00519057 0.00560972 0.0100616
internal_weight=36692.7 35255.5 27473.6 1437.23 7781.88 9768.26 17705.4 7554.68 4073.04 3481.64 972.711 3008.94 17372.6 2689.92
internal_count=157552 146124 112649 11428 33475 39725 72924 32338 17164 15174 6802 13044 71574 11086
is_linear=0
shrinkage=0.05


Tree=38
num_leaves=15
num_cat=0
split_feature=0 0 0 8 0 5 12 2 4 4 5 12 0 12
split_gain=524.377 121.582 63.5893 42.2196 33.3963 26.2123 23.8045 21.6446 26.0243 20.4269 16.938 15.223 13.6048 13.5781
threshold=51.500000000000007 38.500000000000007 60.500000000000007 420.38141151839449 30.500000000000004 21.558050000000005 0.58595000000000008 6.5000000000000009 51.507100000000001 19.025700000000004 2.8864000000000005 -0.12744999999999998 23.500000000000004 -104.63054999999999
decision_type=2 2 2 10 2 10 10 10 10 10 10 10 2 10
left_child=1 3 10 4 5 12 11 13 -9 -7 -2 -3 -1 -5
right_child=2 6 -4 7 -6 9 -8 8 -10 -11 -12 -13 -14 -15
leaf_value=0.0020004580261882908 -0.017056900915017686 -0.0040413365626900139 -0.045142933909051094 -0.015162978291703343 0.0006180029906234577 0.013106680437751829 -0.011339795446768459 -0.016847243026439262 0.0032268787263473515 -0.013615058949820373 -0.033768329333018314 0.019207229558264219 0.0053409914831896972 0.001210938087056165
leaf_weight=4006.9627694785595 724.12265345454216 4500.7401646822691 456.37701967358589 121.35046212375164 9727.9827872216702 73.537465423345566 1305.66793371737 532.90258158743382 220.00892236828804 319.27534571290016 225.28603468090296 52.044705703854561 13172.449734941125 1195.9230078011751
leaf_count=16415 5148 19575 4711 497 39710 303 5868 2175 894 1299 1584 225 54319 4839
internal_value=-6.71949e-05 0.00113528 -0.0297944 0.00244761 0.00297024 0.00427025 -0.00542981 -0.00440693 -0.0110497 -0.00821992 -0.0216372 -0.00369273 0.00456507 -0.000501682
internal_weight=36634.6 35228.8 1405.79 29370.4 27300.2 17572.2 5858.45 2070.18 752.912 392.813 949.409 4552.78 17179.4 1317.27
internal_count=157562 146119 11443 120451 112046 72336 25668 8405 3069 1602 6732 19800 70734 5336
is_linear=0
shrinkage=0.05


Tree=39
num_leaves=15
num_cat=0
split_feature=0 0 3 3 6 1 3 0 3 6 3 5 4 8
split_gain=453.041 137.146 100.348 59.8348 45.9187 54.6576 52.0575 41.1807 37.1562 34.951 26.0615 24.7433 32.3098 38.183
threshold=53.500000000000007 30.500000000000004 1728.5000000000002 1809.5000000000002 51.349850000000011 42.500000000000007 1857.5000000000002 60.500000000000007 1954.5000000000002 59.655950000000011 1932.5000000000002 19.935250000000003 51.533600000000007 1492.1786247422351
decision_type=2 2 2 2 8 2 2 2 2 8 2 10 10 10
left_child=1 3 -3 9 -4 6 -6 8 -2 -1 -7 12 13 -5
right_child=7 2 4 11 5 10 -8 -9 -10 -11 -12 -13 -14 -15
leaf_value=-0.011152743866784234 -0.02656802638226682 -0.018598253667573273 -0.007781356694004685 0.0052903295459592664 -0.0038127977355713171 -0.013115618073917546 0.003020312628987879 -0.044065485392260934 0.011892990658774276 0.00057065483238282822 0.0065251681306757936 -0.0047375574033123998 0.013421158989494385 -0.013063839683493056
leaf_weight=738.38248936831951 554.35219825804234 911.49360439181328 2583.4222701489925 11955.703337952495 4359.0275328755379 1102.7029567211866 7649.26734341681 444.49975138902664 59.059481658041477 3921.7533817440271 186.2377473115921 584.67509584128857 1202.1184089779854 271.69863370060921
leaf_count=3046 4392 4278 10951 49467 18073 5234 31525 4755 434 15905 873 2368 4947 1103
internal_value=-0.000339538 0.000630644 -0.00264655 0.00357721 -0.00170874 -0.000519024 0.000537669 -0.0322731 -0.0226064 -0.0013266 -0.0102214 0.00520744 0.00564682 0.00486182
internal_weight=36524.4 35466.5 16792.2 18674.3 15880.7 13297.2 12008.3 1057.91 613.412 4660.14 1288.94 14014.2 13429.5 12227.4
internal_count=157351 147770 70934 76836 66656 55705 49598 9581 4826 18951 6107 57885 55517 50570
is_linear=0
shrinkage=0.05


Tree=40
num_leaves=15
num_cat=0
split_feature=0 0 0 0 6 12 9 1 2 1 10 6 8 11
split_gain=449.579 109.676 60.3682 45.9348 31.5828 23.0572 49.0372 27.1584 20.2251 18.992 14.7384 17.8566 17.8615 15.32
threshold=51.500000000000007 30.500000000000004 60.500000000000007 41.500000000000007 55.676650000000002 21.01275 35.20835000000001 9.5000000000000018 31.500000000000004 19.500000000000004 51.459050000000012 50.686100000000003 6655.9052632384737 16.049350000000004
decision_type=2 2 2 2 8 10 10 2 8 2 10 10 8 10
left_child=1 5 -2 4 8 7 -7 -1 -3 -9 11 13 -13 -11
right_child=2 3 -4 -5 -6 6 -8 9 -10 10 -12 12 -14 -15
leaf_value=0.033999209584397339 -0.020325495636903085 -0.006527963709137552 -0.043762375765397717 -0.0069694951143364813 0.00068494334628929035 0.013406783921070038 -0.015813967236198861 -3.862014155811761e-05 0.0088808450890764945 0.0038516044964975963 0.0084982673260411198 -0.012155873902796996 0.0092589075294240552 0.013889316917991829
leaf_weight=54.770680695772171 932.09911818057299 2594.9060774445534 425.05875995010138 3660.9122237116098 10014.61163200438 199.95853188633919 400.2128783762455 2812.5650075823069 214.62117840349674 12500.017872929573 1938.3331864327192 309.75449295341969 121.20719784498215 375.68780089914799
leaf_count=223 6768 10651 4708 16615 40990 820 1628 11473 885 51566 8051 1260 500 1524
internal_value=-0.000169521 0.000926484 -0.0281948 -0.00204588 -0.000631668 0.00354442 -0.00596012 0.00386559 -0.00529642 0.00373668 0.00443232 0.00382819 -0.00598949 0.00416557
internal_weight=36554.7 35197.6 1357.16 16485.1 12824.1 18712.5 600.171 18112.3 2809.53 18057.6 15245 13306.7 430.962 12875.7
internal_count=157662 146186 11476 69141 52526 77045 2448 74597 11536 74374 62901 54850 1760 53090
is_linear=0
shrinkage=0.05


Tree=41
num_leaves=15
num_cat=0
split_feature=0 0 0 8 11 1 14 0 2 11 1 9 1 6
split_gain=424.219 133.249 36.1616 36.1117 29.8849 24.5238 24.2917 22.5118 18.2061 16.4856 15.6918 15.6284 14.6018 15.5286
threshold=53.500000000000007 40.500000000000007 60.500000000000007 101.11467674896382 2.4210000000000007 9.5000000000000018 1.0000000180025095e-35 30.500000000000004 2.5000000000000004 2.2683500000000003 42.500000000000007 41.882600000000004 20.500000000000004 55.953500000000005
decision_type=2 2 2 10 10 2 2 2 8 8 2 10 2 10
left_child=1 3 -2 5 8 -1 12 9 -3 11 -10 -7 -5 -14
right_child=2 4 -4 6 -6 7 -8 -9 10 -11 -12 -13 13 -15
leaf_value=0.030245006222104315 -0.022461382212824486 -0.021217747693605436 -0.043302722608369426 -0.0052631289798077859 -0.014093802778869669 -0.0016589142403733406 -0.0062359978647773843 0.000870251415909094 -0.0012514026125494836 0.003278731212912383 -0.0082741112309256837 0.010274439998083302 0.0018478551935602789 0.015745679836710661
leaf_weight=61.337745502591133 592.75084182620049 139.62735821306705 412.3355954438448 562.01967956125736 1096.6924307495356 325.3916881531477 1957.3824073374271 10227.967739373446 2155.4815185368061 14491.075354218483 1248.9044443964958 1570.9080577343702 1292.9821973890066 219.65577237308025
leaf_count=250 4813 626 4730 2299 5191 1340 7974 41832 9541 59717 5988 6592 5255 893
internal_value=1.93314e-05 0.000938316 -0.0316896 0.00213268 -0.00694033 0.00279919 -0.00226909 0.00271327 -0.00466003 0.00386111 -0.00386097 0.00823082 0.00149738 0.00404515
internal_weight=36354.5 35349.4 1005.09 30708.7 4640.71 26676.7 4032.04 26615.3 3544.01 16387.4 3404.39 1896.3 2074.66 1512.64
internal_count=157041 147498 9543 126152 21346 109731 16421 109481 16155 67649 15529 7932 8447 6148
is_linear=0
shrinkage=0.05


Tree=42
num_leaves=15
num_cat=0
split_feature=1 3 1 2 1 3 3 9 8 2 3 7 3 5
split_gain=263.194 110.99 69.8747 59.3811 45.2985 66.2493 59.5042 39.883 38.6132 35.5187 34.8324 32.5791 35.6396 34.5843
threshold=45.500000000000007 1722.5000000000002 60.500000000000007 24.500000000000004 30.500000000000004 1963.5000000000002 1891.5000000000002 50.927350000000011 1167.6176734918988 4.5000000000000009 1878.5000000000002 49.119450000000008 1919.5000000000002 21.558050000000005
decision_type=2 2 2 10 2 2 2 10 10 10 2 8 2 10
left_child=1 7 -2 4 5 8 9 -1 10 -6 -3 13 -13 -12
right_child=2 3 -4 -5 6 -7 -8 -9 -10 -11 11 12 -14 -15
leaf_value=-0.0056347734533794564 -0.015767128090086388 0.0019577971631051442 -0.04640617198648541 -0.016050744847198161 -0.0035394874569275856 -0.023357253498449391 0.0029379410100740574 -0.020553718119334902 -0.0065406372522849076 -0.016210369847899208 0.0032281984265067733 0.0063639675887011207 0.017038470390817278 -0.015297834603042321
leaf_weight=1805.0231793895364 1198.3407097160816 13034.528101012111 212.61429909616709 445.97190486639738 3266.1896321475506 216.34480994939804 3990.0653211846948 587.73249091207981 947.41088373959064 650.85724923759699 2848.5327658951283 6032.8233576118946 891.96327210962772 256.34869438409805
leaf_count=7759 7669 53078 2571 3198 13392 895 17016 2706 3894 3235 11686 25481 3766 1040
internal_value=4.99384e-05 0.000909375 -0.0209681 0.00167471 0.00193053 0.00300237 -0.00135294 -0.00943931 0.00325911 -0.00571654 0.00366698 0.0058799 0.00778403 0.00161051
internal_weight=36384.7 34973.8 1410.96 32581 32135.1 24228 7907.11 2392.76 24011.6 3917.05 23064.2 10029.7 6924.79 3104.88
internal_count=157386 147146 10240 136681 133483 99840 33643 10465 98945 16627 95051 41973 29247 12726
is_linear=0
shrinkage=0.05


Tree=43
num_leaves=15
num_cat=0
split_feature=0 3 0 0 0 3 7 3 11 11 3 3 3 3
split_gain=359.556 97.4497 82.8762 48.0575 40.2603 39.1546 54.8737 33.9558 32.4161 28.4852 22.1151 23.9192 21.7726 31.0386
threshold=49.500000000000007 1722.5000000000002 59.500000000000007 29.500000000000004 25.500000000000004 1891.5000000000002 116.86580000000002 1922.5000000000002 2.3445000000000005 -71.409199999999984 1957.5000000000002 1869.5000000000002 1928.5000000000002 1908.5000000000002
decision_type=2 2 2 2 2 2 8 2 10 10 2 2 2 2
left_child=1 4 7 10 -1 -5 9 8 -2 -7 11 -3 13 -11
right_child=2 3 -4 5 -6 6 -8 -9 -10 12 -12 -13 -14 -15
leaf_value=-0.00089073767857308819 -0.014976365875047769 0.001943887607998563 -0.041065016012528717 -0.002309163465461729 -0.014194024759137454 -0.013964002342548002 0.0057355838356808681 -0.0034460282072181665 -0.038272303085429005 0.0041365593607316301 -0.013269064679782269 0.0059405739867157701 0.0039283161028433721 -0.012359240242493068
leaf_weight=955.58996553719044 656.89050967246294 7615.5017427951097 433.28163892775774 9432.9248805642128 1395.1216514855623 471.87332694232464 4817.3956643939018 405.52054224163294 198.94170849025249 470.89610695838928 170.46381765604019 7398.7469263225794 1207.0514422208071 673.55907855927944
leaf_count=3952 4407 30832 5201 39099 6222 1985 20005 2619 1391 1938 693 31071 4989 2779
internal_value=-0.000160724 0.000945997 -0.0225104 0.00166409 -0.00883923 -0.000156349 0.0025005 -0.0155953 -0.0211419 -0.00302088 0.00370851 0.00391866 -0.000725698 -0.00561743
internal_weight=36303.8 34609.1 1694.63 32258.4 2350.71 17073.7 7640.78 1261.35 855.832 2823.38 15184.7 15014.2 2351.51 1144.46
internal_count=157183 143565 13618 133391 10174 70795 31696 8417 5798 11691 62596 61903 9706 4717
is_linear=0
shrinkage=0.05


Tree=44
num_leaves=15
num_cat=0
split_feature=0 3 0 0 3 6 12 0 3 14 6 3 1 5
split_gain=346.278 90.6952 70.9922 35.2775 35.1375 38.4188 34.592 33.8725 30.5042 40.4247 32.6338 30.4393 29.645 25.2864
threshold=53.500000000000007 1722.5000000000002 31.500000000000004 60.500000000000007 1895.5000000000002 51.507250000000006 -90.996849999999981 25.500000000000004 1869.5000000000002 1.0000000180025095e-35 22.257750000000005 1956.5000000000002 28.500000000000004 -73.569499999999991
decision_type=2 2 2 2 2 8 8 2 2 2 10 2 2 10
left_child=1 7 8 11 5 -4 -6 -1 -3 13 -11 -2 -7 -10
right_child=3 2 4 -5 6 12 -8 -9 9 10 -12 -13 -14 -15
leaf_value=-0.0012391540702086441 -0.024153477386384899 0.0015162367840081603 -0.013158821768038401 -0.041739230359175872 -0.015294675425337259 0.0017750145440305455 0.0025252659630169015 -0.013344659124854051 0.0060055559858161259 0.0056573053976829175 -0.0048472948255994025 0.01224960622496086 -0.004746219300523831 0.013450496878178437
leaf_weight=970.55701343715191 525.55705279111862 9255.4617242664099 859.9512150734663 367.22526065260172 265.62487836182117 2937.2691825628281 5919.18734793365 1424.5434895455837 5109.3725909888744 1529.8894338309765 1394.0287694633007 52.001749068498611 4235.4208420366049 1482.2355166971684
leaf_count=4014 4469 37454 3728 4629 1155 12244 24930 6450 21620 6469 5661 391 18051 6175
internal_value=5.85652e-05 0.000863934 0.00154781 -0.0294963 -0.0011166 -0.00329421 0.0017131 -0.00849008 0.00356492 0.00555025 0.000650148 -0.0205756 -0.00207822 0.0077153
internal_weight=36328.3 35383.5 32988.4 944.784 14217.5 8032.64 6184.81 2395.1 18771 9515.53 2923.92 577.559 7172.69 6591.61
internal_count=157440 147951 137487 9489 60108 34023 26085 10464 77379 39925 12130 4860 30295 27795
is_linear=0
shrinkage=0.05


Tree=45
num_leaves=15
num_cat=0
split_feature=0 3 0 11 0 6 1 3 12 12 14 3 1 3
split_gain=322.247 89.5723 63.403 49.228 32.7726 32.6244 38.2867 30.1282 39.4255 38.4375 29.5166 24.1624 21.6991 26.5591
threshold=53.500000000000007 1782.5000000000002 30.500000000000004 -1.1439499999999998 59.500000000000007 55.676650000000002 37.500000000000007 1928.5000000000002 1.6084500000000002 -90.996849999999981 1.0000000180025095e-35 1955.5000000000002 28.500000000000004 1963.5000000000002
decision_type=2 2 2 10 2 8 2 2 10 10 2 2 2 2
left_child=1 3 -3 10 11 7 -7 8 -4 -9 -1 -2 13 -11
right_child=4 2 5 -5 -6 6 -8 9 -10 12 -12 -13 -14 -15
leaf_value=-0.0053551996057362378 -0.022777632993800957 0.0039716243800580189 -0.0010819664179547951 -0.013384540595129835 -0.039666462825362958 0.0022682214865642671 -0.0047476196729377036 -0.018156127483750017 -0.014601263511373653 0.0017850274557016856 0.0039727875318595124 0.010635672830384343 0.010110201819838216 -0.028155662399103339
leaf_weight=2674.3906281590462 471.49101284146309 15344.688460320234 994.90241084992886 1377.1792179048061 405.59363836050034 8698.7585792839527 2483.1435987651348 201.03739921748638 1166.5032084137201 407.58514621853828 1220.4762106239796 49.088221713900566 690.07844243943691 69.983828246593475
leaf_count=11240 3972 63522 4200 6145 5202 35805 10992 879 4948 1696 5143 354 2953 294
internal_value=-0.000100774 0.000670079 0.00172519 -0.00532903 -0.0288975 -0.000620071 0.000704532 -0.00479621 -0.00844526 0.00100494 -0.00242686 -0.01935 0.00455416 -0.0035579
internal_weight=36254.9 35328.7 30056.7 5272.05 926.173 14712 11181.9 3530.09 2161.41 1368.68 3894.87 520.579 1167.65 477.569
internal_count=157345 147817 125289 22528 9528 61767 46797 14970 9148 5822 16383 4326 4943 1990
is_linear=0
shrinkage=0.05


Tree=46
num_leaves=15
num_cat=0
split_feature=1 3 1 1 3 8 3 12 11 5 5 9 12 3
split_gain=215.883 82.0276 52.3311 40.2707 33.6104 46.6262 32.4076 30.8938 29.2528 21.0592 20.0806 18.8818 19.3311 21.7262
threshold=48.500000000000007 1709.5000000000002 37.500000000000007 60.500000000000007 1844.5000000000002 434.01861912179328 1942.5000000000002 5.336100000000001 6.958050000000001 96.892900000000012 2.3523000000000001 47.845500000000008 10.000550000000002 1927.5000000000002
decision_type=2 2 2 2 2 10 2 10 10 10 10 10 10 2
left_child=1 8 4 -2 7 -6 10 -3 -1 11 -4 -7 -13 -14
right_child=3 2 6 -5 5 9 -8 -9 -10 -11 -12 12 13 -15
leaf_value=-0.0060611364655428178 -0.017978453136527441 0.00027914563361707424 -0.0054695627581059243 -0.044650515918441096 0.0035622319984892634 -0.011022023427232751 0.012487760241911873 -0.0080490599012659706 -0.020662179645708656 0.017126549253588131 -0.020583124519965048 0.002478729857362456 -0.02007125299992844 0.0031889085281261338
leaf_weight=1536.4685074016452 701.5165664255619 8410.7677374631166 2487.5781253576279 181.99479024857283 18594.755640156567 813.66057629138231 216.61239616572857 1263.2658725529909 433.75581125915051 92.602060198783875 225.82610263675451 943.38861910253763 222.00717476010323 163.31709306687117
leaf_count=6680 5213 34619 11171 2532 78128 3464 1175 5424 2080 386 1248 3987 923 682
internal_value=-0.000204682 0.000411004 0.000997465 -0.0243394 0.00161151 0.00274177 -0.00536284 -0.00082274 -0.00945097 -0.00405546 -0.00686881 -0.00512097 -0.0013975 -0.0105417
internal_weight=36287.5 35404 33433.8 883.511 30503.8 20829.7 2930.02 9674.03 1970.22 2234.98 2713.4 2142.37 1328.71 385.324
internal_count=157712 149967 141207 7745 127613 87570 13594 40043 8760 9442 12419 9056 5592 1605
is_linear=0
shrinkage=0.05


Tree=47
num_leaves=15
num_cat=0
split_feature=0 0 3 3 3 14 3 14 5 8 1 3 5 1
split_gain=269.719 87.4913 58.6602 49.7959 43.0147 33.2845 32.5886 44.003 34.7058 25.6413 25.4265 25.3537 23.5952 22.977
threshold=55.500000000000007 42.500000000000007 1756.5000000000002 1963.5000000000002 1760.5000000000002 1.0000000180025095e-35 1880.5000000000002 1.0000000180025095e-35 51.011500000000005 1293.8422012931103 10.500000000000002 1969.5000000000002 -1.0679999999999998 21.500000000000004
decision_type=2 2 2 2 2 2 2 2 8 8 2 2 8 2
left_child=1 2 5 6 -3 -1 10 -8 13 -7 -4 -2 -12 -9
right_child=11 4 3 -5 -6 9 7 8 -10 -11 12 -13 -14 -15
leaf_value=-0.0082199488962347838 -0.033426456158089486 -0.024687558716161805 0.030297842873152653 -0.01896629825095849 -0.0052101159638873532 -0.021436532416562674 0.00596319985690082 -0.013563508003799999 0.0046069197310194543 0.004584404663270006 0.0081116705645284028 0.0045947300253739781 -5.6024202417126244e-05 -0.0016256304646229611
leaf_weight=2329.6170683652163 632.41632528603077 293.3263873308897 51.812020018696785 259.38946388661861 3258.1982028335333 84.301146224141121 9244.6606717556715 500.80361823737621 2035.4154578596354 1023.470577865839 925.24496871232986 42.165854826569557 13694.153536945581 1814.4850216507912
leaf_count=9907 7426 1665 210 1068 15990 382 38631 2046 8510 4314 3787 486 55587 7422
internal_value=-0.000128621 0.000474605 0.00130318 0.00204743 -0.00694803 -0.00484929 0.00225354 0.00401532 -0.000132012 0.00225918 0.000617712 -0.030986 0.000471276 -0.00430187
internal_weight=36189.5 35514.9 31963.4 28526 3551.52 3437.39 28266.6 13595.4 4350.7 1107.77 14671.2 674.582 14619.4 2315.29
internal_count=157431 149519 131864 117261 17655 14603 116193 56609 17978 4696 59584 7912 59374 9468
is_linear=0
shrinkage=0.05


Tree=48
num_leaves=15
num_cat=0
split_feature=0 3 0 3 8 0 3 0 3 5 1 10 3 1
split_gain=266.273 84.9653 66.1328 41.2646 33.7396 31.642 29.7286 29.52 27.0658 37.2916 33.7585 26.9293 32.3153 25.3875
threshold=53.500000000000007 1692.5000000000002 40.500000000000007 1963.5000000000002 660.01425074639258 33.500000000000007 1858.5000000000002 59.500000000000007 1894.5000000000002 3.1553000000000004 29.500000000000004 51.387650000000008 1908.5000000000002 22.500000000000004
decision_type=2 2 2 2 10 2 2 2 2 10 2 10 2 2
left_child=1 5 3 6 7 -1 -3 -2 9 10 -4 -8 -13 -14
right_child=4 2 8 -5 -6 -7 11 -9 -10 -11 -12 12 13 -15
leaf_value=-0.0069323927881751431 -0.020105331948117831 0.00026762660217341262 0.0042010588246522386 -0.017790301487176832 0.0025526687081911716 -0.024475441917543209 0.0026993102395311028 -0.041157591769445827 -0.00052287501144127773 -0.02276776264167699 -0.0098987115244233408 0.013413607906067562 -0.011274232558688202 0.0061735884623573024
leaf_weight=1193.8940829783678 453.49084486812353 12012.154334828258 609.4228124320507 241.29458509385586 84.940075002610683 318.44119054079056 14721.525492653251 345.03024119883776 2173.5906763523817 355.56715278327465 1312.1591667830944 1363.3183293938637 259.61217817664146 802.77911718189716
leaf_count=5041 3945 48844 2783 994 849 1648 61070 4800 9769 1813 6206 5687 1072 3307
internal_value=-6.5308e-05 0.000619127 0.00113977 0.00200016 -0.0268695 -0.0108975 0.002176 -0.0299851 -0.00452726 -0.00831171 -0.00542981 0.00351101 0.00837482 0.0017804
internal_weight=36247.2 35363.8 33851.4 29400.7 883.461 1512.34 29159.4 798.521 4450.74 2277.15 1921.58 17147.2 2425.71 1062.39
internal_count=157828 148234 141545 120974 9594 6689 119980 8745 20571 10802 8989 71136 10066 4379
is_linear=0
shrinkage=0.05


Tree=49
num_leaves=15
num_cat=0
split_feature=0 0 3 3 3 3 0 0 0 11 3 12 7 3
split_gain=244.063 78.4588 48.9846 41.3182 33.2643 31.3912 24.7478 24.1155 22.9316 22.6587 29.891 22.554 21.4335 28.0156
threshold=54.500000000000007 42.500000000000007 1722.5000000000002 1790.5000000000002 1968.5000000000002 1975.5000000000002 29.500000000000004 60.500000000000007 64.500000000000014 -72.87309999999998 1892.5000000000002 -1.0010499999999998 1.3829 1944.5000000000002
decision_type=2 2 2 2 2 2 2 2 2 8 2 8 10 2
left_child=1 2 -1 -3 7 6 -4 -2 -6 -8 11 -11 -12 -14
right_child=4 3 5 -5 8 -7 9 -9 -10 10 12 -13 13 -15
leaf_value=-0.0059164199383502768 -0.020933806595059425 -0.020489571338214028 0.0032751046704109655 -0.0044776812643689866 0.029356403760419321 -0.031800723475982423 -0.010110850818235442 -0.041650889038570164 -0.022324600605261494 0.0075902376390239784 0.0051983684378028592 -0.001941519640692696 -0.0062384102558285023 0.0093128191433025052
leaf_weight=2198.4238044321537 409.62673357874155 450.23770275712013 15171.946134880185 2972.0430796891451 30.404225632548332 49.468483746051788 476.31382639706135 298.32407560944557 18.791593737900257 655.80103881657124 4422.3883395493031 7624.2440022826195 1009.8333114534616 383.47764664888382
leaf_count=9489 3883 2483 62745 14339 277 205 1978 4370 271 2683 18233 31116 4097 1560
internal_value=-0.000125829 0.00048215 0.00125319 -0.00669102 -0.0278436 0.00178584 0.00186303 -0.0305683 0.00886874 0.000390353 0.000759025 -0.00117011 0.00350021 -0.00188706
internal_weight=36171.3 35414.2 31991.9 3422.28 757.147 29793.5 29744 707.951 49.1958 14572.1 14095.7 8280.05 5815.7 1393.31
internal_count=157729 148928 132106 16822 8801 122617 122412 8253 548 59667 57689 33799 23890 5657
is_linear=0
shrinkage=0.05


Tree=50
num_leaves=15
num_cat=0
split_feature=0 0 3 3 3 12 12 3 12 11 3 10 3 2
split_gain=228.599 68.015 48.3194 48.4367 38.0128 31.7173 30.2017 28.239 25.7406 31.4011 25.2317 32.727 22.7738 22.5396
threshold=54.500000000000007 42.500000000000007 1844.5000000000002 1964.5000000000002 1894.5000000000002 0.58595000000000008 5.336100000000001 1968.5000000000002 -74.004449999999977 0.10835000000000002 1918.5000000000002 47.3718 1909.5000000000002 21.500000000000004
decision_type=2 2 2 2 2 10 10 2 8 8 2 10 2 10
left_child=1 2 6 8 5 13 -1 -2 12 -10 -11 -12 -4 -3
right_child=7 4 3 -5 -6 -7 -8 -9 9 10 11 -13 -14 -15
leaf_value=-0.00023501679004276702 -0.029829801811292411 -0.010526084463776602 0.0064520247374117521 -0.018873294169358311 -0.00064263827584858362 -0.024162324647531108 -0.0077520039920176455 0.0070461370320511378 0.009692473041561591 0.0019182265708856995 0.010397515935902451 -9.0119695422596322e-05 -0.0086323269210669528 0.0056284445415023176
leaf_weight=9811.2020896524191 681.57255310192704 1133.2218230068684 340.99477866292 234.92267689108849 1674.2720154225826 355.24138137698174 1527.1765176802874 48.676821067929268 1837.9478284865618 14082.730273768306 2139.2284701168537 1134.280470341444 811.31968161463737 252.20938054472208
leaf_count=40140 8149 5631 1399 973 7923 1970 6495 539 7735 58283 8883 4605 3346 1306
internal_value=6.20269e-05 0.000641558 0.0013602 0.00280314 -0.00604444 -0.0111739 -0.00125935 -0.0272494 0.0030717 0.00350819 0.00284289 0.00678504 -0.00413462 -0.007547
internal_weight=36065 35334.7 31919.8 20581.4 3414.94 1740.67 11338.4 730.249 20346.5 19194.2 17356.2 3273.51 1152.31 1385.43
internal_count=157377 148689 131859 85224 16830 8907 46635 8688 84251 79506 71771 13488 4745 6937
is_linear=0
shrinkage=0.05


Tree=51
num_leaves=15
num_cat=0
split_feature=0 0 3 3 11 8 3 14 6 1 0 0 1 2
split_gain=204.17 68.8652 48.6363 36.2018 39.2507 28.3853 27.2402 38.7197 33.346 26.8415 22.019 19.3873 18.7823 19.8311
threshold=54.500000000000007 41.500000000000007 1688.5000000000002 1896.5000000000002 2.3523000000000001 660.01425074639258 1872.5000000000002 1.0000000180025095e-35 19.133050000000004 29.500000000000004 33.500000000000007 60.500000000000007 23.500000000000004 1.5000000000000002
decision_type=2 2 2 2 10 10 2 2 10 2 2 2 2 10
left_child=1 2 -1 4 9 11 10 -8 -9 -3 -4 -2 -10 -14
right_child=5 3 6 -5 -6 -7 7 8 12 -11 -12 -13 13 -15
leaf_value=-0.0080941174687824587 -0.019907356911064641 0.0028941625268474082 0.0012058049731424412 -0.00062264487328696336 -0.023361125951306034 0.0038115181669053696 0.0049213764289823478 0.0037019321407333258 -0.010084185480114553 -0.010668842016777509 -0.0034484800829001068 -0.039497509865716117 0.0083621301780276453 -0.0045482433912009063
leaf_weight=1300.448092982173 374.03426756709814 515.75854836404324 11677.483846470714 1903.6982961073518 426.18416053801775 67.468476850539446 10342.812336862087 2343.7323780208826 939.25375701487064 1169.3374792411923 3226.471751973033 277.01788326725364 387.87702937424183 1080.4812624305487
leaf_count=5651 3676 2446 47385 8856 2318 743 43271 9829 3824 5806 13327 4316 1584 4420
internal_value=-3.60093e-05 0.000507848 0.00129966 -0.00564053 -0.0101168 -0.0260551 0.00171201 0.00320771 -0.000527619 -0.00653235 0.000194954 -0.0291716 -0.00464153 -0.00107134
internal_weight=36032.1 35313.5 31298.6 4014.98 2111.28 718.521 29998.1 15094.2 4751.34 1685.1 14904 651.052 2407.61 1468.36
internal_count=157452 148717 129291 19426 10570 8735 123640 62928 19657 8252 60712 7992 9828 6004
is_linear=0
shrinkage=0.05


Tree=52
num_leaves=15
num_cat=0
split_feature=0 0 0 6 0 5 2 0 7 2 4 1 11 4
split_gain=209.981 50.0678 47.6267 26.1841 24.4114 23.5145 20.4249 19.6508 19.2902 17.112 19.1336 16.6999 17.4329 21.5697
threshold=51.500000000000007 60.500000000000007 29.500000000000004 55.676650000000002 13.500000000000002 116.42875000000002 33.500000000000007 22.500000000000004 19.695850000000004 19.500000000000004 35.691200000000002 36.500000000000007 18.068350000000006 49.182350000000007
decision_type=2 2 2 8 2 10 8 2 10 10 10 2 10 8
left_child=2 -2 4 5 -1 6 9 8 -6 10 -4 12 -5 -14
right_child=1 -3 3 11 7 -7 -8 -9 -10 -11 -12 -13 13 -15
leaf_value=0.03144718750420547 -0.014131989911106741 -0.038356342896416061 -0.012646614919363029 0.0013833972422482796 -0.00037944383903486587 0.021428842027535405 0.0067000644122116081 0.0033870589304625903 -0.022840707737028967 -0.018207618176500965 -0.0032294072949143101 -0.0032326307284325168 0.0096415700952076234 -0.013439235122308518
leaf_weight=53.834217324852943 824.98429074138403 292.483796402812 655.67234148085117 10659.099173203111 2802.3669856786728 66.513521522283554 325.89848758280277 13694.600469022989 78.995615273714066 252.13106060028076 2802.3084225952625 3020.894746914506 118.32467040419579 390.95065987110138
leaf_count=222 6795 4663 2761 44364 11533 275 1405 56849 323 1232 11762 13258 495 1670
internal_value=0.000106112 -0.0210354 0.000794278 -0.000965969 0.00272928 -0.00447366 -0.0050041 0.00259823 -0.00114845 -0.00606261 -0.00507747 5.30746e-05 0.000946003 -0.00791496
internal_weight=36039.1 1117.47 34921.6 18291.8 16629.8 4102.52 4036.01 16576 2881.36 3710.11 3457.98 14189.3 11168.4 509.275
internal_count=157607 11458 146149 77222 68927 17435 17160 68705 11856 15755 14523 59787 46529 2165
is_linear=0
shrinkage=0.05


Tree=53
num_leaves=15
num_cat=0
split_feature=0 3 0 0 12 3 5 7 3 0 12 1 8 0
split_gain=186.106 56.9105 43.3027 40.6129 31.8666 37.86 24.1001 20.5382 33.1683 19.6776 19.6255 30.2064 17.399 17.1945
threshold=56.500000000000007 1752.5000000000002 29.500000000000004 41.500000000000007 -90.996849999999981 1892.5000000000002 -0.83934999999999993 0.79280000000000006 1944.5000000000002 47.500000000000007 -58.390949999999997 36.500000000000007 1492.1786247422351 23.500000000000004
decision_type=2 2 2 2 8 2 8 10 2 2 8 2 8 2
left_child=1 3 13 -1 -4 6 -6 10 -9 -8 -7 -12 -11 -3
right_child=-2 2 4 -5 5 7 9 8 -10 12 11 -13 -14 -15
leaf_value=-0.0038597501118675217 -0.029421928747814682 1.2406509651875103e-05 -0.015322355136732977 -0.022527704410640836 0.0067390913112366614 -0.0055313791688014341 -0.0024511608716169804 -0.0067264037581986043 0.0076423563208025749 -0.031536648225988478 0.0071406118575469777 -0.00098939567595334333 -0.0077185527150695227 0.0040716118269362445
leaf_weight=3206.3228273838758 509.56996021792293 3408.1582490503788 338.76484696567059 302.42196377366781 653.80024293810129 500.88880328088999 8216.38858294487 1268.7416885942221 564.49990047514439 77.781486868858337 3723.1648756861687 1638.0280715450644 474.16081500053406 11105.341344714165
leaf_count=13665 7151 14035 1503 1810 2812 2175 33815 5386 2446 542 15631 7423 2950 46170
internal_value=1.56447e-07 0.000439078 0.00110357 -0.00558732 -0.000574368 -0.000264955 -0.00238779 0.00233369 -0.00226718 -0.00308211 0.00377533 0.00466217 -0.0120605 0.00311973
internal_weight=35988 35478.5 31969.7 3508.74 17456.2 17117.5 9422.13 7695.32 1833.24 8768.33 5862.08 5361.19 551.942 14513.5
internal_count=157514 150363 134888 15475 74683 73180 40119 33061 7832 37307 25229 23054 3492 60205
is_linear=0
shrinkage=0.05


Tree=54
num_leaves=15
num_cat=0
split_feature=0 0 12 1 12 10 10 10 10 11 1 1 6 7
split_gain=166.842 57.9048 25.1622 22.2702 22.3635 41.2958 19.7875 29.0489 27.3155 22.0926 18.6696 17.846 16.3506 22.2898
threshold=56.500000000000007 39.500000000000007 2.3119500000000008 8.5000000000000018 19.042600000000004 35.689150000000005 40.750200000000007 47.800550000000008 48.890550000000012 3.1597500000000003 29.500000000000004 17.500000000000004 55.676650000000002 18.068550000000005
decision_type=2 2 10 2 10 10 8 8 8 8 2 2 8 8
left_child=1 3 10 -1 6 -6 -5 -8 -9 11 -3 -10 -11 -14
right_child=-2 2 -4 4 5 -7 7 8 9 12 -12 -13 13 -15
leaf_value=0.027787080542162303 -0.028091961613243649 0.0029100920975991072 -0.01071867617246839 -0.0042101598030291785 0.0075438321102709082 -0.012628964458805212 0.0087570527925609886 -0.0074484868274380103 -0.011640898556899067 -0.0039596074189750452 -0.0044391783647512581 0.0070238122150005355 0.011173958442972842 0.0012819731306869333
leaf_weight=59.201044961810112 500.17484590038657 1161.772766046226 1165.3617839887738 1424.2914612144232 370.55479691922665 717.10061641037464 1402.2347519695759 821.7815378755331 117.41809123754501 1415.2892775833607 3227.0298066064715 2450.876492202282 566.16659085452557 20615.543024659157
leaf_count=243 7176 5339 5910 5848 1521 2938 5749 3375 486 5840 15553 10274 2328 85235
internal_value=2.01175e-05 0.000431626 -0.00424828 0.00130146 0.00123048 -0.00574415 0.00149756 0.00179723 0.00141524 0.00171037 -0.00248936 0.00608714 0.00120798 0.00155667
internal_weight=36014.8 35514.6 5554.16 29960.5 29901.3 1087.66 28813.6 27389.3 25987.1 25165.3 4388.8 2568.29 22597 21181.7
internal_count=157815 150639 26802 123837 123594 4459 119135 113287 107538 104163 20892 10760 93403 87563
is_linear=0
shrinkage=0.05


Tree=55
num_leaves=15
num_cat=0
split_feature=0 0 0 8 2 4 8 11 10 6 0 10 10 12
split_gain=162.465 36.5383 33.1319 24.779 26.1753 24.5874 15.4158 15.3043 31.0925 16.4695 12.6912 13.5869 25.6718 12.3981
threshold=53.500000000000007 44.500000000000007 60.500000000000007 426.98391277234663 6.5000000000000009 51.500500000000009 660.01425074639258 21.926650000000006 35.689150000000005 59.329550000000005 30.500000000000004 47.800550000000008 41.893900000000009 11.940900000000001
decision_type=2 2 2 10 8 10 10 10 10 10 2 8 10 10
left_child=1 3 6 7 -5 -6 -2 9 -9 10 11 12 -1 -7
right_child=2 -3 -4 4 5 13 -8 8 -10 -11 -12 -13 -14 -15
leaf_value=-2.2686917170225095e-05 -0.016462424412494698 -0.005275068145843026 -0.035815864790198881 0.00083189246320344769 -0.014569822624193873 0.0089136644867589595 0.010030745767716093 0.00705210757605288 -0.012220633019833825 0.013949796512604971 0.00047371100264775184 0.0022121219027255766 0.015846454727929223 -0.011104649724691483
leaf_weight=493.14244294166565 445.95255790650845 2302.8156418949366 272.72028566151857 1393.3598145842552 717.93232391774654 206.56933714449406 48.80518251657486 321.61736600100994 528.80996921658516 256.41605480015278 12535.419259652495 15749.193547919393 507.29281555116177 97.956576243042946
leaf_count=2029 4404 11776 4732 5689 2999 860 415 1328 2190 1057 51839 65520 2091 410
internal_value=0.000282737 0.000786048 -0.0221779 0.00121444 -0.00363988 -0.00963285 -0.0135608 0.00160244 -0.00493744 0.00179392 0.00167804 0.00257772 0.00817698 0.00218687
internal_weight=35878 35110.5 767.478 32807.7 2415.82 1022.46 494.758 30391.9 850.427 29541.5 29285 16749.6 1000.44 304.526
internal_count=157339 147788 9551 136012 9958 4269 4819 126054 3518 122536 121479 69640 4120 1270
is_linear=0
shrinkage=0.05


Tree=56
num_leaves=15
num_cat=0
split_feature=0 0 0 8 7 0 1 5 5 1 8 11 8 5
split_gain=145.318 41.3918 40.1904 23.6265 18.429 17.8506 17.5148 15.5175 13.8947 13.8878 13.3012 14.1256 16.4928 17.3719
threshold=51.500000000000007 64.500000000000014 30.500000000000004 672.66289325358957 1.3829 13.500000000000002 42.500000000000007 -92.244049999999987 2.8864000000000005 19.500000000000004 288.30713656163255 8.7107500000000027 2387.08493436139 -81.641649999999984
decision_type=2 2 2 10 10 2 2 8 10 2 10 10 10 10
left_child=2 3 5 8 6 -1 7 -4 -2 -6 -7 12 13 -12
right_child=1 -3 4 -5 9 10 -8 -9 -10 -11 11 -13 -14 -15
leaf_value=0.026419872946288305 -0.011986455687986466 -0.040100172835384446 -0.016203256704543499 0.0093018425337603322 -0.016322842504777429 0.0023279644351565858 -0.0063717456477338317 0.00014484278935187486 -0.028437025404880356 -0.0039307711279599148 0.012471349541961947 0.001558513022592461 -0.020973207292959664 -0.0086891532201136528
leaf_weight=54.871208772063255 632.05970595777035 165.10714981332421 126.89430005848408 90.149086486548185 232.29479828476906 16968.584923014045 1181.8070642054081 12232.144172742963 169.79853595793247 2513.0825420767069 114.40982285141945 848.11660195887089 162.88309897482395 333.3702757358551
leaf_count=226 6094 2988 551 765 1024 70580 5666 51002 1612 10766 465 3447 665 1353
internal_value=-0.00011995 -0.0182074 0.000440139 -0.0133646 -0.00136992 0.00203489 -0.000609338 -4.89159e-05 -0.0160772 -0.00508977 0.00193371 -0.00262168 -0.00829264 -0.0029805
internal_weight=35825.6 1057.11 34768.5 892.007 16286.2 18482.2 13540.8 12359 801.858 2745.38 18427.4 1458.78 610.663 447.78
internal_count=157204 11459 145745 8471 69009 76736 57219 51553 7706 11790 76510 5930 2483 1818
is_linear=0
shrinkage=0.05


Tree=57
num_leaves=15
num_cat=0
split_feature=0 3 12 0 3 0 12 3 12 6 2 5 3 4
split_gain=146.245 56.269 43.4251 28.0481 28.4237 24.8227 24.3293 33.7811 35.0972 28.6467 26.6559 21.4639 20.8196 19.373
threshold=56.500000000000007 1813.5000000000002 2.0924 31.500000000000004 1957.5000000000002 44.500000000000007 19.038100000000004 1915.5000000000002 78.715700000000012 55.953500000000005 1.5000000000000002 -92.244049999999987 1908.5000000000002 19.025700000000004
decision_type=2 2 10 2 2 2 8 2 8 8 10 8 2 10
left_child=1 2 -1 4 6 -4 9 13 -9 10 -3 -5 -12 -8
right_child=-2 3 5 11 -6 -7 7 8 -10 -11 12 -13 -14 -15
leaf_value=-0.0015216104298954802 -0.027102188866523665 0.0101331522574774 -0.008840376924513782 -0.018761629181299793 -0.014514120935580563 -0.032542496122833275 0.0011540137230527984 -0.009388447227157504 0.012810888936221183 0.011549170899181567 0.0046153247082185702 -9.2340349048439458e-05 -0.0058856350175615071 -0.012880435196585344
leaf_weight=6440.2390081062913 471.34439872950315 894.3273847848177 1417.7130832374096 135.9184549972415 211.85264568030834 104.54297529160976 9002.4413912892342 196.7569545507431 1097.2084478586912 1607.1769106984138 990.35352481901646 12241.376859053969 865.93019784986973 232.84653052687645
leaf_count=27150 7216 3716 6192 616 867 709 37560 798 4741 6797 4049 52803 3537 945
internal_value=-1.09352e-05 0.000364469 -0.00333139 0.00143716 0.00288209 -0.0108691 0.00314879 0.00184209 0.00934379 0.00628318 0.00314511 -0.000327289 -0.000293747 0.000773098
internal_weight=35910 35438.7 7962.5 27476.2 15098.9 1522.26 14887 10529.3 1293.97 4357.79 2750.61 12377.3 1856.28 9235.29
internal_count=157696 150480 34051 116429 63010 6901 62143 44044 5539 18099 11302 53419 7586 38505
is_linear=0
shrinkage=0.05


Tree=58
num_leaves=15
num_cat=0
split_feature=0 3 0 0 0 3 1 8 3 6 1 2 2 3
split_gain=138.946 42.8737 30.3124 26.7702 26.4552 31.1665 17.8343 17.765 17.5839 28.3585 26.0677 17.1209 16.4546 15.9028
threshold=53.500000000000007 1688.5000000000002 30.500000000000004 32.500000000000007 62.500000000000007 1930.5000000000002 9.5000000000000018 61.895652723209295 1892.5000000000002 50.450300000000006 28.500000000000004 41.500000000000007 4.5000000000000009 1877.5000000000002
decision_type=2 2 2 2 2 2 2 10 2 8 2 10 10 2
left_child=1 3 6 7 5 -2 -3 -1 10 -10 -4 -6 -12 -8
right_child=4 2 8 -5 11 -7 13 -9 9 -11 12 -13 -14 -15
leaf_value=-0.0018221078897422372 -0.022199824704208629 0.026803296368608887 0.00065245131251621914 -0.020322265231635349 -0.039933228114844566 0.0034627053779850005 0.00073640914280946883 -0.02186727612094819 -0.0047578651613869108 0.0027079329152571502 -0.0032878932637499976 0.0089940081097726141 -0.010517597052720363 0.0037799223627070265
leaf_weight=959.86594447493553 372.73952014744282 53.185121953487396 4054.0455174446106 324.98425833880901 188.04228146746755 162.35840914398432 10009.683516904712 105.66899794340134 1631.0229732692242 5526.6754162609577 3968.6232166513801 12.371107053011654 973.86597568541765 7510.2689764350653
leaf_count=4044 4144 218 17080 1706 3589 1635 40776 473 6984 23365 16907 216 4475 31979
internal_value=-9.98327e-05 0.000356385 0.00071315 -0.00818445 -0.0213153 -0.0145691 0.00214921 -0.00417625 -0.000849775 0.000998186 -0.00231898 -0.036371 -0.00474908 0.00204389
internal_weight=35853.4 35117.9 33727.4 1390.52 735.511 535.098 17573.1 1065.53 16154.2 7157.7 8996.53 200.413 4942.49 17520
internal_count=157591 148007 141784 6223 9584 5779 72973 4517 68811 30349 38462 3805 21382 72755
is_linear=0
shrinkage=0.05


Tree=59
num_leaves=15
num_cat=0
split_feature=0 0 3 3 3 12 1 1 3 14 8 1 3 3
split_gain=116.017 55.2821 40.8387 37.3828 36.4651 29.2495 24.8524 23.6929 20.1058 22.8616 21.3758 25.7138 24.3112 19.7688
threshold=60.500000000000007 44.500000000000007 1684.5000000000002 1930.5000000000002 1975.5000000000002 1.6084500000000002 8.5000000000000018 36.500000000000007 1872.5000000000002 1.0000000180025095e-35 6655.9052632384737 24.500000000000004 1905.5000000000002 1944.5000000000002
decision_type=2 2 2 2 2 10 2 2 2 2 8 2 2 2
left_child=1 2 -1 5 6 7 -4 -3 -8 13 11 12 -11 -10
right_child=-2 3 4 -5 -6 -7 8 -9 9 10 -12 -13 -14 -15
leaf_value=-0.0080272168553448871 -0.033195463500470625 0.0010248475695115702 0.031067935165953166 0.0042730764990723683 -0.033408852338935979 -0.021103231587113292 -0.00010936456287492562 -0.010998416970698312 0.0032703427385274461 0.0053785494513285265 0.0026095777690586966 0.001083831347333544 -0.013119066880290435 0.014400017482838107
leaf_weight=1239.8362504690886 241.55395859107375 644.2541830316186 49.691783741116524 612.13340758532286 56.156966343522072 425.001913305372 15548.64394402504 1090.6169803589582 10496.426086872816 210.30087286233902 2719.8607275038958 1210.3768889456987 865.79029290378094 397.10477718710899
leaf_count=5463 4674 3597 205 3625 236 2797 63682 6652 44131 856 11436 4975 3538 1625
internal_value=-1.67829e-05 0.000227086 0.000801641 -0.00652724 0.00115341 -0.0095993 0.00123619 -0.00657272 0.00116934 0.00241836 -0.000377742 -0.00392311 -0.00947189 0.0037017
internal_weight=35807.7 35566.2 32794.2 2772.01 31554.4 2159.87 31498.2 1734.87 31448.5 15899.9 5006.33 2286.47 1076.09 10893.5
internal_count=157492 152818 136147 16671 130684 13046 130448 10249 130243 66561 20805 9369 4394 45756
is_linear=0
shrinkage=0.05


Tree=60
num_leaves=15
num_cat=0
split_feature=0 3 0 3 0 14 8 8 1 1 11 3 11 14
split_gain=117.465 61.3118 25.8847 28.2201 24.3833 24.7497 22.7257 20.4763 15.9988 15.6345 15.5608 27.4183 39.0516 31.0914
threshold=55.500000000000007 1756.5000000000002 42.500000000000007 1964.5000000000002 45.500000000000007 1.0000000180025095e-35 672.66289325358957 1293.8422012931103 9.5000000000000018 28.500000000000004 -73.584099999999992 1914.5000000000002 -0.85409999999999997 1.0000000180025095e-35
decision_type=2 2 2 2 2 2 10 8 2 2 8 2 8 2
left_child=1 4 3 8 5 9 -2 -7 -3 -1 -10 12 -12 -13
right_child=6 2 -4 -5 -6 7 -8 -9 10 -11 11 13 -14 -15
leaf_value=-0.0058548640801352201 -0.026950120301636956 0.025494318763842502 -0.0033510872103649936 -0.015406430859872245 -0.024651992940091665 -0.019816697827496857 0.0063389300549793626 0.0031589516516116567 -0.004798502998940875 -0.016364732457011186 0.0088926411668606015 0.0083592228672909261 0.00040568717913154354 0.0001233977629494341
leaf_weight=1970.9774386882782 458.15673746168613 49.542393043637276 3195.5487234666944 228.28721810877323 146.90272000432014 86.717334866523743 49.825556352734566 1047.4868293106556 938.20882330834866 426.8014704734087 1429.0412510186434 2891.6674275845289 21020.342874258757 1890.6704133301973
leaf_count=8392 7225 204 16079 953 981 412 660 4475 3883 1971 5970 12114 86581 7775
internal_value=-0.000158961 0.000190848 0.000902332 0.00138214 -0.00590065 -0.00498632 -0.0235685 0.00108937 0.00152877 -0.0078455 0.00146856 0.00168784 0.000953368 0.00511731
internal_weight=35830.2 35322.2 31643.3 28447.8 3678.89 3531.98 507.982 1134.2 28219.5 2397.78 28169.9 27231.7 22449.4 4782.34
internal_count=157675 149790 133559 117480 16231 15250 7885 4887 116527 10363 116323 112440 92551 19889
is_linear=0
shrinkage=0.05


Tree=61
num_leaves=15
num_cat=0
split_feature=0 3 0 0 3 3 7 3 1 3 7 12 7 3
split_gain=112.006 41.3825 33.2735 26.6391 22.998 21.1334 23.1145 19.3127 22.3539 18.9404 18.2086 17.7683 15.5843 29.3802
threshold=56.500000000000007 1692.5000000000002 39.500000000000007 33.500000000000007 1965.5000000000002 1898.5000000000002 2.4444500000000002 1881.5000000000002 20.500000000000004 1969.5000000000002 13.7399 47.525650000000006 11.395650000000002 1938.5000000000002
decision_type=2 2 2 2 2 2 10 2 2 2 10 10 10 2
left_child=1 3 4 -1 7 6 -4 -3 -9 -2 -8 12 -10 -14
right_child=9 2 5 -5 -6 -7 10 8 11 -11 -12 -13 13 -15
leaf_value=-0.0043806042245834193 -0.027949583333185132 0.0001212952138029532 -0.004376386874238909 -0.020566675885037161 -0.016540763674991642 0.00026164968182781077 -0.027750940181689845 -0.0036012620819750318 0.0038592529331905028 0.0076987269534854776 -0.0033600836817895318 0.017657738433347937 -0.0070139926173992066 0.0091863682838858353
leaf_weight=1172.8897947072983 396.29188214242458 15982.913757413626 2554.6908742785454 310.86694836616516 162.51735298335552 2462.4210984930396 184.82941614091396 1229.1068299412727 9637.1421840935946 32.589890528470278 132.00024669617414 197.12966147065163 881.64401346445084 386.4674433618784
leaf_count=5001 6683 65192 12475 1732 678 11555 1045 5128 40718 463 708 816 3581 1566
internal_value=-0.000199674 0.000115909 0.000476597 -0.00800024 0.00115581 -0.00314035 -0.00603931 0.00126898 0.00275391 -0.0250184 -0.0183919 0.00346268 0.00317422 -0.00201082
internal_weight=35723.5 35294.6 33810.9 1483.76 28476.9 5333.94 2871.52 28314.4 12331.5 428.882 316.83 11102.4 10905.3 1268.11
internal_count=157341 150195 143462 6733 117679 25783 14228 117001 51809 7146 1753 46681 45865 5147
is_linear=0
shrinkage=0.05


Tree=62
num_leaves=15
num_cat=0
split_feature=0 3 0 3 11 12 11 10 3 3 0 3 5 2
split_gain=102.846 39.6294 31.9088 29.0337 32.8912 22.5563 21.0229 20.7162 19.2269 15.536 15.4205 16.7368 16.9596 15.031
threshold=59.500000000000007 1692.5000000000002 46.500000000000007 1919.5000000000002 0.53015000000000012 -92.925649999999976 10.373500000000002 34.686500000000009 1975.5000000000002 1977.5000000000002 29.500000000000004 1892.5000000000002 -1.2965499999999996 41.500000000000007
decision_type=2 2 2 2 10 8 10 10 2 2 2 2 8 10
left_child=1 6 5 4 -4 7 -1 -3 10 13 -7 12 -12 -2
right_child=9 2 3 -5 -6 8 -8 -9 -10 -11 11 -13 -14 -15
leaf_value=-0.0048817414997818264 -0.035769026182974117 -0.021469986510320678 -0.0057608222675718974 0.0024828367256820448 -0.025371248561324847 0.0022227413524045087 -0.020225315128352912 -0.00044478709302028677 -0.024670852193365608 0.010609694104799387 0.0068216552904999082 0.0019164279245222295 -0.0018891382979758409 0.0083524885690579673
leaf_weight=1215.149759657681 235.62339578196406 194.19452632963657 960.18439748138189 679.28707127273083 262.44033030420542 15375.770098894835 260.17552953958511 260.52012425661087 52.628920197486877 13.074034176766871 576.79722720384598 6717.2627794593573 8870.0751315206289 13.566116955131291
leaf_count=5431 4780 827 6198 4161 1920 63931 1321 1101 222 223 2387 27810 36794 252
internal_value=-9.49752e-05 0.000144476 0.000495073 -0.00576318 -0.0103109 0.000869844 -0.00782192 -0.00995024 0.00103178 -0.0301567 0.00109027 1.16189e-05 -0.001344 -0.0329249
internal_weight=35686.7 35424.5 33949.2 1901.91 1222.62 32047.2 1475.33 454.715 31592.5 262.264 31539.9 16164.1 9446.87 249.19
internal_count=157358 152103 145351 12279 8118 133072 6752 1928 131144 5255 130922 66991 39181 5032
is_linear=0
shrinkage=0.05


Tree=63
num_leaves=15
num_cat=0
split_feature=0 0 12 0 12 10 0 1 6 5 8 2 12 1
split_gain=81.7425 34.1601 18.4339 24.7807 19.2294 16.6087 16.1869 20.7327 15.6686 15.5259 15.4808 16.1668 15.0624 26.0641
threshold=59.500000000000007 29.500000000000004 1.6084500000000002 50.500000000000007 -0.11255 37.194300000000005 23.500000000000004 10.500000000000002 54.437850000000005 4.3556500000000007 152.94071146240455 41.500000000000007 -71.089049999999986 25.500000000000004
decision_type=2 2 10 2 10 8 2 2 10 8 10 10 10 2
left_child=1 6 4 9 5 -3 7 -1 -9 -4 11 -2 -8 -14
right_child=10 2 3 -5 -6 -7 12 8 -10 -11 -12 -13 13 -15
leaf_value=0.024159416631177013 -0.036024114781385827 -0.010291445507198309 -0.013329854300540622 -0.01996947637146472 0.013199378833706888 -0.00060107164258435411 0.0014180284878166961 -0.00095080539222060331 -0.019090173817465628 -0.0023989744290816412 -0.0014693582560439465 0.011535700813928637 0.0030123809314507675 0.013326595526224195
leaf_weight=60.373277425765991 196.67559985071421 436.43377061188221 341.89895053207874 224.27826620638371 225.85199709236622 14313.286560937762 8675.8799311220646 4124.5158553868532 102.70998486876488 3356.3872264623642 49.911774754524231 10.362266622483729 2859.8438644558191 766.31342588365078
leaf_count=251 4189 1946 1456 1872 999 62590 36218 17043 423 14478 923 192 11901 3230
internal_value=-0.000231625 -2.04456e-05 -0.00147317 -0.00451534 -0.000671372 -0.000901351 0.00163421 -0.00100785 -0.00147936 -0.00347578 -0.0272902 -0.0328372 0.00255518 0.00525322
internal_weight=35744.7 35487.8 18898.1 3922.56 14975.6 14749.7 16589.6 4287.6 4227.23 3698.29 256.95 207.038 12302 3626.16
internal_count=157711 152407 83341 17806 65535 64536 69066 17717 17466 15934 5304 4381 51349 15131
is_linear=0
shrinkage=0.05


Tree=64
num_leaves=15
num_cat=0
split_feature=0 3 0 0 3 3 11 3 5 14 4 5 11 7
split_gain=87.1723 38.0348 31.5042 26.2709 17.9304 17.8177 23.6646 17.1853 28.5545 20.4513 19.3542 16.8865 15.7547 22.0648
threshold=59.500000000000007 1719.5000000000002 41.500000000000007 47.500000000000007 1964.5000000000002 1922.5000000000002 2.2683500000000003 1944.5000000000002 21.558050000000005 1.0000000180025095e-35 35.221550000000008 10.158550000000002 16.375650000000004 1.3829
decision_type=2 2 2 2 2 2 10 2 10 2 10 10 10 10
left_child=1 2 -1 4 7 6 -5 8 12 -9 -10 -6 13 -3
right_child=-2 3 -4 5 11 -7 -8 9 10 -11 -12 -13 -14 -15
leaf_value=-0.0040847087490330954 -0.028561511391079986 0.0013823901882960049 -0.024908029253249676 -0.0051821614305353455 -0.020688526367859828 0.0019833173065900633 -0.023455428580477194 0.016399824251275112 0.0029560928176421055 0.0023918470910412868 -0.013315590767273629 0.0030657494987474032 0.0066316311656352397 -0.0035483810746292873
leaf_weight=2040.6302445083857 243.30826213210821 25675.875653102994 181.17211544513702 841.1305595189333 162.14082446694374 521.78519091010094 211.0499679595232 373.53880023956299 258.75900037586689 796.63467821478844 554.58337767422199 119.20724952220917 1255.1912380307913 2469.5048946291208
leaf_count=8895 5154 106828 1235 5696 692 3347 1619 1539 1075 3283 2279 499 5194 10218
internal_value=0.000101549 0.000314202 -0.00598977 0.000738923 0.00105359 -0.00552544 -0.00921663 0.00116943 0.000936621 0.00706387 -0.00819217 -0.0110883 0.00119456 0.000947547
internal_weight=35704.5 35461.2 2221.8 33239.4 31665.4 1573.97 1052.18 31384.1 30213.9 1170.17 813.342 281.348 29400.6 28145.4
internal_count=157553 152399 10130 142269 131607 10662 7315 130416 125594 4822 3354 1191 122240 117046
is_linear=0
shrinkage=0.05


Tree=65
num_leaves=15
num_cat=0
split_feature=0 3 0 0 5 3 4 7 3 0 7 5 14 5
split_gain=86.1146 30.2006 25.5585 21.6276 30.5925 18.5863 18.1782 14.8975 13.8755 14.3007 13.9816 13.1861 12.8569 12.2534
threshold=60.500000000000007 1722.5000000000002 41.500000000000007 39.500000000000007 2.8864000000000005 1964.5000000000002 39.953500000000012 10.684600000000001 1957.5000000000002 50.500000000000007 17.906600000000001 10.158550000000002 1.0000000180025095e-35 -76.051949999999991
decision_type=2 2 2 2 10 2 10 10 2 2 10 10 2 10
left_child=1 2 7 5 6 -3 13 12 9 -6 -11 -7 -1 -5
right_child=-2 3 -4 4 8 11 -8 -9 -10 10 -12 -13 -14 -15
leaf_value=-0.0050802117829755987 -0.030445776100262223 0.001370374859294455 -0.02151579332250201 -0.0014906509136462332 -0.00856780095823023 -0.024082831886756861 0.006312770813480576 -0.016953518970438463 0.0052913069697082971 -0.030425717354639226 0.0056444338240353529 0.0012644622268306862 0.0032640063423757673 -0.024170311090743853
leaf_weight=1297.5505786687136 209.1613369397819 27527.647140339017 197.34705917537212 3529.8332873769104 759.51396225392818 103.25106126070023 813.84415708854795 167.46804668009281 122.98231875151396 136.36735223606229 25.645465485751629 84.641955122351646 693.81236778199673 40.713549263775349
leaf_count=5638 4709 113755 1366 17730 3549 439 4115 796 629 1229 210 350 2973 204
internal_value=0.000106417 0.000303464 -0.00514195 0.000693436 -0.0021871 0.00125884 -0.00033947 -0.00346139 -0.00979053 -0.0118729 -0.0247232 -0.0136412 -0.00216945 -0.00188245
internal_weight=35709.8 35500.6 2356.18 33144.4 5428.9 27715.5 4384.39 2158.83 1044.51 921.527 162.013 187.893 1991.36 3570.55
internal_count=157692 152983 10773 142210 27666 114544 22049 9407 5617 4988 1439 789 8611 17934
is_linear=0
shrinkage=0.05


Tree=66
num_leaves=15
num_cat=0
split_feature=1 3 1 1 3 2 3 1 2 14 5 6 14 1
split_gain=64.8958 26.4099 22.3999 21.1052 16.1238 21.9224 15.6772 20.0802 24.8265 19.4349 18.4 20.5085 17.4889 16.4745
threshold=60.500000000000007 1719.5000000000002 28.500000000000004 45.500000000000007 1934.5000000000002 45.500000000000007 1880.5000000000002 29.500000000000004 4.5000000000000009 1.0000000180025095e-35 0.12345000000000002 43.609750000000012 1.0000000180025095e-35 28.500000000000004
decision_type=2 2 2 2 2 8 2 2 10 2 8 8 2 2
left_child=1 2 -1 6 5 -5 7 10 -9 13 -3 -12 -10 -8
right_child=-2 3 -4 4 -6 -7 9 8 12 -11 11 -13 -14 -15
leaf_value=-0.0025747400109095132 -0.036553647998168071 0.0061447808464394583 -0.015013948901883213 -0.027593976894440687 0.0050011684463845442 -0.0058236105034864772 0.0048113561594481623 -0.0016747493781551677 -0.01675264401062556 -0.00065685223365240122 -0.016124674475210331 0.00022680464103286269 0.002099531128908733 0.00072297152406672327
leaf_weight=1790.3218584060669 101.06688190251589 1317.7298242561519 437.61812349781394 124.91458338871598 222.03471993654966 665.93631257861853 5942.6234671473503 3246.9661212414503 491.63302607834339 5110.8398581109941 174.96387751773 11652.702568497509 156.53974328190088 4213.3518265970051
leaf_count=7939 2515 5565 2373 1349 1799 4269 25568 13372 2681 22054 732 48165 865 18313
internal_value=-8.6797e-06 0.000115717 -0.00512992 0.000469331 -0.00656698 -0.00985803 0.000693856 -0.00034865 -0.00349206 0.00185642 0.000586671 -4.18906e-05 -0.0122731 0.00311999
internal_weight=35649.2 35548.2 2227.94 33320.2 1012.89 790.851 32307.4 17040.5 3895.14 15266.8 13145.4 11827.7 648.173 10156
internal_count=157559 155044 10312 144732 7417 5618 137315 71380 16918 65935 54462 48897 3546 43881
is_linear=0
shrinkage=0.05


Tree=67
num_leaves=15
num_cat=0
split_feature=1 3 11 14 3 1 8 5 1 3 1 12 4 11
split_gain=59.0483 25.9559 32.2068 16.9153 18.2932 15.7379 14.1424 22.7366 19.2145 16.7251 15.0781 19.9505 25.982 17.8098
threshold=60.500000000000007 1844.5000000000002 9.6578500000000016 1.0000000180025095e-35 1766.5000000000002 37.500000000000007 521.7196529385775 96.892900000000012 34.500000000000007 1940.5000000000002 28.500000000000004 10.734950000000003 53.833700000000007 20.509650000000004
decision_type=2 2 10 2 2 2 10 10 2 2 2 10 10 10
left_child=1 2 3 4 -1 -6 8 10 -3 -10 11 12 13 -8
right_child=-2 6 -4 -5 5 -7 7 -9 9 -11 -12 -13 -14 -15
leaf_value=-0.005844109278991285 -0.035632675539714852 0.0019014507448947998 -0.0090078981859801691 0.0023657471167674027 5.2232691826319225e-05 -0.010262379672679645 -0.0093855202097888665 0.018697301011277995 -0.0029700445080991216 0.0090478628844083229 0.0018259987583316454 -0.019667517077569183 0.018269231286717723 0.0092581156351221276
leaf_weight=2423.7702875882387 97.818817641586065 17309.901236481965 1441.7886186465621 2644.3378543294966 5299.6843219138682 377.53649612516165 859.37086073681712 93.929928239434958 3541.5803292356431 295.7700239866972 663.56320636719465 245.30675495788455 96.357690341770649 133.4682199023664
leaf_count=10731 2517 73524 6706 11377 21796 1957 3619 408 17265 1878 3312 1025 406 563
internal_value=-0.000294325 -0.000176699 -0.00204372 -0.00109428 -0.00222676 -0.000667309 0.00080332 -0.00309959 0.00119198 -0.00200164 -0.00429941 -0.00732718 -0.0042434 -0.00674592
internal_weight=35524.2 35426.4 12187.1 10745.3 8100.99 5677.22 23239.2 2092 21147.3 3837.35 1998.07 1334.5 1089.2 992.839
internal_count=157084 154567 52567 45861 34484 23753 102000 9333 92667 19143 8925 5613 4588 4182
is_linear=0
shrinkage=0.05


Tree=68
num_leaves=15
num_cat=0
split_feature=0 3 11 1 3 3 3 10 8 4 3 8 11 1
split_gain=72.6002 23.2823 28.5972 21.0039 39.3461 31.3211 20.7321 16.0207 14.2002 14.1966 19.7393 19.7035 29.1346 19.139
threshold=55.500000000000007 1809.5000000000002 2.0924 27.500000000000004 1891.5000000000002 1957.5000000000002 1969.5000000000002 55.643050000000009 281.44497157390725 51.507100000000001 1908.5000000000002 1447.7865968952196 17.141250000000003 24.500000000000004
decision_type=2 2 10 2 2 2 2 10 8 10 2 10 10 2
left_child=1 2 -1 5 8 9 -2 -6 -5 11 -11 -3 -13 -12
right_child=6 3 -4 4 7 -7 -8 -9 -10 10 13 12 -14 -15
leaf_value=-0.00067360277259276302 -0.022623640368880413 0.0021382145437648095 -0.0083689029656424975 -0.0162373986497319 0.0024466329720754455 -0.013309481946197372 0.012265458305495769 -0.0092522410324820375 -0.003381552936448368 0.0092249798767264583 -0.0065249789262221032 -0.016707394999077137 0.0082045161286095764 0.0095014217241310081
leaf_weight=6007.8457393795252 415.6913474984467 13048.42101175338 1492.2603846043348 206.57499150931835 6144.1041995361447 304.47891074419022 34.68991170078516 287.80273289978504 4945.3790756389499 1540.8249526619911 482.12400003522635 310.12393148243427 166.93618635833263 276.23568484187126
leaf_count=25400 7369 54614 6887 942 26670 1280 487 1250 21166 6483 2007 1307 687 1152
internal_value=-1.56701e-05 0.000244854 -0.00222289 0.000913832 -0.000709785 0.00207934 -0.0195291 0.0018961 -0.00395782 0.00239186 0.00600939 0.00176895 -0.00801068 -0.000593156
internal_weight=35663.5 35213.1 7500.11 27713 11583.9 16129.1 450.381 6431.91 5151.95 15824.7 2299.18 13525.5 477.06 758.36
internal_count=157701 149845 32287 117558 50028 67530 7856 27920 22108 66250 9642 56608 1994 3159
is_linear=0
shrinkage=0.05


Tree=69
num_leaves=15
num_cat=0
split_feature=0 0 3 3 6 3 7 5 1 5 5 2 10 6
split_gain=62.5119 28.1594 29.315 25.6826 21.3498 23.1278 20.7109 18.8927 18.0049 16.2129 17.6482 16.1749 15.0022 14.8977
threshold=65.500000000000014 46.500000000000007 1919.5000000000002 1878.5000000000002 51.507250000000006 1754.5000000000002 -73.542049999999975 18.9222 9.5000000000000018 -1.2965499999999996 -2.5829499999999994 1.5000000000000002 41.642900000000004 59.329550000000005
decision_type=2 2 2 2 8 2 8 10 2 8 10 8 10 10
left_child=1 3 4 7 -3 -6 11 8 -1 10 -10 -5 -13 -11
right_child=-2 2 -4 6 5 -7 -8 -9 9 13 -12 12 -14 -15
leaf_value=0.024497044439566851 -0.035114454981000819 -0.025207345371642566 0.002631125386080476 0.0079536260617144253 -0.025763338055007429 -0.0042951149555544464 0.0026194865633135129 -0.011702194605120685 0.0019254120723215557 -0.0010277266264800268 0.017526634356371217 -0.010345460854052878 0.0091289621353008669 0.015181851866323336
leaf_weight=52.196139603853226 105.4039706364274 175.48232976347208 724.05943976342678 185.12405662238598 125.35597265139222 1022.4506744109094 14096.920972630382 359.1982513666153 787.67013908922672 16811.873022407293 217.91650976240635 711.47622649371624 98.577260792255402 123.01307334005833
leaf_count=216 2647 1479 5142 763 1103 7582 59372 1527 3268 69605 912 2993 409 521
internal_value=0.000125185 0.000249559 -0.00541378 0.000599282 -0.00978932 -0.00704081 0.00212582 -0.000657051 -0.000423801 -0.000523504 0.00558215 -0.00478093 -0.00781272 -0.000892212
internal_weight=35596.7 35491.3 2047.35 33444 1323.29 1147.81 15092.1 18351.9 17992.7 17940.5 1005.59 995.178 810.053 16934.9
internal_count=157539 154892 15306 139586 10164 8685 63537 76049 74522 74306 4180 4165 3402 70126
is_linear=0
shrinkage=0.05


Tree=70
num_leaves=15
num_cat=0
split_feature=0 3 0 0 6 3 1 0 12 5 12 9 8 5
split_gain=62.7482 30.6017 25.2477 19.41 16.4885 29.4963 33.2716 24.508 22.1506 18.1877 17.5963 24.7214 17.5948 16.92
threshold=59.500000000000007 1722.5000000000002 25.500000000000004 30.500000000000004 55.676650000000002 1929.5000000000002 25.500000000000004 46.500000000000007 -90.996849999999981 -0.37599999999999995 8.3424000000000014 53.199000000000005 74.242518985045521 116.42875000000002
decision_type=2 2 2 2 8 2 2 2 10 10 10 10 8 8
left_child=1 2 -1 -3 5 7 9 10 -8 -7 -5 12 -12 -10
right_child=-2 3 -4 4 -6 6 8 -9 13 -11 11 -13 -14 -15
leaf_value=0.0008540769428286828 -0.025534937944390212 0.0016924731522431687 -0.0096839084254304111 -0.0017161498023133877 0.00014938121523292683 -0.024931917836745452 -0.010417835718781018 -0.021339364216330464 0.0068744796667545007 -0.0013363596819417928 0.0092384857027824185 -0.027792674321325452 -0.010612733551400095 0.030274148085865316
leaf_weight=954.2431630641222 219.98138672113419 16919.889228492975 1374.7588784247637 1355.0332701057196 12387.052791543305 126.46765656024218 152.40446139127016 247.9077010191977 857.81057432293892 190.07539528608322 129.00599965453148 155.8041068315506 455.09773939847946 68.367212414741516
leaf_count=4004 5245 70529 6697 5640 54327 560 732 1802 3849 812 538 654 1916 324
internal_value=-5.40792e-05 0.000118719 -0.00539575 0.000510407 -0.000730487 -0.00363151 0.00210667 -0.0070374 0.00629325 -0.0116849 -0.00515916 -0.0112534 -0.00606766 0.00920518
internal_weight=35593.9 35373.9 2329 33044.9 16125 3737.97 1395.13 2342.85 1078.58 316.543 2094.94 739.908 584.104 926.178
internal_count=157629 152384 10701 141683 71154 16827 6277 10550 4905 1372 8748 3108 2454 4173
is_linear=0
shrinkage=0.05


Tree=71
num_leaves=15
num_cat=0
split_feature=1 1 3 1 2 14 5 3 1 6 5 6 1 3
split_gain=52.9903 21.2855 20.7106 33.6377 38.7086 31.6517 24.7785 22.3918 21.4388 20.0574 18.9352 21.9229 19.0004 17.0932
threshold=60.500000000000007 45.500000000000007 1887.5000000000002 28.500000000000004 48.500000000000007 1.0000000180025095e-35 51.011500000000005 1917.5000000000002 23.500000000000004 48.577900000000007 1.1039000000000001 43.864450000000012 9.5000000000000018 1728.5000000000002
decision_type=2 2 2 2 8 2 8 2 2 10 8 8 2 2
left_child=1 2 3 10 13 -4 8 -8 9 -7 -1 -12 -13 -5
right_child=-2 -3 5 4 -6 6 7 -9 -10 -11 11 12 -14 -15
leaf_value=0.0055948129515007959 -0.034756545186555396 -0.0070210078453418288 0.0034627542850505298 -0.024642686713941538 -0.0011252066494740734 -0.0043042220177374555 -0.00084419638149059993 0.010710697312851219 -0.0014236151748499033 -0.019126303251176278 -0.014781798084570525 0.026384252281654749 -4.6933725265329753e-05 -0.0082968199728254855
leaf_weight=1558.8742761313915 90.066516656428576 1030.5078013241291 8934.7624906599522 165.70226276293397 3593.1085683107376 558.7435658685863 1335.3506064414978 589.45275475457311 1868.4564820639789 385.12290836125612 232.55335025116801 48.338103786110878 13489.764269273728 1675.2110739201307
leaf_count=6638 2552 7662 38607 987 14951 2355 5704 2527 8275 1580 991 201 56465 7965
internal_value=-0.000117348 -9.84155e-06 0.000203927 -0.000790878 -0.00416327 0.00171369 -0.00158594 0.00276814 -0.00456444 -0.0106234 0.000408436 -0.000185938 8.62205e-05 -0.0100172
internal_weight=35556 35465.9 34435.4 20763.6 5434.02 13671.9 4737.13 1924.8 2812.32 943.866 15329.5 13770.7 13538.1 1840.91
internal_count=157460 154908 147246 88198 23903 59048 20441 8231 12210 3935 64295 57657 56666 8952
is_linear=0
shrinkage=0.05


Tree=72
num_leaves=15
num_cat=0
split_feature=0 3 10 10 0 7 2 14 3 3 3 9 1 3
split_gain=56.0545 21.2034 25.9992 25.5772 18.425 17.1413 14.0503 13.6089 15.1263 13.2456 12.4518 11.872 11.5454 25.521
threshold=60.500000000000007 1778.5000000000002 48.087350000000008 45.436250000000008 25.500000000000004 -64.064599999999984 41.500000000000007 1.0000000180025095e-35 1766.5000000000002 1982.5000000000002 1977.5000000000002 52.633500000000005 27.500000000000004 1918.5000000000002
decision_type=2 2 10 10 2 10 10 2 2 2 2 10 2 2
left_child=1 2 3 5 11 7 10 8 -1 12 -2 -4 -3 -14
right_child=6 9 4 -5 -6 -7 -8 -9 -10 -11 -12 -13 13 -15
leaf_value=-0.0047046949614203996 -0.03320784413255299 0.0015120116621879088 0.006754784987700789 0.02515581469894379 -0.012556116195841028 -0.022390871780549146 0.01199171774097222 0.0038050916441630155 0.0058920837388950938 -0.021640431648099794 0.0092422823581676996 -0.010511065700325522 -0.0017603160214628632 0.0035002332836578179
leaf_weight=1943.3315271288157 159.76171378046274 18039.532137077302 248.34940724074841 73.56210121512413 933.3163130953908 74.085858624428511 11.752898309379814 1094.5660318098962 388.65909379720688 46.478657878935337 10.704625222831963 138.30943793058395 9365.2646823115647 3036.659140329808
leaf_count=8449 4262 75624 1052 341 4644 356 244 4726 1633 243 213 586 41170 14054
internal_value=1.62515e-05 0.000166183 -0.00288193 -0.000651335 -0.00882204 -0.00133347 -0.0262336 -0.000750893 -0.00290351 0.000657061 -0.0298516 0.000365519 0.000705292 -0.000468688
internal_weight=35564.3 35382.1 4894.18 3574.2 1319.98 3500.64 182.219 3426.56 2331.99 30487.9 170.466 386.659 30441.5 12401.9
internal_count=157597 152878 21787 15505 6282 15164 4719 14808 10082 131091 4475 1638 130848 55224
is_linear=0
shrinkage=0.05


Tree=73
num_leaves=15
num_cat=0
split_feature=1 1 3 3 2 3 14 7 3 3 12 1 3 2
split_gain=48.9781 26.0623 32.644 27.3761 25.9218 22.6504 24.0879 22.6847 18.9229 14.0351 21.0635 13.4652 13.1644 21.339
threshold=60.500000000000007 33.500000000000007 1957.5000000000002 1963.5000000000002 48.500000000000007 1877.5000000000002 1.0000000180025095e-35 -0.13319999999999996 1894.5000000000002 1944.5000000000002 -74.004449999999977 19.500000000000004 1899.5000000000002 3.5000000000000004
decision_type=2 2 2 2 8 2 2 10 2 2 10 2 2 8
left_child=1 3 4 5 8 -1 9 -8 -3 12 -11 -9 13 -7
right_child=-2 2 -4 -5 -6 6 7 11 -10 10 -12 -13 -14 -15
leaf_value=-0.00042066963233835229 -0.034237541617515369 -0.014817571393314742 0.015840971335512846 -0.014976226827614928 -0.0015272392067494558 0.014016287910184902 0.0021070969969193354 -0.019549808915029551 -0.0040699351956008786 -0.0057966437986125101 0.021329709311229666 -0.0038810076081483703 0.0018524335661380599 0.0038840590193157352
leaf_weight=16515.435614001006 84.575650157406926 729.05320221930742 203.64599317312241 257.73139590397477 4208.8969155065715 640.87440086901188 2643.5560909286141 134.61680333316326 951.53000587597489 89.73797919601202 232.7024597749114 1409.8637405447662 4871.8448295406997 2571.0160127840936
leaf_count=69277 2547 4492 1260 1138 19484 2766 11365 554 5339 378 977 5881 21010 11160
internal_value=-6.97861e-05 3.09597e-05 -0.00293941 0.000648831 -0.00364021 0.00079736 0.00239276 -0.000703338 -0.00885179 0.00393327 0.0138826 -0.00547916 0.00350314 0.00597999
internal_weight=35545.1 35460.5 6093.13 29367.4 5889.48 29109.6 12594.2 4188.04 1680.58 8406.18 322.44 1544.48 8083.74 3211.89
internal_count=157628 155081 30575 124506 29315 123368 54091 17800 9831 36291 1355 6435 34936 13926
is_linear=0
shrinkage=0.05


Tree=74
num_leaves=15
num_cat=0
split_feature=0 0 3 3 5 1 0 12 11 2 3 3 5 0
split_gain=50.1873 27.3547 26.0669 17.8956 26.5352 21.0655 17.8546 18.2467 33.6587 22.2857 17.0873 17.0473 26.8912 15.6901
threshold=65.500000000000014 38.500000000000007 1754.5000000000002 1919.5000000000002 0.8922500000000001 28.500000000000004 13.500000000000002 -73.584099999999992 -1.5553499999999998 5.5000000000000009 1822.5000000000002 1918.5000000000002 4.8837500000000009 50.500000000000007
decision_type=2 2 2 2 10 2 2 8 8 8 2 2 8 2
left_child=1 6 -3 4 5 -4 -1 9 10 -8 -9 -10 -13 -6
right_child=-2 2 3 -5 13 -7 7 8 11 -11 -12 12 -14 -15
leaf_value=0.02514992526918133 -0.033197827755638808 -0.014117741316923419 0.0042796177665930203 0.0021936542076905828 -0.0089279744140689007 -0.0043226260834720422 0.00013431156959682809 -0.00010493111427121695 3.6770943769382464e-05 -0.013419757819937737 0.012288559266241034 -0.0071466186848236695 0.0058870414105962176 -0.029702389734548675
leaf_weight=54.438819602131844 93.979586191475391 459.9955066293478 959.2011055611074 1780.2938021942973 584.53140119463205 2599.4059191532433 763.93380632996559 393.94264809787273 23222.246468216181 482.49182133376598 923.16567625105381 447.08044561743736 2652.5703474283218 97.100358862429857
leaf_count=228 2661 3024 4430 9594 2751 13606 3145 1623 96426 2014 3934 1842 11100 1109
internal_value=-7.28216e-05 3.37525e-05 -0.00289742 -0.00199623 -0.00375742 -0.00199298 0.000691679 0.000628214 0.000896519 -0.00524155 0.00863558 0.000503006 0.00397336 -0.0126497
internal_weight=35514.4 35420.4 6480.53 6020.53 4240.24 3558.61 28939.9 28885.4 27639 1246.43 1317.11 26321.9 3099.65 681.632
internal_count=157487 154826 34514 31490 21896 18036 120312 120084 114925 5159 5557 109368 12942 3860
is_linear=0
shrinkage=0.05


Tree=75
num_leaves=15
num_cat=0
split_feature=0 0 3 7 2 3 7 9 3 2 0 0 3 8
split_gain=50.8056 21.0061 20.7114 24.6456 16.3193 15.4883 13.973 13.9556 13.6982 13.0416 12.5764 13.2996 12.5512 12.5233
threshold=62.500000000000007 40.500000000000007 1897.5000000000002 2.4444500000000002 5.5000000000000009 1965.5000000000002 14.152300000000002 49.41275000000001 1754.5000000000002 41.500000000000007 13.500000000000002 20.500000000000004 1820.5000000000002 492.42630544944046
decision_type=2 2 2 10 8 2 10 10 2 10 2 2 2 8
left_child=1 5 3 4 -3 10 7 -5 -6 -2 -1 -12 -8 -10
right_child=9 2 -4 6 8 -7 12 -9 13 -11 11 -13 -14 -15
leaf_value=0.021048664609172502 -0.033161172721725418 -0.019594957909684338 0.00030968881556940673 0.0016417968851964598 -0.013455479555619191 -0.013622043422595091 -0.021606062727104851 -0.033711983097415826 0.01753374163323736 0.010458876206937548 -0.0050704049215627989 0.00065061560932847635 0.0076023778465205936 -0.0024338100833934157
leaf_weight=54.307783558964729 123.27818857692182 143.82035456970334 2334.1960475221276 31.562635231763124 261.12074697390199 175.34894685447216 42.28305521607399 141.66547684371471 62.162755757570267 10.150451358407734 1032.5887494385242 29188.572745978832 72.626588862389326 1820.7150921672583
leaf_count=227 3561 770 12394 206 1769 744 307 1027 353 212 4262 121412 414 9867
internal_value=-0.000202066 -7.74517e-05 -0.00310535 -0.00617842 -0.00434696 0.00041251 -0.0194943 -0.0277672 -0.00315247 -0.028912 0.000502735 0.000451917 -0.0047551 -0.00159723
internal_weight=35494.4 35361 4910.15 2575.96 2287.82 30450.8 288.138 173.228 2144 133.429 30275.5 30221.2 114.91 1882.88
internal_count=157525 153752 27107 14713 12759 126645 1954 1233 11989 3773 125901 125674 721 10220
is_linear=0
shrinkage=0.05


Tree=76
num_leaves=15
num_cat=0
split_feature=0 3 0 3 12 0 1 7 12 12 3 6 6 7
split_gain=51.2736 22.5466 18.286 31.2329 18.936 17.2059 13.4983 13.2921 12.8732 26.762 15.9614 32.2654 25.6151 19.0044
threshold=64.500000000000014 1688.5000000000002 49.500000000000007 1919.5000000000002 1.6084500000000002 25.500000000000004 8.5000000000000018 15.656600000000003 -73.584099999999992 1.6084500000000002 1941.5000000000002 55.88665000000001 57.397700000000007 12.750250000000003
decision_type=2 2 2 2 10 2 2 8 8 8 2 8 10 10
left_child=1 5 6 4 -4 -1 -3 -5 -8 -10 11 -11 -12 -13
right_child=-2 2 3 7 -6 -7 8 -9 9 10 12 13 -14 -15
leaf_value=0.00038760875885375328 -0.032494449831716558 0.022410257840924593 -0.0077384720338027381 0.014076209617150512 -0.028265608873292075 -0.010866020806055476 -0.0038106812066605773 -0.0027163776412124719 0.0047701048238083009 -0.0047981672344815547 0.010625312846476866 0.00043283466594870368 -0.011357872759442755 0.0092847670994869909
leaf_weight=587.9415747076273 100.66949861496687 50.975130945444107 570.00064040906727 183.24157393351197 129.44756807386875 779.97153820469975 1569.8275589495897 268.05800127983093 3720.7294252812862 3029.7036983966827 729.955137565732 23015.961544588208 143.74977433681488 602.85416533052921
leaf_count=2490 3005 214 5217 1427 1412 3913 6590 2361 15750 12698 3033 96301 591 2532
internal_value=4.26982e-05 0.000153577 0.000408229 -0.00573269 -0.0122176 -0.00609322 0.000626613 0.00440993 0.000579142 0.000802009 0.000262487 4.20282e-05 0.00683521 0.000666439
internal_weight=35483.1 35382.4 34014.5 1150.75 699.448 1367.91 32863.8 451.3 32812.8 31243 27522.2 26648.5 873.705 23618.8
internal_count=157534 154529 148126 10417 6629 6403 137709 3788 137495 130905 115155 111531 3624 98833
is_linear=0
shrinkage=0.05


Tree=77
num_leaves=15
num_cat=0
split_feature=0 0 3 0 1 2 4 11 1 5 3 0 6 3
split_gain=45.4629 18.3189 25.2194 14.6773 14.5095 12.957 28.1194 19.5629 15.3452 12.7262 16.2579 23.4485 15.6988 15.1818
threshold=62.500000000000007 31.500000000000004 1680.5000000000002 13.500000000000002 28.500000000000004 2.5000000000000004 48.864100000000001 8.7107500000000027 34.500000000000007 -92.244049999999987 1897.5000000000002 49.500000000000007 41.147800000000011 1754.5000000000002
decision_type=2 2 2 2 2 8 10 10 2 8 2 2 8 2
left_child=1 3 -3 -1 -2 6 7 8 -4 12 11 -11 -7 -13
right_child=4 2 5 -5 -6 9 -8 -9 -10 10 -12 13 -14 -15
leaf_value=0.023401134810336052 0.011783484235148472 -0.01487556659143064 0.0027873385692680696 0.0011596860410926621 -0.032490199918274967 -0.027534691828950582 -0.019690461398348357 0.016219004250630154 -0.012570419842600456 -0.00091425781198672777 0.0018872942883287639 -0.032654412017965921 0.0062417794892094267 -0.0078941151698087315
leaf_weight=54.51173223555088 11.106084961444138 303.09773745201528 324.90948650240898 20160.511288106441 116.39621531777084 71.937912382185459 260.05801146477461 115.8746895827353 294.30935273319483 7718.2420797422528 5539.2144543658942 57.302009982988238 45.022048849612474 446.78836399130523
leaf_count=229 245 1725 1337 84198 3552 351 1145 506 1359 32847 25326 613 213 4114
internal_value=0.000142307 0.000257611 -0.00105445 0.00124273 -0.0275589 -0.000753205 -0.00620631 -0.00104076 -0.00467699 -0.000353825 -0.00020259 -0.00161167 -0.0155201 -0.0118474
internal_weight=35519.3 35391.8 15176.8 20215 127.502 14873.7 995.152 735.094 619.219 13878.5 13761.5 8222.33 116.96 504.09
internal_count=157760 153963 69536 84427 3797 67811 4347 3202 2696 63464 62900 37574 564 4727
is_linear=0
shrinkage=0.05


Tree=78
num_leaves=15
num_cat=0
split_feature=0 5 4 7 8 3 1 2 1 3 5 9 3 3
split_gain=42.9929 15.4439 17.5541 17.2636 16.581 22.2424 21.9639 16.4043 14.3098 17.2692 14.3672 15.7686 14.9106 13.9116
threshold=64.500000000000014 21.558050000000005 35.691200000000002 18.069600000000005 481.15719911614923 1880.5000000000002 29.500000000000004 34.500000000000007 34.500000000000007 1958.5000000000002 2.8864000000000005 40.736550000000001 1895.5000000000002 1760.5000000000002
decision_type=2 10 10 8 10 2 2 8 2 2 10 10 2 2
left_child=1 4 -3 -4 5 6 -1 13 -7 10 11 -10 -13 -8
right_child=-2 2 3 -5 -6 8 7 -9 9 -11 -12 12 -14 -15
leaf_value=0.00048715695429330875 -0.030329032507748543 0.002917158826173414 0.0060657889005397763 -0.01317108947405431 -0.0039069525576936161 0.0030396825584915145 -0.019357827086619504 -0.0015798141524831118 -0.0021351180450900863 0.020239806980897397 -0.014336015338527554 -0.010520554669133366 0.014451902382649534 -0.0056972568591444304
leaf_weight=14253.262707840651 95.971570286899805 401.55275426805019 129.64806639030576 632.09047795459628 2116.9957960434258 10567.255636762828 215.62132442556322 3178.7239467371255 2249.999765759334 73.07180555164814 186.93628802150488 60.376308171078563 260.08381955325603 1064.7041459493339
leaf_count=59529 3033 1735 584 2762 9409 45514 1293 14388 10921 445 1122 320 1363 5221
internal_value=6.46558e-05 0.000164161 -0.00545197 -0.00982555 0.000358112 0.000641562 -0.000471967 -0.00352627 0.00219519 -0.000956848 -0.00166027 -0.000634859 0.00940533 -0.00826021
internal_weight=35486.3 35390.3 1163.29 761.739 34227 32110 18712.3 4459.05 13397.7 2830.47 2757.4 2570.46 320.46 1280.33
internal_count=157639 154606 5081 3346 149525 140116 80431 20902 59685 14171 13726 12604 1683 6514
is_linear=0
shrinkage=0.05


Tree=79
num_leaves=15
num_cat=0
split_feature=0 3 0 0 3 3 8 11 3 5 4 10 3 3
split_gain=37.7927 18.7548 15.7988 13.6349 25.1697 18.4307 14.2567 27.3702 16.0275 18.9776 16.909 15.1134 14.4876 15.9495
threshold=64.500000000000014 1688.5000000000002 25.500000000000004 45.500000000000007 1968.5000000000002 1976.5000000000002 1492.1786247422351 17.033650000000005 1939.5000000000002 18.9222 56.471450000000011 41.21840000000001 1830.5000000000002 1893.5000000000002
decision_type=2 2 2 2 2 2 10 10 2 10 10 10 2 2
left_child=1 2 -1 5 -5 6 8 11 9 10 -3 -8 -12 -14
right_child=-2 3 -4 4 -6 -7 7 -9 -10 -11 12 -13 13 -15
leaf_value=0.0003352698094852094 -0.029179659820724749 0.00037475555733647867 -0.01049833339450601 -0.0047744899375615204 0.020110462383077322 -0.025317841119432406 -0.015769855935001641 0.0047202813093795096 0.0060476431421573485 -0.006976229086859841 -0.0023747088450162342 0.0043257892447336769 0.020565699159082941 0.0027896945822435131
leaf_weight=584.86033029854298 92.497398890554905 27781.097935512662 768.73401951231062 2178.1946559902281 87.005612824112177 49.797560438513756 481.72693863511086 385.45666478574276 1271.1719639748335 837.02432277798653 227.38807167112827 105.84894540905952 264.87781502306461 239.49149949848652
leaf_count=2476 3007 115760 3881 15359 571 216 2035 1579 5222 3478 994 437 1098 990
internal_value=-0.0002454 -0.000153005 -0.00588063 7.89635e-05 -0.00365103 0.000348109 0.000404554 -0.00549216 0.000595394 0.000355295 0.000575258 -0.0121265 0.00797483 0.0125534
internal_weight=35355.2 35262.7 1353.59 33909.1 2265.2 31643.9 31594.1 973.033 30621.1 29349.9 28512.9 587.576 731.757 504.369
internal_count=157103 154096 6357 147739 15930 131809 131593 4051 127542 122320 118842 2472 3082 2088
is_linear=0
shrinkage=0.05


Tree=80
num_leaves=15
num_cat=0
split_feature=1 0 3 0 0 12 5 8 2 3 3 9 12 11
split_gain=39.1283 21.2557 19.279 11.3437 12.9294 18.9645 17.119 22.5256 14.5771 15.3978 17.8679 13.1196 11.8047 11.3615
threshold=60.500000000000007 29.500000000000004 1680.5000000000002 13.500000000000002 23.500000000000004 21.939850000000003 -71.061099999999996 1492.1786247422351 1.5000000000000002 1793.5000000000002 1913.5000000000002 51.049500000000009 -87.629199999999983 -73.584099999999992
decision_type=2 2 2 2 2 10 10 10 10 2 2 10 8 8
left_child=1 3 -3 -1 5 -5 7 12 -8 -10 11 -11 -6 -14
right_child=-2 2 -4 4 6 -7 8 -9 9 10 -12 -13 13 -15
leaf_value=0.020822246359319577 -0.032655742835135858 -0.011631122778400661 -0.00086166717619968374 -0.00050223222781186272 0.017237664668617449 -0.019227492358528844 0.011261562262346311 -0.01923237953569314 -0.0055985635779531558 0.0020444746601905026 -0.0016949817788116863 0.012347259320327354 -0.0098532710868229137 0.0013708543175056048
leaf_weight=54.536825954914093 71.74447007291019 405.3239695224911 18494.37865418382 4101.2336342185736 94.667219251394272 119.87856560945511 751.96884074807167 115.75501523911953 388.67688316106796 511.86313456296921 643.63823536038399 796.83176669478416 211.6287155598402 8716.8959629833698
leaf_count=230 2550 2210 83979 16997 389 497 3177 480 1648 2112 2652 3349 874 36613
internal_value=-4.47723e-05 3.97042e-05 -0.00110468 0.00134967 0.00125993 -0.00112219 0.00208246 0.000989242 0.00528553 0.0032868 0.00509455 0.00840901 0.00129062 0.00108339
internal_weight=35479 35407.3 18899.7 16507.6 16453 4221.11 12231.9 9138.95 3092.98 2341.01 1952.33 1308.69 9023.19 8928.52
internal_count=157757 155207 86189 69018 68788 17494 51294 38356 12938 9761 8113 5461 37876 37487
is_linear=0
shrinkage=0.05


Tree=81
num_leaves=15
num_cat=0
split_feature=0 3 10 0 10 14 10 1 3 5 4 4 3 4
split_gain=38.3695 19.5556 19.1364 15.3917 13.3961 13.2207 14.9492 11.5907 10.1018 8.68537 22.0551 12.5643 19.9178 16.7158
threshold=65.500000000000014 1780.5000000000002 48.778050000000007 43.500000000000007 41.21840000000001 1.0000000180025095e-35 45.754950000000008 28.500000000000004 1788.5000000000002 21.558050000000005 35.691200000000002 56.471450000000011 1830.5000000000002 59.326600000000006
decision_type=2 2 10 2 8 2 10 2 2 10 10 10 2 10
left_child=1 2 4 -4 -1 6 7 -6 -2 11 -11 -3 -13 -14
right_child=8 9 3 -5 5 -7 -8 -9 -10 10 -12 12 13 -15
leaf_value=-0.019670517926163353 0.0083696882609148524 0.00050513031868892997 -0.0062131286834642505 -0.025053076147494788 -0.0015135531643553257 0.0037353159396737268 0.014717204280867983 -0.0096743935099812151 -0.036030041024313224 0.0053868134159696674 -0.0091443769896215783 -0.011574777761459806 0.018025916490420801 0.0025700028970161606
leaf_weight=74.170811263844371 7.1944479160010806 28417.253754131496 1150.0869237631559 103.96351911872625 1847.4969266578555 1188.2476290613413 99.127251077443361 553.32226904667914 71.899810401722789 396.80633440241218 688.98211392760277 109.94213384389877 316.36714797094464 380.88944621756673
leaf_count=342 233 123937 5176 891 7757 5207 474 2756 2468 1712 2990 482 1385 1664
internal_value=-4.80458e-05 3.9084e-05 -0.0028462 -0.00814377 -0.00104672 -0.000568119 -0.00262699 -0.00345879 -0.0311173 0.000518167 -0.00383251 0.00068232 0.00675722 0.00988992
internal_weight=35405.8 35326.7 5016.42 1254.05 3762.36 3688.19 2499.95 2400.82 79.0943 30310.2 1085.79 29224.5 807.199 697.257
internal_count=157474 154773 22603 6067 16536 16194 10987 10513 2701 132170 4702 127468 3531 3049
is_linear=0
shrinkage=0.05


Tree=82
num_leaves=15
num_cat=0
split_feature=0 3 0 8 1 0 0 5 3 0 12 6 7 6
split_gain=35.0262 17.135 15.7275 17.314 13.0768 11.4127 13.8077 13.6247 14.1337 18.2087 11.1491 10.1557 13.3369 12.8817
threshold=65.500000000000014 1692.5000000000002 34.500000000000007 288.30713656163255 8.5000000000000018 29.500000000000004 20.500000000000004 -92.244049999999987 1889.5000000000002 49.500000000000007 -0.15409999999999999 55.676650000000002 8.5439000000000025 58.012850000000007
decision_type=2 2 2 10 2 2 2 8 2 2 10 10 10 10
left_child=1 2 3 -1 -3 6 -6 -7 9 11 -11 12 -9 -13
right_child=-2 4 -4 -5 5 7 -8 8 -10 10 -12 13 -14 -15
leaf_value=-0.0011068415270315581 -0.030062778343551338 0.022233943595140339 -0.015948008776307903 -0.025578556792480795 -0.0049189992997972299 -0.014278630960370195 0.0016062699182538315 -0.0010819054078954856 0.0010542446540783357 -0.0062024093712001131 -0.02398769229987735 0.02008993330929186 -0.0093107114641531093 -0.00048815503077849053
leaf_weight=1141.8603309094906 76.759464809671044 47.765412047505379 257.88593976572156 57.340979382395744 839.0236020386219 160.20169613882899 14627.824641600251 8573.571697331965 8323.1030665151775 351.25122807733715 109.09276730939746 104.44664797186852 503.1390270665288 193.19783712923527
leaf_count=4937 2706 203 1696 273 3443 767 61176 36016 37983 3403 1257 448 2211 845
internal_value=-2.10296e-05 6.13059e-05 -0.00521025 -0.00267738 0.000291283 0.000247124 0.0012464 -0.000597057 -0.00046077 -0.00174246 -0.0112405 -0.00125311 -0.00155751 0.00754319
internal_weight=35366.5 35289.7 1457.09 1199.2 33832.6 33784.9 15466.8 18318 18157.8 9834.7 460.344 9374.36 9076.71 297.644
internal_count=157364 154658 6906 5210 147752 147549 64619 82930 82163 44180 4660 39520 38227 1293
is_linear=0
shrinkage=0.05


Tree=83
num_leaves=15
num_cat=0
split_feature=1 1 3 11 8 3 3 10 9 2 10 11 11 3
split_gain=25.5948 12.3403 12.6319 19.1602 11.9362 11.7841 11.6231 12.49 10.7868 22.93 13.8453 16.9208 19.5978 14.7032
threshold=53.500000000000007 9.5000000000000018 1844.5000000000002 6.0231500000000002 7.8879013902593105 1656.5000000000002 1837.5000000000002 39.946700000000007 35.20835000000001 8.5000000000000018 37.987100000000005 -1.6131499999999999 -2.2448999999999999 1900.5000000000002
decision_type=2 2 2 10 10 2 2 8 8 10 8 8 10 2
left_child=1 -1 3 4 6 -5 7 -3 9 -4 -10 12 13 -12
right_child=-2 2 8 5 -6 -7 -8 -9 10 -11 11 -13 -14 -15
leaf_value=0.018799842092446457 -0.015549182492401307 -0.020723599670747862 0.013966083882088762 -0.020022276613186757 0.0087011231968912323 -0.0048774196997656344 -0.0060236813614142765 -0.00010499542069885785 -0.0059052801585850788 -0.00855830331647176 0.0091195562811047619 0.00031587370299648268 0.02017474641838209 -0.00083464204793642297
leaf_weight=67.15243011713028 246.36247313953936 54.057054623961449 373.96444407105446 123.19549491256475 319.37732940353453 1622.8011173941195 954.05445003509521 8974.2944371830672 798.1425368078053 142.83821991086006 634.93104210868478 20041.102002469823 182.12788060121238 848.6286008618772
leaf_count=286 4865 226 1576 625 1418 7580 3986 38198 3558 681 2831 87025 809 3796
internal_value=-0.000108381 8.66703e-06 -3.80099e-05 -0.00134849 -0.000522537 -0.00616067 -0.000834447 -0.000273982 0.000648367 0.00765369 0.000480844 0.000720877 0.0055322 0.00349018
internal_weight=35383 35136.7 35069.5 12047.8 10301.8 1746 9982.41 9028.35 23021.7 516.803 22504.9 21706.8 1665.69 1483.56
internal_count=157460 152595 152309 52033 43828 8205 42410 38424 100276 2257 98019 94461 7436 6627
is_linear=0
shrinkage=0.05


Tree=84
num_leaves=15
num_cat=0
split_feature=0 3 1 1 5 10 0 5 5 10 0 2 11 10
split_gain=25.5661 14.43 46.3149 24.0798 23.0463 20.9121 19.3207 17.4119 16.6659 16.2595 13.2035 14.9796 12.6425 18.0972
threshold=65.500000000000014 1919.5000000000002 19.500000000000004 28.500000000000004 10.400800000000002 54.977900000000012 30.500000000000004 1.8368000000000002 0.12345000000000002 52.999750000000006 50.500000000000007 9.5000000000000018 25.446650000000002 34.053300000000007
decision_type=2 2 2 2 8 10 2 10 8 10 2 8 10 10
left_child=1 3 -3 8 -4 6 -6 -5 9 -1 11 -9 -10 -14
right_child=-2 2 4 7 5 -7 -8 10 12 -11 -12 -13 13 -15
leaf_value=0.0070990024185869638 -0.02631204163674818 -0.020629902832486936 -0.0010622050689919507 -0.0018552174922068715 0.01315966761644484 -0.0048458767167182601 0.0044083430437937164 -0.012082023091857033 0.00028545895419237902 -0.0033809729084800194 -0.02854514974675958 0.0028726756838910895 0.0043897868097625076 -0.014190840721724768
leaf_weight=1620.0508660636842 72.468479089438915 190.50690194219351 1912.0008324850351 8520.9863298051059 929.92616929113865 391.13335217535496 1983.5827873367816 480.28730177134275 17999.393135730177 464.7867901660502 64.507006708532572 241.83412627875805 195.93767330050468 333.96441306173801
leaf_count=6923 2656 796 8608 38804 4005 1745 9579 2117 76007 2020 843 1175 836 1418
internal_value=-5.54663e-05 1.32491e-05 0.00238541 -0.00041673 0.00330149 0.00581744 0.00727224 -0.00252476 0.000536603 0.00475271 -0.00955159 -0.00713134 5.76122e-05 -0.00741065
internal_weight=35401.4 35328.9 5407.15 29921.7 5216.64 3304.64 2913.51 9307.61 20614.1 2084.84 786.628 722.121 18529.3 529.902
internal_count=157532 154876 24733 130143 23937 15329 13584 42939 87204 8943 4135 3292 78261 2254
is_linear=0
shrinkage=0.05


Tree=85
num_leaves=15
num_cat=0
split_feature=1 0 1 9 12 1 10 12 9 12 8 2 12 5
split_gain=33.8647 17.7656 12.2736 10.6004 13.9328 15.8064 11.7327 37.9093 15.5941 14.1468 18.3365 25.9354 18.5831 14.0254
threshold=60.500000000000007 47.500000000000007 8.5000000000000018 -22.972199999999997 21.01275 25.500000000000004 41.21840000000001 -6.2601499999999985 48.778050000000007 -2.6852499999999995 1406.2337030154206 4.5000000000000009 -81.562649999999977 1.8368000000000002
decision_type=2 2 2 8 10 2 8 8 8 10 8 10 10 10
left_child=1 2 -1 -4 6 -6 9 -8 13 10 11 12 -5 -9
right_child=-2 -3 3 4 5 -7 7 8 -10 -11 -12 -13 -14 -15
leaf_value=0.020247848376923581 -0.031541634628899612 -0.0048576177663602962 0.012489634541287589 0.022346750553184185 -0.010464255043861236 0.0027663104405796987 0.01167506607338426 -0.0047720218726189307 0.00017985047991733925 0.0073808873790502704 -0.010067878276686287 -0.0087833793706599741 -0.00059701695519547634 0.0091567408801739008
leaf_weight=57.630795955657959 64.56017997302115 1674.6274699810892 158.67236223816872 150.59852629899979 596.07921594381332 345.29577551037073 744.50502125918865 214.8821721971035 28986.351613067091 238.59586270153522 850.682666644454 325.6731550693512 180.74117243289948 845.49199515581131
leaf_count=245 2528 13842 668 617 2487 1464 3129 910 121638 988 3596 1365 743 3537
internal_value=6.24412e-05 0.00013792 0.000388929 0.000342894 0.000277902 -0.0056547 0.000452913 0.000679839 0.000399812 -0.00351072 -0.00530841 0.000969403 0.0105097 0.00629802
internal_weight=35434.4 35369.8 33695.2 33637.6 33478.9 941.375 32537.5 30791.2 30046.7 1746.29 1507.7 657.013 331.34 1060.37
internal_count=157757 155229 141387 141142 140474 3951 136523 129214 126085 7309 6321 2725 1360 4447
is_linear=0
shrinkage=0.05


Tree=86
num_leaves=15
num_cat=0
split_feature=0 0 3 3 3 1 6 3 1 7 10 10 6 3
split_gain=29.2135 13.1353 17.627 13.7866 11.1857 10.4858 9.74967 19.1657 23.0116 18.1892 15.6176 15.0966 12.1336 18.456
threshold=59.500000000000007 29.500000000000004 1680.5000000000002 1962.5000000000002 1977.5000000000002 23.500000000000004 55.676650000000002 1944.5000000000002 24.500000000000004 2.3324000000000003 49.753700000000002 49.066950000000013 58.252500000000005 1882.5000000000002
decision_type=2 2 2 2 2 2 8 2 2 10 10 10 8 2
left_child=1 3 -3 -1 5 -2 7 9 -9 -4 11 -11 13 -8
right_child=4 2 6 -5 -6 -7 12 8 -10 10 -12 -13 -14 -15
leaf_value=0.001205131650071896 0.012079862914052676 -0.011009222437714017 -0.00027093575849964643 -0.016958068072398459 0.013870047906010869 -0.026011620542113215 0.024290085153367145 -0.013086154155018679 0.0071133868920051583 -0.0057168711324938459 -0.013379002400902413 0.014113788459860341 -0.00020539748771261835 -0.0005887632167143231
leaf_weight=16337.446634560823 8.6252866573631746 397.19664134830236 1404.8065163269639 85.219427973031998 10.080141922459005 153.22615908272564 108.50710958987474 152.58887669444084 768.74091082811356 993.82545010372996 734.10259496793151 86.932174153625965 13904.756183028221 175.33568684756756
leaf_count=68394 185 2190 6237 357 226 4818 493 665 3475 4461 3433 394 61218 776
internal_value=-4.72754e-05 5.89179e-05 -0.000845822 0.00109037 -0.0195012 -0.0228764 -0.000613825 -0.00274208 0.00356102 -0.0045566 -0.00783484 -0.00389431 1.02989e-05 0.00989473
internal_weight=35321.4 35149.5 18726.8 16422.7 171.932 161.851 18329.6 4141 921.33 3219.67 1814.86 1080.76 14188.6 283.843
internal_count=157322 152093 83342 68751 5229 5003 81152 18665 4140 14525 8288 4855 62487 1269
is_linear=0
shrinkage=0.05


Tree=87
num_leaves=15
num_cat=0
split_feature=0 6 7 11 5 5 0 2 5 6 11 7 6 11
split_gain=26.6194 14.1142 15.3005 16.5924 10.7699 17.4579 10.7154 16.178 11.6702 9.06915 26.2052 23.3617 21.1987 11.3881
threshold=65.500000000000014 42.73210000000001 -6.2601499999999985 -73.584099999999992 79.02500000000002 28.048450000000003 32.500000000000007 2.5000000000000004 10.960050000000001 55.953500000000005 18.068350000000006 12.750250000000003 55.675950000000007 -1.6131499999999999
decision_type=2 8 8 10 10 10 2 8 8 10 10 10 10 8
left_child=1 4 3 -3 5 -1 9 8 -8 12 11 -11 13 -4
right_child=-2 2 6 -5 -6 -7 7 -9 -10 10 -12 -13 -14 -15
leaf_value=-0.0039268735814178149 -0.027506522457714101 -0.0043794435622917056 0.0064572612650505143 0.017210709752952743 0.0072002906156624739 -0.023424259308859038 -0.019182657462581285 -0.00069129798677946099 -0.0044728791173829696 0.002239091183552601 -0.0043445080573857537 0.027230513075504871 -0.016030496617353101 0.00042768902925060691
leaf_weight=1768.6617595627904 68.96963744238019 124.50499466061592 797.38111992180347 241.60742736980319 173.93181153014302 104.32375718280673 167.23132575117052 11737.145673742518 552.09425424039364 187.20677627623081 303.64614251255989 174.98478521406651 171.67653246223927 18796.797071054578
leaf_count=7815 2687 550 3429 1086 736 457 766 55527 2469 780 1247 728 714 78587
internal_value=-0.000191437 -0.000122526 0.000126582 0.0100219 -0.0041316 -0.00524887 1.04024e-05 -0.00114441 -0.00831907 0.000714881 0.00636799 0.0151063 0.000518204 0.000679395
internal_weight=35370.2 35301.2 33254.3 366.112 2046.92 1872.99 32888.2 12456.5 719.326 20431.7 665.838 362.192 19765.9 19594.2
internal_count=157578 154891 145883 1636 9008 8272 144247 58762 3235 85485 2755 1508 82730 82016
is_linear=0
shrinkage=0.05


Tree=88
num_leaves=15
num_cat=0
split_feature=0 0 0 0 11 11 14 10 11 11 12 10 8 11
split_gain=26.3505 10.538 11.3168 8.86852 10.3875 21.6501 13.6857 11.3651 11.2992 23.4605 13.4596 16.6506 10.2999 10.0146
threshold=65.500000000000014 13.500000000000002 19.500000000000004 47.500000000000007 -72.87309999999998 -74.170399999999987 1.0000000180025095e-35 38.626700000000007 -1.6131499999999999 -2.1982499999999994 -6.2626499999999989 41.21840000000001 819.86118920661818 -3.3546999999999998
decision_type=2 2 2 2 8 8 2 10 8 10 10 10 10 10
left_child=1 -1 -3 4 5 6 -4 -8 9 10 11 -6 -9 -12
right_child=-2 2 3 -5 8 -7 7 12 -10 -11 13 -13 -14 -15
leaf_value=0.01910336232393943 -0.02773992385868625 -0.0068689238426528744 0.0080010971729079002 -0.0034614386176944714 -0.0024314654497984956 -0.014168302046310387 -0.012505490002550735 -0.0038450593160842747 0.00021322452780999626 0.01901495341612305 -0.0071988005275569547 0.01454989204354629 0.01988948263909239 0.0032506259685462246
leaf_weight=52.137403309345245 65.73963675275445 574.09405899047852 320.7816194742918 1651.9624688439071 231.89556588232517 359.68060781061649 224.30357606709003 130.25253762304783 30136.768215440214 216.89742247760296 428.07231226563454 341.59892679750919 46.661008775234222 452.25732091069221
leaf_count=221 2631 2369 1336 13673 970 1516 965 540 126425 930 1828 1445 201 1934
internal_value=-5.48969e-05 1.25933e-05 -2.66098e-05 9.10226e-05 0.000271451 -0.00450205 0.000565518 -0.00547702 0.000436511 0.00441403 0.00200723 0.00783284 0.00379925 -0.00187759
internal_weight=35233.1 35167.4 35115.2 34541.1 32889.2 1081.68 721.999 401.217 31807.5 1670.72 1453.82 573.494 176.914 880.33
internal_count=156984 154353 154132 151763 138090 4558 3042 1706 133532 7107 6177 2415 741 3762
is_linear=0
shrinkage=0.05


Tree=89
num_leaves=15
num_cat=0
split_feature=1 3 11 14 6 2 10 1 3 3 11 8 12 3
split_gain=20.8862 11.378 27.7457 24.7621 14.4394 13.8202 14.6895 9.7167 21.1166 19.5882 13.8755 16.0379 12.8491 16.3029
threshold=60.500000000000007 1807.5000000000002 -2.9882999999999993 1.0000000180025095e-35 42.523000000000003 3.5000000000000004 48.208450000000006 26.500000000000004 1963.5000000000002 1891.5000000000002 3.1597500000000003 1406.2337030154206 3.4347000000000008 1844.5000000000002
decision_type=2 2 10 2 8 10 10 2 2 2 8 8 10 2
left_child=1 2 3 -1 -4 6 -6 8 -3 10 -9 -12 -13 -14
right_child=-2 7 4 -5 5 -7 -8 9 -10 -11 11 12 13 -15
leaf_value=-0.0020278990576832793 -0.025688777883950267 0.0015588589028507809 -0.029557871375757168 0.0054584814611075335 0.015670449665393198 -0.009138220354722745 -0.0034205694004654495 0.0039005995200488749 -0.017350860714973517 0.0012340429681437998 -0.01473032286545886 -0.0034179532299568253 -0.01028129999436319 0.014556884384732051
leaf_weight=3809.9858047459275 59.159733651205897 14534.001243434846 48.71511285007 1532.2003080286086 100.61494136601686 1199.1932481378317 592.25436909869313 705.89151490479708 129.25604273378849 7366.3654508553445 280.23568682558835 4752.3527925126255 78.046696290373802 198.69248363189399
leaf_count=16429 2517 61315 239 6620 437 5900 2652 3355 567 34096 1479 20793 371 906
internal_value=-3.44163e-05 2.30549e-05 -0.001735 0.000131631 -0.00682204 -0.00593361 -0.000286403 0.000480516 0.00136876 -0.000493398 -0.00260594 -0.00348239 -0.00279976 0.00733113
internal_weight=35387 35327.8 7282.96 5342.19 1940.78 1892.06 692.869 28044.8 14663.3 13381.6 6015.22 5309.33 5029.09 276.739
internal_count=157676 155159 32277 23049 9228 8989 3089 122882 61882 61000 26904 23549 22070 1277
is_linear=0
shrinkage=0.05


Tree=90
num_leaves=15
num_cat=0
split_feature=1 3 14 4 3 0 12 0 1 3 3 5 4 6
split_gain=25.8958 10.5082 21.936 19.959 14.622 13.6696 13.3205 12.8754 12.8386 21.081 16.6091 19.0135 15.4441 16.7604
threshold=60.500000000000007 1807.5000000000002 1.0000000180025095e-35 50.877850000000002 1801.5000000000002 39.500000000000007 21.01275 21.500000000000004 26.500000000000004 1957.5000000000002 1924.5000000000002 16.877200000000006 51.500500000000009 50.829300000000011
decision_type=2 2 2 10 2 2 10 2 2 2 2 10 10 10
left_child=1 2 5 4 -4 6 -1 -3 9 12 11 -10 13 -9
right_child=-2 7 3 -5 -6 -7 -8 8 10 -11 -12 -13 -14 -15
leaf_value=-0.0023282158160639718 -0.029066795637356348 -0.0053284359174375099 0.005512628307533473 -0.0099481891772166906 -0.011587323582384302 -0.010735843249106617 -0.02394287088148575 0.0016044562821474551 -0.0011213848727218742 -0.012118467422471635 0.0030567981583712067 -0.013711817038851343 0.0057743292993811327 -0.0060586247214155804
leaf_weight=4543.0831408202648 57.786807395517826 975.6764562278986 1708.873913180083 263.8720398247242 116.21926547214389 579.33762851916254 52.726412788033485 10545.357393562794 10584.532961670309 257.09747358411551 2455.899804096669 288.87933683395386 2066.4343770481646 745.68021836876869
leaf_count=18956 2525 4057 7539 1291 496 3692 240 44477 47387 1101 12086 1321 8784 3187
internal_value=-0.000249394 -0.000185577 -0.00187687 0.00243162 0.00430993 -0.00361867 -0.00267886 0.000255491 0.000461496 0.00154038 -0.000641137 -0.00148044 0.00182101 0.00108855
internal_weight=35241.5 35183.7 7264.11 2088.97 1825.09 5175.15 4595.81 27919.6 26943.9 13614.6 13329.3 10873.4 13357.5 11291
internal_count=157139 154614 32214 9326 8035 22888 19196 122400 118343 57549 60794 48708 56448 47664
is_linear=0
shrinkage=0.05


Tree=91
num_leaves=15
num_cat=0
split_feature=0 0 10 2 0 0 11 12 12 9 9 10 11 4
split_gain=25.7737 13.2044 10.4701 10.1207 9.99337 8.67865 10.8191 13.7602 9.4357 16.0156 21.2726 14.2608 14.0961 13.2651
threshold=65.500000000000014 12.500000000000002 -37.823399999999992 41.500000000000007 18.500000000000004 29.500000000000004 -91.242949999999979 -104.63054999999999 1.6084500000000002 48.138450000000013 44.311550000000004 37.501350000000009 -0.12744999999999998 48.80530000000001
decision_type=2 2 8 10 2 2 8 8 10 10 10 8 10 8
left_child=1 -1 -3 -2 -4 6 -6 -8 9 10 11 -7 -11 -10
right_child=3 2 4 -5 5 8 7 -9 13 12 -12 -13 -14 -15
leaf_value=0.022599144000056554 -0.033438766460918354 0.019331152732424126 -0.0080851508388976381 0.010371910309985117 0.017036062348845311 -0.010365856468910001 -0.019260045117870349 0.0010228761209573349 0.0021279210147121196 0.0014375837709767662 -0.017514905565354719 -0.00014296383929548952 0.0103532102796434 -0.0045365797283018856
leaf_weight=45.456582292914391 57.187044078484178 50.786800323054194 350.59031662344933 6.2893562316894522 84.867340892553329 330.96359319984913 64.10295295715332 15847.319348916411 1001.9849298354238 1608.8443692047149 164.87868352048099 12215.994352692738 596.38809663429856 2799.5689581539482
leaf_count=195 2509 225 1448 168 351 1548 269 66411 4591 7467 760 54950 2768 13463
internal_value=9.70694e-05 0.000162857 0.000120967 -0.0276529 8.21407e-05 0.000169231 0.00102377 0.000917085 -0.000561342 6.54212e-06 -0.000677473 -0.000428691 0.00392013 -0.00277806
internal_weight=35225.2 35161.7 35116.3 63.4764 35065.5 34714.9 15996.3 15911.4 18718.6 14917.1 12711.8 12547 2205.23 3801.55
internal_count=157123 154446 154251 2677 154026 152578 67031 66680 85547 67493 57258 56498 10235 18054
is_linear=0
shrinkage=0.05


Tree=92
num_leaves=15
num_cat=0
split_feature=1 1 12 9 1 10 12 7 10 2 4 10 4 2
split_gain=21.6328 9.45453 9.17898 27.5259 15.0077 13.1741 11.2441 14.0342 13.408 15.0298 16.7475 12.8682 23.383 12.6308
threshold=60.500000000000007 8.5000000000000018 19.038100000000004 35.20835000000001 23.500000000000004 43.795500000000011 13.772300000000003 1.3829 41.21840000000001 7.5000000000000009 61.520850000000003 50.632600000000004 51.507250000000006 1.0000000180025095e-35
decision_type=2 2 10 10 2 10 10 10 10 10 8 10 8 8
left_child=1 -1 6 -4 5 -5 7 8 13 -10 -11 -9 -13 -3
right_child=-2 2 3 4 -6 -7 -8 11 9 10 -12 12 -14 -15
leaf_value=0.017274746444426451 -0.026937416005337424 -0.0066191159072077179 0.0074888061083202562 -0.029313037446318455 -0.002289754246476585 -0.009346435809431267 0.0045146438272712745 -0.00032760406040810517 0.004656565414884033 0.00042356457137504789 -0.01633976298518065 -0.018648788555658092 -0.0034018533677988693 -5.4629984676396147e-05
leaf_weight=58.21006666123867 55.195431718602777 736.25738686323166 357.35111920163035 100.86561115831137 517.26825725287199 379.85557748004794 1324.4500439595431 1911.7747941203415 3109.2654421459883 1387.8263672646135 146.79399858042598 294.53375798650086 1324.7722969651222 23607.116289651021
leaf_count=252 2520 3099 1560 429 2377 1615 6022 8661 13584 6739 688 1496 5949 102538
internal_value=-0.000147643 -9.0454e-05 -0.000128966 -0.00413313 -0.00835998 -0.0145394 3.37397e-05 -0.000151427 0.00021188 0.00266785 -0.00136951 -0.00311828 -0.00636879 -0.000258441
internal_weight=35311.5 35256.3 35198.1 1355.34 997.989 480.721 33842.8 32518.3 28987.3 4643.89 1534.62 3531.08 1619.31 24343.4
internal_count=157529 155009 154757 5981 4421 2044 148776 142754 126648 21011 7427 16106 7445 105637
is_linear=0
shrinkage=0.05


Tree=93
num_leaves=15
num_cat=0
split_feature=0 3 5 1 0 3 3 3 1 5 5 10 4 7
split_gain=22.5825 18.8536 14.7063 14.3509 13.1672 12.9214 12.395 10.1907 18.2675 18.0005 16.3405 16.3632 13.8402 25.2621
threshold=52.500000000000007 1968.5000000000002 2.8864000000000005 28.500000000000004 59.500000000000007 1699.5000000000002 1975.5000000000002 1943.5000000000002 24.500000000000004 18.9222 9.1815500000000014 54.977900000000012 56.471450000000011 12.750250000000003
decision_type=2 2 10 2 2 2 2 2 2 10 10 10 10 10
left_child=5 2 3 -2 -5 -1 7 9 10 12 -9 -12 -7 -14
right_child=1 -3 -4 4 -6 6 -8 8 -10 -11 11 -13 13 -15
leaf_value=-0.004066016271587025 0.012004064651274989 0.017072558049855878 -0.024811019294863061 -0.004574461478538819 -0.02405772646188914 0.00041945279669357321 -0.016443858070676814 -0.0096790384644089549 0.0087413151836005561 -0.005964264659240979 0.013821505269008725 -0.010958035989507852 -0.00024974853264872617 0.017599374846815671
leaf_weight=1595.5581859499216 70.296751324087381 47.557097693905234 133.65296140126884 332.75671858713031 104.1586423702538 29538.376754835248 87.433272957801819 322.2007908821106 950.53389623761177 1062.4325677752495 195.09573650360107 79.169706717133522 486.8949401974678 313.73029813170433
leaf_count=7432 804 617 1931 3305 3787 124784 394 1351 4052 4493 804 326 2102 1326
internal_value=0.000119863 -0.00871745 -0.01109 -0.00667041 -0.0100689 0.000300466 0.00051369 0.000568637 0.00450403 0.000372016 -0.00231308 0.00641 0.000597687 0.00700301
internal_weight=35319.8 688.422 640.865 507.212 436.915 34631.4 33035.9 32948.4 1547 31401.4 596.466 274.265 30339 800.625
internal_count=157508 10444 9827 7896 7092 147064 139632 139238 6533 132705 2481 1130 128212 3428
is_linear=0
shrinkage=0.05


Tree=94
num_leaves=15
num_cat=0
split_feature=1 0 0 3 3 12 11 11 5 12 0 5 8 3
split_gain=18.8633 13.924 13.1029 11.1515 9.36773 16.9769 12.5692 12.3721 16.0808 10.4895 16.2854 12.4653 10.8924 9.77101
threshold=45.500000000000007 13.500000000000002 65.500000000000014 1932.5000000000002 1854.5000000000002 37.614300000000007 -77.412699999999987 -8.1789999999999967 -3.3111499999999996 5.336100000000001 44.500000000000007 4.7761000000000005 0.17152913590193028 1842.5000000000002
decision_type=2 2 2 2 2 10 8 8 8 10 2 10 8 2
left_child=1 -1 3 -2 5 6 -3 -8 -9 11 12 -10 -11 -14
right_child=2 4 -4 -5 -6 -7 7 8 9 10 -12 -13 13 -15
leaf_value=0.022199085103790619 -0.0076960300691204346 -0.022058538254471217 -0.028581694925988367 0.0043781225029764165 0.0010371623012281341 -0.022126405892797119 0.01086871957582523 -0.012783495282345689 -7.6765813045993515e-06 0.013167634195872552 -0.021794329016612102 0.013169974518630698 -0.0051483678873248846 0.0062518673994838257
leaf_weight=53.159659117460251 774.50220117531717 47.325245030224323 43.112455520778894 237.3326967023313 20497.323417428881 71.432977080345154 219.36803530156612 245.49354014545679 11175.336434422061 83.51937210559845 99.533945962786674 162.38836127333343 1353.7337343171239 200.41938745975494
leaf_count=228 6173 197 2122 1974 88502 316 929 1076 47009 354 895 749 6009 823
internal_value=0.00020381 0.000408512 -0.00631821 -0.00483399 0.000361626 -0.000652181 -0.000506927 -0.000399174 -0.000600756 -0.000352839 -0.00394746 0.000203924 -0.00261291 -0.00361747
internal_weight=35264 34209 1054.95 1011.83 34155.9 13658.6 13587.1 13539.8 13320.4 13074.9 1737.21 11337.7 1637.67 1554.15
internal_count=157356 147087 10269 8147 146859 58357 58041 57844 56915 55839 8081 47758 7186 6832
is_linear=0
shrinkage=0.05


Tree=95
num_leaves=15
num_cat=0
split_feature=0 6 3 1 14 7 8 7 4 8 4 3 3 3
split_gain=20.8821 12.3479 14.8138 19.2299 18.521 14.7843 18.4554 14.2728 26.1515 16.6778 15.8535 30.3125 14.4367 14.0173
threshold=65.500000000000014 41.147800000000011 1887.5000000000002 26.500000000000004 1.0000000180025095e-35 -1.8970499999999997 336.57441668363043 11.749200000000002 49.529750000000007 782.17102121332755 57.707100000000004 1931.5000000000002 1895.5000000000002 1813.5000000000002
decision_type=2 8 2 2 2 8 8 10 8 10 10 2 2 2
left_child=1 -1 3 13 5 -5 -7 -4 9 -9 11 12 -10 -3
right_child=-2 2 7 4 -6 6 -8 8 10 -11 -12 -13 -14 -15
leaf_value=-0.0041128514185683872 -0.025639150530844892 -0.001310468445269368 0.0022573114132218033 0.010729187974528849 0.0018006678983929739 -0.018800122222231774 -0.0037661196813746564 0.00070045443130662517 0.0037373233902231332 0.019720780675959008 0.0015208237124401871 0.00072848558947271409 -0.022923921574417316 0.0020064519406272009
leaf_weight=1647.5297340750694 59.056827405467629 5431.8029201701283 11276.448262762278 148.79760820791125 1855.8664667401463 193.90138521045446 5415.5851769037545 426.47023994848132 52.394536793231964 138.73373122140765 349.01578266173601 307.95278356038034 373.44908475503325 7645.3106681518257
leaf_count=7261 2691 23103 50715 681 8572 1054 24511 1837 227 606 1520 1373 1602 31860
internal_value=2.94496e-05 8.69468e-05 0.000295105 -0.00053439 -0.00252858 -0.00392528 -0.00435074 0.00162185 -0.00270119 0.00588356 -0.00720768 -0.0112894 -0.0196231 0.000628815
internal_weight=35322.3 35263.3 33615.7 20691.3 7614.15 5758.28 5609.49 12924.5 1648.02 565.204 1082.81 733.796 425.844 13077.1
internal_count=157613 154922 147661 89781 34818 26246 25565 57880 7165 2443 4722 3202 1829 54963
is_linear=0
shrinkage=0.05


Tree=96
num_leaves=15
num_cat=0
split_feature=0 3 3 14 11 11 5 3 14 8 8 6 0 8
split_gain=18.4588 10.1932 9.32143 14.2504 13.4115 30.1167 13.3678 30.3886 13.3583 15.8833 18.6397 16.5025 14.83 14.5512
threshold=64.500000000000014 1815.5000000000002 1880.5000000000002 1.0000000180025095e-35 -76.478899999999982 -72.87309999999998 51.011500000000005 1917.5000000000002 1.0000000180025095e-35 76.63635056500452 10.56860255371762 56.86225000000001 49.500000000000007 1143.2584142733215
decision_type=2 2 2 2 8 8 8 2 2 10 10 10 2 8
left_child=2 -2 8 4 -4 -6 -5 -8 12 10 -10 -11 13 -1
right_child=1 -3 3 6 5 -7 7 -9 9 11 -12 -13 -14 -15
leaf_value=0.0036369159810948474 0.010750310400518617 -0.029701157400379399 0.013724383999872136 -0.0034913130315061811 -0.018901676755091655 0.0020031658215719731 -0.0020305889763821833 0.010594646648018236 0.0019781422409915045 -0.011501067000938857 0.023525264821216394 0.0147776913937658 -0.012001180071696191 -0.0017668503795960954
leaf_weight=1356.9026727750897 8.5972155053168517 57.748973026871681 215.82931792736053 2932.3313902858645 155.38475631177425 10152.192039623857 1652.4510185047984 647.1932962462306 4091.4794838652015 357.67012446932495 83.165925174951553 53.217265963554382 308.89972444623709 13183.333061508834
leaf_count=5868 345 2656 944 13009 693 45505 7233 3008 17694 1652 366 246 3187 54986
internal_value=-9.37714e-05 -0.0231835 -3.70949e-05 0.000866111 0.0019252 0.00165204 -0.00126331 0.00158327 -0.000769448 0.00158472 0.00251752 -0.00756956 -0.00149759 -0.00125826
internal_weight=35256.4 66.3462 35190.1 15755.4 10523.4 10307.6 5231.98 2299.64 19434.7 4585.53 4174.65 410.887 14849.1 14540.2
internal_count=157392 3001 154391 70392 47142 46198 23250 10241 83999 19958 18060 1898 64041 60854
is_linear=0
shrinkage=0.05


Tree=97
num_leaves=15
num_cat=0
split_feature=0 3 11 9 12 9 3 9 5 1 3 2 5 3
split_gain=17.8824 10.7867 12.6838 9.35776 12.457 15.3829 13.1979 17.0441 11.3843 11.3508 10.1158 11.1244 8.568 15.0358
threshold=65.500000000000014 1692.5000000000002 14.833100000000002 -22.972199999999997 19.042600000000004 35.20835000000001 1930.5000000000002 45.508700000000012 116.42875000000002 9.5000000000000018 1907.5000000000002 2.5000000000000004 14.153050000000002 1943.5000000000002
decision_type=2 2 10 8 10 10 2 10 8 2 2 10 10 2
left_child=1 2 -1 -3 9 8 7 -7 -6 -5 11 -9 -11 -14
right_child=-2 3 -4 4 5 6 -8 10 -10 12 -12 -13 13 -15
leaf_value=-0.0027402809034908896 -0.024280620517805069 0.010996537729884813 -0.018048942245450839 0.020517701643498962 -0.0018235515070842746 -0.02901666992341085 0.0010093365715297864 0.010605288931199304 0.020133211868285913 -0.00010063971471349995 -0.01781406024594042 -0.0080098930817863855 0.0014264021812482272 0.014259355101502502
leaf_weight=1296.2625304199755 57.063319731503725 172.80821466632187 132.82768124341965 48.11765318363905 164.05139895714819 104.5677303597331 265.39571274071932 93.899343840777874 69.74230895191431 30863.261374847963 148.92776953987777 256.40457490086555 1350.2987247221172 256.13897946849465
leaf_count=6066 2731 761 753 208 714 456 1166 404 296 135087 648 1139 5947 1159
internal_value=-0.000221111 -0.000168376 -0.00439262 1.27548e-05 -5.0205e-05 -0.00522768 -0.00825669 -0.0122313 0.00579673 0.000128518 -0.00773321 -0.00271678 8.56911e-05 0.00362274
internal_weight=35279.8 35222.7 1429.09 33793.6 33620.8 1102.99 869.195 603.799 233.794 32517.8 499.232 350.304 32469.7 1606.44
internal_count=157535 154804 6819 147985 147224 4823 3813 2647 1010 142401 2191 1543 142193 7106
is_linear=0
shrinkage=0.05


Tree=98
num_leaves=15
num_cat=0
split_feature=0 3 12 3 6 11 1 6 5 4 1 0 1 3
split_gain=19.1274 13.5214 9.60953 18.3049 16.57 13.9954 11.7048 10.7186 21.5103 14.9818 9.0021 14.427 8.44318 13.7884
threshold=64.500000000000014 1788.5000000000002 19.038100000000004 1931.5000000000002 34.053450000000005 48.161950000000004 9.5000000000000018 59.342750000000002 6.1526500000000013 56.471450000000011 24.500000000000004 30.500000000000004 42.500000000000007 1932.5000000000002
decision_type=2 2 10 2 10 10 2 10 10 10 2 2 2 2
left_child=2 -2 6 4 10 -5 -1 12 -9 -10 -4 -12 -8 -14
right_child=1 -3 3 5 -6 -7 7 8 9 -11 11 -13 13 -15
leaf_value=0.019321623054818021 0.015446702465559493 -0.031102762465099673 -0.0071286247543627824 -0.0021473990985004091 -0.014346435382485432 0.016869018844113692 0.00011212798617405064 -0.010838381420916912 -0.0067718563987803114 0.021419895233430124 0.021397200036211993 -0.0034039690283485624 -0.0058704820473583011 0.0055681500062780467
leaf_weight=58.773518458008766 6.5888018906116477 58.336141148582101 274.68589974567294 257.29032239504158 471.06858499720693 131.48590101487935 31865.030099663883 89.19554939866066 49.548216551542282 202.05847319215536 72.96282334625721 146.78682830184698 1285.7519521489739 313.10345762223005
leaf_count=254 263 2794 1181 1140 2053 567 136050 394 211 890 314 711 8523 2221
internal_value=-0.000153007 -0.0238535 -9.58009e-05 -0.0041945 -0.007838 0.00479472 7.04948e-05 2.56196e-05 0.0085975 0.0157783 -0.00132047 0.00592871 -6.6761e-05 -0.00358934
internal_weight=35282.7 64.9249 35217.7 1354.28 965.504 388.776 33863.5 33804.7 340.802 251.607 494.436 219.75 33463.9 1598.86
internal_count=157566 3057 154509 5966 4259 1707 148543 148289 1495 1101 2206 1025 146794 10744
is_linear=0
shrinkage=0.05


Tree=99
num_leaves=15
num_cat=0
split_feature=1 1 3 11 10 6 6 5 3 3 11 3 7 1
split_gain=14.3702 8.6317 8.52242 12.8508 7.79222 7.44784 15.3422 13.7561 22.0495 18.5747 18.7116 16.5047 18.2731 14.8054
threshold=59.500000000000007 9.5000000000000018 1692.5000000000002 9.9302500000000027 -37.823399999999992 55.847100000000005 55.167100000000005 20.481100000000001 1822.5000000000002 1918.5000000000002 27.151300000000003 1908.5000000000002 12.750250000000003 30.500000000000004
decision_type=2 2 2 10 8 8 10 8 2 2 8 2 10 2
left_child=1 -1 3 -3 -4 6 -6 8 -7 -9 -11 12 -10 -12
right_child=-2 2 4 -5 5 7 -8 9 11 10 13 -13 -14 -15
leaf_value=0.015906344948881514 -0.02108416093364927 -0.0014516295391377105 0.016963381055432224 -0.013800775345423517 -0.00073013098464223792 -0.0027562351349432286 -0.011931739928187909 -0.00035922741675083181 0.0062272936479300005 -0.015172057159175689 0.010393450345852458 -0.00051806179560773638 0.021351356389743541 0.0018579976209747951
leaf_weight=66.261662751436234 60.165715012699366 1162.3671648707241 49.432045085355639 238.99805986508727 6892.9298329465091 1068.5920522473752 300.08400569297373 20438.132293887436 1821.3180021326989 96.147107988595963 877.24734653159976 785.92539828829467 210.99374341219664 1196.4623705651611
leaf_count=289 2786 5388 220 1339 30858 4830 1313 87684 8187 432 3880 3677 906 5760
internal_value=6.11402e-05 0.000109229 7.04082e-05 -0.00372229 0.00023006 0.000195456 -0.00122924 0.000582877 0.00332252 0.00010935 0.0044859 0.00563059 0.00799024 0.00553357
internal_weight=35265.1 35204.9 35138.6 1401.37 33737.3 33687.8 7193.01 26494.8 3886.83 22608 2169.86 2818.24 2032.31 2073.71
internal_count=157549 154763 154474 6727 147747 147527 32171 115356 17600 97756 10072 12770 9093 9640
is_linear=0
shrinkage=0.05


Tree=100
num_leaves=15
num_cat=0
split_feature=0 0 2 3 1 0 6 3 5 6 10 1 2 5
split_gain=18.536 11.5113 9.43628 9.16608 40.9201 17.3062 21.5501 19.36 14.6752 15.8352 21.179 14.3733 13.5687 13.2763
threshold=62.500000000000007 13.500000000000002 41.500000000000007 1919.5000000000002 20.500000000000004 46.500000000000007 51.507250000000006 1756.5000000000002 0.12345000000000002 43.609750000000012 34.053300000000007 20.500000000000004 1.0000000180025095e-35 10.400800000000002
decision_type=2 2 10 2 2 2 8 2 8 8 10 2 10 8
left_child=1 -1 -2 5 -5 8 -7 -8 -3 10 -10 -9 -12 -6
right_child=2 3 -4 4 13 6 7 11 9 -11 12 -13 -14 -15
leaf_value=0.020527516097189343 -0.025765522847448066 0.0035770407125829519 0.011807628753951145 -0.01424767328043286 -0.00027916151609858763 -0.022730106242159778 -0.021568572971245613 0.022385368444053595 0.0047629352878109862 -0.00020098986441523847 0.004256380041626805 -0.0024182429226299144 -0.021759048439106768 0.005060196425441997
leaf_weight=48.980752646923065 78.845617263577878 2569.4077980965376 8.0334848053753358 343.06445727497339 1816.5300889667124 148.55163005553186 108.51166396588087 42.403347544372082 162.53599570691586 25528.85243614018 54.794543549418449 897.82590055093169 240.82559789717197 3212.2313779909164
leaf_count=212 3579 10907 211 1434 8134 1324 1054 291 681 107021 233 6612 1020 14719
internal_value=5.90851e-05 0.00012219 -0.0207318 8.20702e-05 0.00197896 -0.0002615 -0.00610011 -0.00336323 -1.26048e-05 -0.000370001 -0.00938513 -0.000856675 -0.0169728 0.003138
internal_weight=35261.4 35174.5 86.8791 35125.5 5371.83 29753.7 1197.29 1048.74 28556.4 25987 458.156 940.229 295.62 5028.76
internal_count=157432 153642 3790 153430 24287 129143 9281 7957 119862 108955 1934 6903 1253 22853
is_linear=0
shrinkage=0.05


Tree=101
num_leaves=15
num_cat=0
split_feature=1 0 3 5 3 11 1 3 2 5 9 9 9 3
split_gain=16.7365 7.35641 23.1856 20.9776 12.6183 12.1116 10.9276 9.29899 20.6165 14.0679 13.2885 10.6771 11.159 11.407
threshold=60.500000000000007 50.500000000000007 1968.5000000000002 0.8922500000000001 1976.5000000000002 18.069600000000005 20.500000000000004 1941.5000000000002 7.5000000000000009 4.8837500000000009 59.210900000000009 40.651500000000006 40.837900000000012 1964.5000000000002
decision_type=2 2 2 10 2 10 2 2 10 10 10 8 8 2
left_child=1 4 3 6 7 -5 -3 -1 9 11 -11 -9 -13 -14
right_child=-2 2 -4 5 -6 -7 -8 8 -10 10 -12 12 13 -15
leaf_value=-0.00023728376742040023 -0.025032317566841086 0.022139157820147883 0.021785288522559544 -0.026434376879319061 -0.019097301119805454 0.00031607617577248569 -0.0037303982785230048 0.014864302473076513 -0.0047806849545007322 0.016508275538852462 -0.0021936761654226286 -0.019715331868092267 0.0044991953723776852 -0.016960479793562924
leaf_weight=32509.777531288564 48.089206343516707 23.594471279531717 58.230847842991352 151.44235260598361 67.16126874089241 55.556804006919265 659.43938950262964 106.55827753245831 504.29679906368256 444.62188304960728 113.9371615499258 51.434698760509491 410.89252704381943 52.440591156482697
leaf_count=137627 2578 237 525 1915 301 589 6780 448 2158 1827 468 216 1717 223
internal_value=-0.000266695 -0.000218678 -0.00451658 -0.00667836 -9.71571e-05 -0.0198595 -0.00223237 -4.86968e-05 0.00355166 0.00713333 0.0127494 0.00184443 -0.00130583 0.00146905
internal_weight=35257.5 35209.4 948.264 890.033 34261.1 206.999 683.034 34194 1684.18 1179.89 558.559 621.326 514.768 463.333
internal_count=157609 155031 10046 9521 144985 2504 7017 144684 7057 4899 2295 2604 2156 1940
is_linear=0
shrinkage=0.05


Tree=102
num_leaves=15
num_cat=0
split_feature=0 3 7 6 3 0 0 11 7 10 11 11 10 0
split_gain=13.9383 7.89178 16.5196 18.0787 14.4118 19.4135 13.3614 13.2806 23.4714 12.3755 17.6712 15.4985 12.2446 13.8965
threshold=65.500000000000014 1939.5000000000002 1.3829 55.676650000000002 1905.5000000000002 36.500000000000007 56.500000000000007 11.256250000000003 18.068550000000005 55.643050000000009 11.256250000000003 15.630250000000002 50.632600000000004 24.500000000000004
decision_type=2 2 10 10 2 2 2 10 10 8 10 10 10 2
left_child=1 2 6 4 5 12 -1 -5 -9 10 -3 -11 -4 -14
right_child=-2 9 3 7 -6 -7 -8 8 -10 11 -12 -13 13 -15
leaf_value=0.00029201536311845568 -0.022131977873196249 0.00036094340592390513 0.002937972875865922 -0.011245627346694105 -0.0093564181681836181 -0.011189051164991739 -0.013742831814316512 0.012670720051815382 -0.003852022171391255 0.0027990786583042787 0.010493987119214249 -0.017894180213978105 0.0083912458782987968 -0.0093272656043523559
leaf_weight=28608.163260921836 51.528427446261048 1022.0150734297931 1180.873054087162 123.21555335074663 1129.7049492206424 478.48183097317815 150.59577525220811 455.21834661252797 379.06093951687217 217.678227532655 724.95732127316296 129.60327080637217 124.09863255918026 495.45547623932362
leaf_count=122576 2718 4648 4904 535 4898 2888 3008 2020 1697 1325 3267 572 521 2089
internal_value=-8.26641e-05 -3.78614e-05 -0.000226766 -0.00308509 -0.00478478 -0.00245683 0.000209022 0.00293978 0.00524906 0.00292393 0.00463713 -0.0054774 -3.8722e-05 -0.00562677
internal_weight=35270.7 35219.1 33124.9 4366.11 3408.61 2278.91 28758.8 957.495 834.279 2094.25 1746.97 347.281 1800.43 619.554
internal_count=157666 154948 145136 19552 15300 10402 125584 4252 3717 9812 7915 1897 7514 2610
is_linear=0
shrinkage=0.05


Tree=103
num_leaves=15
num_cat=0
split_feature=0 0 12 12 10 10 2 0 2 8 10 8 9 8
split_gain=12.964 7.87166 10.933 14.2618 11.3638 8.6197 8.4415 8.37697 8.33829 11.5428 8.27922 14.2297 9.10138 10.6862
threshold=65.500000000000014 29.500000000000004 8.3424000000000014 6.140200000000001 51.507250000000006 50.087800000000009 24.500000000000004 37.500000000000007 17.500000000000004 79.703396217014003 31.198550000000004 6655.9052632384737 51.381650000000008 1676.8637128815406
decision_type=2 2 10 10 10 10 10 2 10 8 8 10 10 8
left_child=1 -1 3 8 5 7 -4 -5 10 -10 12 -12 13 -3
right_child=-2 2 6 4 -6 -7 -8 -9 9 -11 11 -13 -14 -15
leaf_value=0.0008473820102590301 -0.02148971225885022 0.0036546254411831645 -0.0029871253614907659 0.018417979562014544 0.027217367728244703 -0.0091449920674034572 -0.017839190753519807 -0.0024095583187764766 -0.016549310329529353 0.0048215790815317669 -0.00066644967991004141 0.017365510287298529 0.0053945112974654111 -0.02248631928046195
leaf_weight=16392.678881838918 50.01171634811908 47.569931976497173 2681.3421327657998 98.484301626682281 56.97613075748086 65.07820338755846 80.401281533762813 74.479543931782246 47.566486524417996 1114.0803532637656 14243.121126893908 90.271346271038055 61.788754986599088 117.91280416212976
leaf_count=68776 2687 213 12263 407 262 315 756 422 361 6263 63461 402 272 528
internal_value=4.56091e-06 4.73198e-05 -0.000651231 -0.000148542 0.0103855 0.00455952 -0.00354466 0.0101293 -0.00035915 0.0036812 -0.000686096 -0.000528846 -0.0097585 -0.015388
internal_weight=35221.8 35171.8 18779.1 16017.3 295.018 238.042 2761.74 172.964 15722.3 1161.65 14560.7 14333.4 227.271 165.483
internal_count=157388 154701 85925 72906 1406 1144 13019 829 71500 6624 64876 63863 1013 741
is_linear=0
shrinkage=0.05


Tree=104
num_leaves=15
num_cat=0
split_feature=1 3 11 9 5 1 3 1 11 5 5 3 11 3
split_gain=14.4343 7.24059 14.9805 11.4801 14.5896 5.87895 6.13002 26.7315 15.3115 14.8768 14.4991 21.5178 11.2372 10.1216
threshold=60.500000000000007 1692.5000000000002 6.958050000000001 51.498850000000012 4.5932000000000004 48.500000000000007 1919.5000000000002 23.500000000000004 60.714750000000002 1.1039000000000001 3.2260000000000004 1848.5000000000002 -73.584099999999992 1917.5000000000002
decision_type=2 2 10 8 8 2 2 2 8 8 8 2 8 2
left_child=1 2 3 -1 -5 6 9 8 -8 13 11 -11 -12 -3
right_child=-2 5 -4 4 -6 -7 7 -9 -10 10 12 -13 -14 -15
leaf_value=0.015767389794955188 -0.023679547632660582 0.0038890633481995503 -0.013303721658187254 -0.019806198640952358 -0.00036572312684021773 -0.0049250476848966994 -0.0073155093782160067 0.0036864635453107333 0.0078053864976260672 0.0052110051300193229 -0.015416385765557547 -0.017542050757883784 -0.0002622111976356569 -0.014140550733280605
leaf_weight=75.621338959783316 44.805296150967479 2655.5281857214868 288.43759292550385 87.328745389357209 965.54948063008487 555.08318981155753 985.44208702817559 4013.9978992529213 183.78081404045224 150.65980927087367 102.94558259472251 268.62119056098163 24823.858163205907 60.917518964037299
leaf_count=363 2538 11749 1604 418 4400 5134 4134 17922 795 659 434 1343 105842 269
internal_value=-0.000103865 -6.04486e-05 -0.00353661 -0.000851993 -0.00231733 8.72778e-05 0.000173876 0.00175016 -0.00484748 -0.000118306 -0.000496072 -0.0095012 -0.000337106 0.00338435
internal_weight=35262.6 35217.8 1416.94 1128.5 1052.88 33800.8 33245.8 5183.22 1169.22 28062.5 25346.1 419.281 24926.8 2716.45
internal_count=157604 155066 6785 5181 4818 148281 143147 22851 4929 120296 108278 2002 106276 12018
is_linear=0
shrinkage=0.05


Tree=105
num_leaves=15
num_cat=0
split_feature=0 3 3 12 3 4 9 0 11 1 12 4 7 12
split_gain=10.3081 15.7649 11.9261 11.8639 18.9272 15.065 11.3275 10.8997 10.7711 9.06761 12.2004 8.44285 12.5718 8.00285
threshold=41.500000000000007 1971.5000000000002 1968.5000000000002 2.3523500000000004 1823.5000000000002 57.787650000000006 48.732900000000008 50.500000000000007 18.068350000000006 20.500000000000004 -0.11255 52.017350000000008 15.970400000000001 -4.5692999999999993
decision_type=2 2 2 10 2 8 10 2 10 2 10 10 10 10
left_child=1 -1 3 9 -5 7 -4 11 -9 -2 13 12 -6 -11
right_child=2 -3 6 4 5 -7 -8 8 -10 10 -12 -13 -14 -15
leaf_value=0.0002158295889119129 0.0099445894911370722 -0.019909428959210915 -0.0041550128940424326 -0.022731125853309615 0.0089652397793681862 0.008991000764316295 0.023257629955551477 -0.028801975543560274 0.0024532142181683957 -0.0018437394122610279 0.012315792188747482 -0.013872627011709902 -0.012337270647163423 -0.0095426935762213012
leaf_weight=30888.079450085759 142.29591181874275 77.616546452045441 57.598628238774836 159.67169648502022 173.0866272971034 148.30248801782727 66.464525641873479 81.026963150128722 33.850068848580122 2714.7949058124796 119.56680485233665 115.68190942704678 88.195647709071636 368.53483219351619
leaf_count=129024 797 338 460 1387 839 929 496 1085 363 17507 841 541 421 2433
internal_value=-0.000165532 0.000152567 -0.00246281 -0.00294158 -0.0083368 -0.00416651 0.0117208 -0.00833013 -0.0205941 -0.00160974 -0.00218159 -0.0037435 0.00140865 -0.00281953
internal_weight=35234.8 30965.7 4269.07 4145.01 799.815 640.144 124.063 491.841 114.877 3345.19 3202.9 376.964 261.282 3083.33
internal_count=157461 129362 28099 27143 5565 4178 956 3249 1448 21578 20781 1801 1260 19940
is_linear=0
shrinkage=0.05


Tree=106
num_leaves=15
num_cat=0
split_feature=0 8 4 2 6 2 8 8 6 11 7 11 5 4
split_gain=12.7093 16.2662 18.6339 10.7132 6.76087 14.9839 13.4493 14.6347 15.6097 14.1321 11.8577 16.2242 9.87025 9.84165
threshold=51.500000000000007 672.66289325358957 54.216350000000013 8.5000000000000018 42.36140000000001 6.5000000000000009 1492.1786247422351 862.29022012900384 35.213450000000009 10.518200000000002 -5.6595499999999985 -73.584099999999992 2.3974000000000006 47.497000000000007
decision_type=2 10 8 10 8 10 10 10 10 10 8 8 10 10
left_child=4 2 -2 -3 5 6 7 8 -1 -8 11 -6 -10 -7
right_child=1 3 -4 -5 10 13 9 -9 12 -11 -12 -13 -14 -15
leaf_value=0.011727496626373221 -0.021315907314105077 -0.011678356125549343 -0.00345359197053731 0.020485972087669908 -0.0054442461631980712 -0.010686828462947275 -0.015001503778649842 0.019233598263355758 -0.00034612362878205772 0.0051541588510087121 0.00028603221737923351 0.014987905195236184 -0.01840755964482995 0.0040858651568435973
leaf_weight=223.43465787172318 188.67548901028931 21.484026365913451 520.85464347992092 68.954733554273844 130.27812440693378 612.22944863140583 203.0656129270792 117.81243617832661 408.59780568629503 129.35245968401432 32097.846472039819 283.85027530789375 73.052486009895802 126.03878626227379
leaf_count=934 2784 233 7687 766 553 2673 862 487 1698 532 136142 1205 303 543
internal_value=8.09768e-05 -0.00607113 -0.00865763 0.012114 0.000227464 -0.00266102 0.000908486 0.00432353 0.00137041 -0.00731101 0.00039723 0.00860558 -0.00371019 -0.00812355
internal_weight=35205.5 799.969 709.53 90.4388 34405.6 1893.58 1155.32 822.897 705.085 332.418 32512 414.128 481.65 738.268
internal_count=157402 11470 10471 999 145932 8032 4816 3422 2935 1394 137900 1758 2001 3216
is_linear=0
shrinkage=0.05


Tree=107
num_leaves=15
num_cat=0
split_feature=0 2 4 6 12 0 5 5 1 6 6 10 11 0
split_gain=11.4979 9.00405 7.55638 9.77499 9.91384 16.8617 12.43 12.1615 10.8185 10.7397 10.1835 8.52563 8.29036 7.83753
threshold=65.500000000000014 41.500000000000007 -18.961799999999997 41.147800000000011 1.6084500000000002 23.500000000000004 3.3425000000000007 8.4569500000000009 17.500000000000004 43.609750000000012 48.874850000000009 46.534000000000006 13.001400000000002 56.500000000000007
decision_type=2 10 8 8 8 2 8 10 2 8 10 8 10 2
left_child=2 -2 -1 -4 5 -5 10 8 -7 -8 -6 12 -11 -13
right_child=1 -3 3 4 6 7 9 -9 -10 11 -12 13 -14 -15
leaf_value=0.0096497210688555324 -0.027119759422233648 0.012833884664809584 -0.0038093596207892906 -0.0068106459439460131 -0.0023837239312619442 -0.011129467902181899 -0.014989785103208586 0.018262164867097076 0.0033904956765201939 0.011886082127224541 -0.017105138690329612 1.3266709480073056e-05 0.00077922964257142065 -0.010653069912001628
leaf_weight=185.57370161637664 43.746825097128749 5.3104502353817216 1558.6227547638118 427.31396800279617 335.35746801272035 113.65357403457165 98.668322946876287 114.47421538457274 3755.1026457529515 276.62408319301903 167.69427464902401 27575.991100080311 394.49199821054935 153.30414985120296
leaf_count=823 2581 160 6902 1808 1501 493 443 499 17013 1262 914 118269 1730 3114
internal_value=5.16561e-05 -0.0203305 9.16398e-05 3.54338e-05 0.000216956 0.00241985 -0.00011949 0.00343916 0.00290889 2.06794e-05 -0.00775757 8.33404e-05 0.00556879 -5.33388e-05
internal_weight=35205.9 49.0573 35156.9 34971.3 33412.7 4410.54 29002.1 3983.23 3868.76 28499.1 503.052 28400.4 671.116 27729.3
internal_count=157512 2741 154771 153948 147046 19813 127233 18005 17506 124818 2415 124375 2992 121383
is_linear=0
shrinkage=0.05


Tree=108
num_leaves=15
num_cat=0
split_feature=0 3 11 3 1 1 1 3 3 8 11 14 6 6
split_gain=11.3055 8.72145 12.5072 8.07609 6.7311 7.29821 6.89399 18.6023 15.0103 14.0469 21.9868 25.1658 17.2922 15.3774
threshold=65.500000000000014 1680.5000000000002 16.189550000000004 1788.5000000000002 8.5000000000000018 15.500000000000002 26.500000000000004 1957.5000000000002 1919.5000000000002 0.00011439615133674166 -2.1159499999999993 1.0000000180025095e-35 56.402600000000007 52.080450000000006
decision_type=2 2 10 2 2 2 2 2 2 10 10 2 10 8
left_child=1 2 -1 -2 -3 -6 7 -7 9 13 11 -11 -12 -8
right_child=3 4 -4 -5 5 6 8 -9 -10 10 12 -13 -14 -15
leaf_value=-0.0025913151888102282 0.011849920296411949 0.015606208312851713 -0.020794069775668157 -0.026784855829080325 -0.0067695666724822516 0.0010253185267056375 0.007856492433809573 -0.011914310525346302 0.0023996289140100959 0.027977168599339831 -0.014240603047091183 -0.01041656026186865 0.0039387633198811603 -0.0013234811477268486
leaf_weight=1035.265294322744 4.9550204258412114 50.141711354255676 84.968241855502129 42.772706483490765 362.18369335308671 18166.633752202615 456.93854564428329 262.14837574586272 3238.7489625085145 68.881173986941576 617.99713303893805 66.830389715731144 155.14678679592907 10571.906580323353
leaf_count=4861 232 222 478 2485 1535 76733 2132 1126 15650 323 3113 329 722 47477
internal_value=-5.04107e-05 -1.10671e-05 -0.00431249 -0.020459 0.000133034 0.000101023 0.000179054 0.000828536 -0.000609667 -0.00142875 -0.0073353 0.0101609 -0.0105852 -0.000929611
internal_weight=35185.5 35137.8 1120.23 47.7277 34017.6 33967.4 33605.2 18428.8 15176.4 11937.7 908.855 135.712 773.144 11028.8
internal_count=157418 154701 5339 2717 149362 149140 147605 77859 69746 54096 4487 652 3835 49609
is_linear=0
shrinkage=0.05


Tree=109
num_leaves=15
num_cat=0
split_feature=1 3 2 3 12 10 11 3 3 8 1 3 12 4
split_gain=9.32312 16.2626 15.3899 14.9902 10.2226 14.6858 14.0525 14.9745 12.7318 12.6331 17.3548 13.1423 17.0662 12.0934
threshold=36.500000000000007 1957.5000000000002 1.0000000180025095e-35 1961.5000000000002 18.0609 34.686500000000009 16.375650000000004 1904.5000000000002 1842.5000000000002 1406.2337030154206 30.500000000000004 1888.5000000000002 -6.2626499999999989 51.585600000000007
decision_type=2 2 10 2 10 10 10 2 2 10 2 2 8 10
left_child=3 2 -2 4 6 -6 9 8 -8 11 13 12 -1 -11
right_child=1 -3 -4 -5 5 -7 7 -9 -10 10 -12 -13 -14 -15
leaf_value=0.0082482158425159612 -0.001334981325688064 0.01235108675218272 -0.0088645233107135669 -0.0094561514726974553 0.0049168855107671518 -0.0068161939459776251 0.0014727977940414824 5.1307419023742586e-05 0.017288056707741813 -0.013267401693582901 0.012287000711175965 0.0019549778348540211 -0.0006113922484999746 0.0088297085983770826
leaf_weight=540.63250546343625 3004.8091638991609 159.88574641291052 860.3613257529214 379.03713048622012 340.7152252048254 1035.7263482362032 201.6848083473742 537.4471920132637 344.43963870033622 438.16172847151756 82.655103432014585 9382.8459428790957 17862.981431161985 57.429066810756922
leaf_count=2312 16535 1413 6363 1681 1458 4515 957 2265 1469 1896 386 40621 75488 250
internal_value=-0.000119751 -0.00237828 -0.00304801 0.00017292 0.000297378 -0.00388304 0.000495278 0.00603092 0.0117058 0.000279708 -0.00690956 0.000434182 -0.000342457 -0.0104636
internal_weight=35228.8 4025.06 3865.17 31203.8 30824.7 1376.44 29448.3 1083.57 546.124 28364.7 578.246 27786.5 18403.6 495.591
internal_count=157609 24311 22898 133298 131617 5973 125644 4691 2426 120953 2532 118421 77800 2146
is_linear=0
shrinkage=0.05


Tree=110
num_leaves=15
num_cat=0
split_feature=1 0 3 3 3 0 5 12 7 3 3 0 0 3
split_gain=9.67062 8.35544 10.6129 8.75677 9.72959 7.30997 6.58184 6.26804 6.2696 6.02257 6.76599 5.89326 7.96718 10.2124
threshold=43.500000000000007 67.500000000000014 1932.5000000000002 1866.5000000000002 1844.5000000000002 13.500000000000002 -1.7499499999999997 -2.2330999999999994 13.357800000000003 1880.5000000000002 1925.5000000000002 20.500000000000004 29.500000000000004 1680.5000000000002
decision_type=2 2 2 2 2 2 10 10 10 2 2 2 2 2
left_child=5 2 3 4 -2 -1 9 -4 -9 -5 -11 -7 -13 -14
right_child=1 -3 7 6 -6 11 -8 8 -10 10 -12 12 13 -15
leaf_value=0.015719563466676273 -0.0048854780602059049 -0.025182140176930108 1.8202823371967391e-05 -0.01811759790394488 0.010690388890386121 -0.0035316848109324729 -0.023642034184661338 0.022934921671875792 -0.0025240285927405352 -0.0019957237093088747 -0.016181269098062168 0.0011076937223180288 -0.008506212522461868 -0.00027475559125106136
leaf_weight=55.624387830495834 285.69997379835695 25.473809715360403 219.81403735186905 85.357787664979696 129.20011851657182 1029.39728705585 52.251403235830367 53.167281620204449 30.694177309051156 461.67112646065652 84.948615344241261 15260.085169523954 365.40686604939401 16981.611510941759
leaf_count=241 2303 1681 1758 677 961 4256 523 447 269 3095 626 64118 2018 74172
internal_value=1.97225e-05 -0.003981 -0.00324744 -0.00551765 0.000233426 0.000191583 -0.00891256 0.00480264 0.014925 -0.00700686 -0.0046936 0.000156578 0.000275109 -0.000457744
internal_weight=35120.4 1428.28 1402.8 1099.13 414.9 33692.1 684.229 303.675 83.8615 631.978 546.62 33636.5 32607.1 17347
internal_count=157145 12340 10659 8185 3264 144805 4921 2474 716 4398 3721 144564 140308 76190
is_linear=0
shrinkage=0.05


Tree=111
num_leaves=15
num_cat=0
split_feature=12 9 12 12 6 3 3 3 9 9 3 4 1 3
split_gain=9.1298 17.7127 11.2153 13.7125 12.0049 16.9703 21.7709 13.5208 13.8495 11.0305 16.1882 13.764 9.02958 8.78277
threshold=19.042600000000004 35.20835000000001 14.017150000000003 14.368950000000002 59.333900000000007 1938.5000000000002 1908.5000000000002 1854.5000000000002 49.842800000000004 47.687100000000008 1918.5000000000002 48.574050000000007 47.500000000000007 1860.5000000000002
decision_type=10 10 10 10 10 2 2 2 10 10 2 8 2 2
left_child=2 13 12 -4 5 6 7 -5 -9 10 -3 -11 -1 -2
right_child=1 9 3 4 -6 -7 -8 8 -10 11 -12 -13 -14 -15
leaf_value=-4.572133732986637e-05 -0.011931060097938564 -0.026676002120344079 0.021974497253858263 -0.0028341553708730446 0.01635824555542139 0.015733462850920872 -0.013648882264041399 0.021791515296335169 0.0013764482106295847 0.016283624934975833 -0.0024997082881215299 -0.0065000928085758043 -0.0056838034517660346 0.0080668911948784863
leaf_weight=31921.091708289459 47.436219841241837 140.75498911179602 83.616199232637882 425.19723101705313 128.20832822844386 151.50017191376537 243.91465016733855 130.29615252837539 192.2639693049714 55.186372175812721 129.61736022867262 588.79935039114207 706.30776084307581 312.44401018414646
leaf_count=137605 202 627 376 2071 569 707 1075 561 856 240 562 2704 8271 1398
internal_value=-0.000141837 -0.00426354 1.51315e-05 0.00443862 0.00296285 0.00120511 -0.00128159 0.00300302 0.0104138 -0.00791479 -0.0160563 -0.00411597 -0.00017118 0.00494157
internal_weight=35256.6 1274.24 33982.4 1355 1271.38 1143.17 991.672 747.757 322.56 914.358 270.372 643.986 32627.4 359.88
internal_count=157824 5733 152091 6215 5839 5270 4563 3488 1417 4133 1189 2944 145876 1600
is_linear=0
shrinkage=0.05


Tree=112
num_leaves=15
num_cat=0
split_feature=1 0 0 10 12 2 12 12 10 10 8 11 11 0
split_gain=9.83454 8.87722 7.4076 6.53568 7.29892 15.3878 12.1772 12.9686 11.431 18.9993 12.6662 15.424 15.8938 10.6611
threshold=59.500000000000007 13.500000000000002 18.500000000000004 -37.823399999999992 1.6084500000000002 57.500000000000007 -0.11255 0.12155000000000001 55.861500000000007 49.634200000000007 1.2444184804404863 20.509650000000004 10.951400000000001 32.500000000000007
decision_type=2 2 2 8 10 8 10 10 10 10 10 10 10 2
left_child=1 -1 -3 -4 6 8 -5 -8 9 -6 -10 12 -12 -11
right_child=-2 2 3 4 5 -7 7 -9 10 13 11 -13 -14 -15
leaf_value=0.017658851484364253 -0.018557655228690555 -0.0070707493090656761 0.015342037483240069 0.00028751617489450987 -0.00033410804805131191 0.0070562514157167331 0.020676642830981529 0.0021814330531209174 -0.0028666939428935892 -0.0035893400076398158 -0.0081009254684551984 -0.0057125229344717277 0.015680665613995792 -0.010642448162840315
leaf_weight=51.47679340839386 51.106631809845567 344.49817170202732 50.137557690963149 27665.495472820476 2700.9649297948927 476.20259913057089 129.82194273918867 273.06640545278788 608.91591446846724 1324.3122237026691 72.066446855664253 159.19094707258046 382.34440085478127 919.0429280269891
leaf_count=224 2730 1427 227 120831 12114 2165 590 1234 2863 5521 318 717 1708 4885
internal_value=1.84094e-05 5.59479e-05 2.00965e-05 9.43945e-05 6.35486e-05 -0.00142428 0.000416441 0.00883713 -0.00209984 -0.00316821 0.00220251 0.00716471 0.0117266 -0.00654732
internal_weight=35208.6 35157.5 35106.1 34761.6 34711.4 6643.04 28068.4 402.888 6166.84 4944.32 1222.52 613.602 454.411 2243.36
internal_count=157554 154824 154600 153173 152946 30291 122655 1824 28126 22520 5606 2743 2026 10406
is_linear=0
shrinkage=0.05


Tree=113
num_leaves=15
num_cat=0
split_feature=1 2 3 3 2 7 14 1 5 7 2 1 4 9
split_gain=12.865 10.8654 11.0789 9.18842 16.6251 13.5486 15.3302 10.7259 9.21868 9.17671 13.3497 8.13342 7.96086 10.6456
threshold=47.500000000000007 20.500000000000004 1950.5000000000002 1940.5000000000002 6.5000000000000009 9.6110000000000024 1.0000000180025095e-35 28.500000000000004 21.558050000000005 18.069600000000005 12.500000000000002 9.5000000000000018 48.353350000000006 46.225900000000003
decision_type=2 8 2 2 10 8 2 2 10 10 10 2 10 8
left_child=3 2 -2 8 5 -5 -7 -6 11 -10 -11 -1 13 -8
right_child=1 -3 -4 4 7 6 12 -9 9 10 -12 -13 -14 -15
leaf_value=0.016024505773593566 -0.026881270369322741 -0.0035184699936949846 0.0028347577094410717 0.0020587904708269603 -0.0070781922904378652 0.0244457344725563 0.00017798501487929828 0.0048383244493055092 -0.00048008721126817898 -0.0057992458286872228 -0.028871746041306469 -0.00014233819963982585 -0.0010966674127966772 0.024996661788576652
leaf_weight=57.988938689231873 90.996845166198909 583.19614180736244 38.789676954038441 623.73759616911411 456.35446293093264 171.2310848981142 79.362769708037376 295.01751387305558 459.76322089321911 321.73506100475788 63.167122561484575 31718.946320941672 180.46198570728302 75.603888407349586
leaf_count=255 1465 6456 589 2598 2013 716 326 1633 2061 1345 335 136776 741 313
internal_value=-0.000183915 -0.00673878 -0.0188073 -4.4639e-05 0.00333382 0.0071173 0.0130301 -0.00239518 -0.000241448 -0.00533537 -0.0108248 -0.000102775 0.00615489 0.0137596
internal_weight=35216.4 712.983 129.787 34503.4 1881.77 1130.4 506.66 751.372 32621.6 844.665 384.902 31776.9 335.429 154.967
internal_count=157622 8510 2054 149112 8340 4694 2096 3646 140772 3741 1680 137031 1380 639
is_linear=0
shrinkage=0.05


Tree=114
num_leaves=15
num_cat=0
split_feature=0 1 10 1 2 3 10 5 1 0 3 11 11 0
split_gain=8.67722 6.52988 8.05376 6.61186 7.05557 17.6558 8.35845 7.87501 8.35148 7.22631 5.25344 18.7602 17.5098 13.4375
threshold=13.500000000000002 14.500000000000002 46.890000000000008 45.500000000000007 13.500000000000002 1933.5000000000002 50.632600000000004 -1.0679999999999998 51.500000000000007 62.500000000000007 1872.5000000000002 -78.879049999999992 -8.1789999999999967 49.500000000000007
decision_type=2 2 10 2 8 2 8 8 2 2 2 8 8 2
left_child=-1 2 -2 10 5 -5 -6 -7 -9 -8 11 -3 -13 -14
right_child=1 3 -4 4 6 7 9 8 -10 -11 -12 12 13 -15
leaf_value=0.017498797982022755 -0.012549732169521259 -0.026019888342740743 0.0067012242901613329 -0.024861793364767515 0.017587761832258141 -0.013974861845174116 -0.0017246763025515694 0.021917027642876102 -0.0087893378406648411 -0.021215804433697652 0.00079341022898627074 0.011391272471366414 -0.00039770787973372366 -0.012842114557778056
leaf_weight=50.880335941910744 188.4793795645237 51.44247904419899 59.168179720640182 98.228749752976 32.674356883391738 23.797513186000288 759.90842487104237 43.637636877596378 20.513925353065133 31.164891643449664 16808.72489933297 292.12330032512546 16538.756010867655 199.84618929028511
leaf_count=223 801 213 262 1226 488 271 5546 304 397 2020 73196 1247 69198 2248
internal_value=2.20711e-05 -1.3165e-05 -0.00779322 4.64721e-05 -0.00390024 -0.0121875 -0.00178272 0.0039518 0.0123427 -0.00299676 0.000166312 -0.000450953 -0.000343291 -0.000561433
internal_weight=35199.3 35148.5 247.648 34900.8 1009.93 186.178 823.748 87.9491 64.1516 791.073 33890.9 17082.2 17030.7 16738.6
internal_count=157640 157417 1063 156354 10252 2198 8054 972 701 7566 146102 72906 72693 71446
is_linear=0
shrinkage=0.05


Tree=115
num_leaves=15
num_cat=0
split_feature=0 3 5 12 1 11 8 5 12 4 2 1 1 3
split_gain=8.67358 16.5198 9.17718 8.95555 8.41667 8.3032 7.95476 10.8611 11.5301 10.3756 15.0121 14.128 11.9566 11.0291
threshold=53.500000000000007 1968.5000000000002 2.8864000000000005 2.9618000000000007 39.500000000000007 18.069600000000005 481.15719911614923 96.892900000000012 10.734950000000003 51.507100000000001 6.5000000000000009 30.500000000000004 31.500000000000004 1925.5000000000002
decision_type=2 2 10 8 2 10 10 10 10 10 10 2 2 2
left_child=6 2 4 -3 -2 -4 -1 8 9 10 13 -12 -11 -8
right_child=1 3 5 -5 -6 -7 7 -9 -10 12 11 -13 -14 -15
leaf_value=0.00042271633468403527 0.0052182693324189346 0.030106796275428106 -0.029741761033843912 -0.0072650258983615662 -0.009907146398236779 0.0013639513693931762 0.0075098103908453409 0.012599647379337556 -0.010198518293362636 0.0090453502464067342 -0.012060980107270382 0.0069866338627072103 -0.010947794986150276 -0.0039441468221691261
leaf_weight=32132.239702910185 121.42286775074899 26.410079568624496 63.151984888128936 14.626123707741497 261.4996869051829 26.630884368903935 353.77979292720556 94.166970402002335 455.03779955208302 354.61209237575531 555.55152815580368 103.44403561204672 75.46630672365427 461.06604039669037
leaf_count=137110 1713 341 1233 225 5583 418 1472 390 1965 1490 2451 492 342 1934
internal_value=0.000115154 -0.00621024 -0.00905279 0.0187708 -0.00509 -0.0219477 0.000212648 -0.00252009 -0.00322451 -0.00146902 -0.00346063 -0.00895331 0.00520654 0.00108957
internal_weight=35099.1 513.742 472.705 41.0362 382.923 89.7829 34585.4 2453.12 2358.96 1903.92 1473.84 658.996 430.078 814.846
internal_count=157159 9513 8947 566 7296 1651 147646 10536 10146 8181 6349 2943 1832 3406
is_linear=0
shrinkage=0.05


Tree=116
num_leaves=15
num_cat=0
split_feature=1 1 6 10 12 11 6 11 5 2 5 6 7 7
split_gain=7.85766 6.84139 5.61611 10.982 12.0651 14.3622 12.0088 8.90423 21.097 9.12912 13.3133 18.4959 10.4681 8.70329
threshold=48.500000000000007 8.5000000000000018 43.609750000000012 48.087350000000008 95.670400000000015 3.2260000000000004 51.512950000000011 60.714750000000002 2.8864000000000005 1.5000000000000002 -92.244049999999987 41.384650000000008 -88.884499999999989 9.1902500000000007
decision_type=2 2 8 8 10 10 8 10 10 10 10 10 10 10
left_child=1 -1 7 4 5 -4 13 8 9 12 11 -11 -3 -7
right_child=-2 2 3 -5 -6 6 -8 -9 -10 10 -12 -13 -14 -15
leaf_value=0.014932895509318506 -0.0056151710410233717 0.022202712397905288 -0.0015604595558396731 3.7418266598126512e-06 -0.014038060234094308 0.0097122784786633481 0.014382925820166113 0.0046490374153785484 -0.015146888663663542 -0.019374585013503726 -0.00025366041275821639 0.0088634007256186333 0.0011201099019470834 0.00019678383634987411
leaf_weight=57.729646109044552 588.61533165536821 57.683476507663727 658.26545263640583 30271.773748680018 72.712057836353779 393.25958613678813 407.1547567229718 358.23821485601366 314.77219479158521 207.72388361208141 907.334198391065 64.58188534528017 253.0638140887022 576.2067607305944
leaf_count=256 7765 240 2922 130736 326 1756 1790 1549 1415 941 4066 288 1059 2515
internal_value=1.68188e-05 0.000115817 8.24276e-05 0.000247789 0.00372009 0.00448509 0.00735686 -0.00237211 -0.00380115 -0.00123608 -0.00324898 -0.0125293 0.00613957 0.00417499
internal_weight=35189.1 34600.5 34542.8 32379.4 2107.6 2034.89 1376.62 2163.4 1805.16 1490.39 1179.64 272.306 310.747 969.466
internal_count=157624 149859 149603 140045 9309 8983 6061 9558 8009 6594 5295 1229 1299 4271
is_linear=0
shrinkage=0.05


Tree=117
num_leaves=15
num_cat=0
split_feature=1 3 0 11 0 1 3 9 0 0 3 9 11 0
split_gain=8.88139 7.47306 8.63237 9.10237 6.49542 7.73534 5.34214 8.37425 10.625 11.7635 6.66432 17.9809 13.7922 10.4063
threshold=56.500000000000007 1680.5000000000002 32.500000000000007 -2.3577499999999998 18.500000000000004 17.500000000000004 1702.5000000000002 50.585150000000006 41.500000000000007 32.500000000000007 1854.5000000000002 39.391800000000011 -8.1789999999999967 22.500000000000004
decision_type=2 2 2 10 2 2 2 8 2 2 2 8 8 2
left_child=1 2 4 -4 -1 -6 7 -3 9 -9 11 -8 -13 -12
right_child=-2 6 3 -5 5 -7 10 8 -10 -11 13 12 -14 -15
leaf_value=-0.01254554157381124 -0.013004905944575054 0.02238448166546346 -0.002862135611558726 -0.022152476748343725 0.010692804446048238 -0.0019554342564776068 -0.016867671824800454 0.0011491060311917506 -0.015554475464881999 0.019880427925606979 -0.0038904912486404184 0.012897755605952937 -0.00058932210081568521 0.0011222002957406725
leaf_weight=92.752022847533226 106.33951942902058 43.582550181075931 143.71082252636552 96.303428100422025 126.63407744467258 668.57938930392265 147.58391591534019 368.90554140508175 49.099031222984195 89.53646582365036 1072.2746102958918 172.6391813121736 11882.602605421096 20074.094985061325
leaf_count=394 3735 228 834 681 561 2913 631 1568 420 453 4538 734 50799 88896
internal_value=0.000228573 0.000276146 -0.00369175 -0.0117108 -0.00131401 0.000271656 0.00041027 0.00520551 0.00293764 0.00548557 0.000327952 -0.000601874 -0.000375136 0.000864584
internal_weight=35134.6 35028.3 1127.98 240.014 887.965 795.213 33900.3 551.124 507.541 458.442 33349.2 12202.8 12055.2 21146.4
internal_count=157385 153650 5383 1515 3868 3474 148267 2669 2441 2021 145598 52164 51533 93434
is_linear=0
shrinkage=0.05


Tree=118
num_leaves=15
num_cat=0
split_feature=3 11 0 0 10 0 2 1 6 3 6 3 2 3
split_gain=6.31092 14.4958 9.99255 9.87054 9.26838 6.59572 12.187 5.44647 7.20668 5.20976 5.17395 14.0034 16.3633 16.6496
threshold=1680.5000000000002 16.351550000000007 32.500000000000007 18.500000000000004 48.832650000000008 64.500000000000014 41.500000000000007 16.500000000000004 50.73640000000001 1652.5000000000002 43.609750000000012 1826.5000000000002 5.5000000000000009 1959.5000000000002
decision_type=2 10 2 2 10 2 10 2 10 2 8 2 10 2
left_child=1 2 3 -1 9 10 -7 -5 -9 -4 11 -2 13 -13
right_child=5 -3 4 7 -6 6 -8 8 -10 -11 -12 12 -14 -15
leaf_value=-0.013702204633792434 -0.016827016744984661 -0.022080294297941113 0.009129161216701813 0.014262513404908805 -0.023423694740119409 -0.023999204476464978 0.018763592206160536 -0.0010744892172056919 0.013292535114318283 -0.0084905274033665375 0.00017297849451747283 0.0052151691456434326 -0.0060434112913577672 -0.012811146333609006
leaf_weight=86.592556074261665 135.21862849034369 79.141862019896507 43.989484876394272 67.843331903219223 72.75036564655602 45.643095856532454 6.0123324636369935 595.97397838532925 81.821593150496483 105.8612617244944 31780.701053986326 962.6020089853555 926.4740281496197 127.97202443890274
leaf_count=367 588 462 239 294 517 2845 178 2549 376 656 139356 4035 4331 569
internal_value=-0.000143765 -0.00378013 -0.00202179 0.000567831 -0.0109522 -2.02771e-05 -0.015174 0.00253968 0.000991135 -0.00285226 1.17157e-05 -0.00234918 -0.00122294 0.00290728
internal_weight=35118.6 1133.97 1054.83 832.231 222.601 33984.6 51.6554 745.639 677.796 149.851 33933 2152.27 2017.05 1090.57
internal_count=157362 5460 4998 3586 1412 151902 3023 3219 2925 895 148879 9523 8935 4604
is_linear=0
shrinkage=0.05


Tree=119
num_leaves=15
num_cat=0
split_feature=1 1 0 0 3 6 14 3 2 4 10 6 1 2
split_gain=7.0481 5.76996 5.27237 5.95297 10.4583 11.5892 10.9998 13.557 12.9849 14.5931 11.9602 19.432 12.95 13.304
threshold=8.5000000000000018 59.500000000000007 18.500000000000004 29.500000000000004 1892.5000000000002 48.856900000000003 1.0000000180025095e-35 1885.5000000000002 4.5000000000000009 52.516400000000012 49.863850000000006 51.825500000000012 23.500000000000004 7.5000000000000009
decision_type=2 2 2 2 2 8 2 2 8 8 8 8 2 10
left_child=-1 2 -2 -4 6 -6 10 8 9 -8 12 -12 -5 -14
right_child=1 -3 3 4 5 -7 7 -9 -10 -11 11 -13 13 -15
leaf_value=0.014885777315691615 -0.0059434838669608393 -0.014659721012132594 0.00071697282530903798 0.011258493313114917 -0.0030850358398013342 0.0016978948255477488 -0.024984607620177228 -0.0099019583409227091 0.0037563326612010841 -0.00023616661396132053 -0.014786239212127803 -0.0025345772433985098 0.0052950892720746547 -0.012849129863941669
leaf_weight=58.826059922575951 355.91136400401592 47.748447678051889 16010.673326060176 296.05848069116473 1554.3640978187323 6470.026712751016 65.110218577086926 227.78171036764979 2058.0198094760999 199.75152655690908 320.43869378790259 7109.2247752156109 223.77537686750293 153.47433205135167
leaf_count=260 1479 2764 67264 1330 7326 29475 294 1020 9685 869 1690 32123 992 859
internal_value=-4.85452e-05 -8.20446e-05 -5.38322e-05 9.98649e-06 -0.000596156 0.000766051 -0.00162169 0.00123465 0.00240191 -0.00764702 -0.00252164 -0.00310126 0.00377921 -0.00236169
internal_weight=35151.2 35092.4 35044.6 34688.7 18678 8024.39 10653.6 2550.66 2322.88 264.862 8102.97 7429.66 673.308 377.25
internal_count=157430 157170 154406 152927 85663 36801 48862 11868 10848 1163 36994 33813 3181 1851
is_linear=0
shrinkage=0.05


Tree=120
num_leaves=15
num_cat=0
split_feature=1 3 0 8 2 0 3 0 3 12 10 0 11 8
split_gain=7.07975 6.16998 9.01838 12.0706 5.69943 15.9634 17.0481 14.4185 14.4998 12.6775 12.4954 10.5585 9.84396 24.2492
threshold=59.500000000000007 1688.5000000000002 33.500000000000007 288.30713656163255 5.5000000000000009 28.500000000000004 1943.5000000000002 24.500000000000004 1838.5000000000002 -81.562649999999977 51.507250000000006 44.500000000000007 8.4664000000000019 1538.7179037107235
decision_type=2 2 2 10 8 2 2 2 2 8 8 2 8 10
left_child=1 2 3 -1 5 12 11 8 10 -9 -6 -7 13 -3
right_child=-2 4 -4 -5 7 6 -8 9 -10 -11 -12 -13 -14 -15
leaf_value=0.00020733871578503625 -0.016082827552558628 0.0013708231114922273 -0.011384929835072444 -0.021591091403525206 0.01636560703825805 -0.0017652284071357355 0.00763544613595964 -0.0077511991065642265 -0.0064674560413550799 0.00046333714998934573 -0.00091206204585281064 -0.014141740387646047 0.0039950319099847616 -0.019835764784267122
leaf_weight=1026.0708948075771 47.647801370359957 1472.073187276721 250.15814275853336 47.672043070197105 95.583816260099411 3391.791301175952 459.71599600836635 460.83581038191915 1675.6668868511915 20273.021164108068 1089.7051167339087 162.32476503588259 4575.9576263874769 128.20608314871788
leaf_count=4467 2764 6234 1699 235 392 14157 2009 2272 7133 91085 4422 1054 19087 533
internal_value=7.70065e-05 0.000108082 -0.00321449 -0.00113758 0.000240105 0.00122707 -0.00122418 -0.00018682 -0.00350133 0.000273465 0.000729683 -0.00240646 0.0028189 -0.000552011
internal_weight=35156.4 35108.8 1323.9 1073.74 33784.9 10190.1 4013.83 23594.8 2860.96 20733.9 1185.29 3554.12 6176.24 1600.28
internal_count=157543 154779 6401 4702 148378 43074 17220 105304 11947 93357 4814 15211 25854 6767
is_linear=0
shrinkage=0.05


Tree=121
num_leaves=15
num_cat=0
split_feature=0 3 3 1 3 1 12 4 10 8 7 10 0 3
split_gain=6.39681 11.875 5.16693 11.5979 11.2464 25.146 10.141 12.5897 22.1204 11.0748 9.19188 16.113 17.2304 19.812
threshold=64.500000000000014 1815.5000000000002 1939.5000000000002 21.500000000000004 1963.5000000000002 33.500000000000007 -90.996849999999981 59.857000000000006 51.500500000000009 281.44497157390725 2.2679000000000005 56.044350000000009 46.500000000000007 1933.5000000000002
decision_type=2 2 2 2 2 2 10 8 10 8 10 10 2 2
left_child=2 -2 10 -4 6 -6 -5 8 -8 -10 -1 12 -12 -14
right_child=1 -3 3 4 5 -7 7 -9 9 -11 11 -13 13 -15
leaf_value=5.9880359868351748e-05 0.0173025119035689 -0.024479905211206458 -0.0065420279160904862 -0.0025288919392294734 -0.013666518204829154 0.011561586015002142 0.010001377303586139 0.024862734564482316 0.0011939949522305118 -0.019938278985200147 -0.0029251627254831235 0.0043852266765164096 -0.024435281056284112 0.014402312514536043
leaf_weight=28758.214380485937 7.3399519687518469 43.006633995100856 298.92188754677773 281.37639502063394 228.01339724287391 145.3151165228337 818.91677288711071 82.199762418866158 159.22754202410579 79.405272176489234 3364.3044994175434 706.09715357422829 156.66599613986909 26.37918509170413
leaf_count=125609 355 2706 1264 1590 1017 825 3594 404 698 378 14257 3161 1560 181
internal_value=-0.000138562 -0.0152011 -0.000108316 0.00228856 0.00381547 -0.00375812 0.00582959 0.00790112 0.00614575 -0.00683584 -0.000261604 -0.00242532 -0.00379793 -0.017971
internal_weight=35155.4 50.3466 35105 2093.38 1794.45 373.329 1421.13 1139.75 1057.55 238.633 33011.7 4253.45 3547.35 183.045
internal_count=157599 3061 154538 9770 8506 1842 6664 5074 4670 1076 144768 19159 15998 1741
is_linear=0
shrinkage=0.05


Tree=122
num_leaves=15
num_cat=0
split_feature=1 0 1 1 11 12 4 2 9 12 10 8 1 12
split_gain=6.74965 5.92522 5.49551 5.30501 8.03098 7.97843 14.4803 8.12696 9.07891 6.28442 4.71389 4.41858 4.39181 9.91702
threshold=59.500000000000007 62.500000000000007 8.5000000000000018 16.500000000000004 26.524450000000005 -2.3703999999999996 48.771550000000012 8.5000000000000018 55.953100000000006 11.197650000000001 -37.823399999999992 11994.25783092892 26.500000000000004 1.2931000000000001
decision_type=2 2 2 2 10 8 8 8 8 8 8 10 2 8
left_child=2 -2 -1 4 5 -4 -7 9 -9 -8 -5 12 -12 -14
right_child=1 -3 3 10 -6 6 7 8 -10 -11 11 -13 13 -15
leaf_value=0.013765049000811255 0.0048991851550785059 -0.02489005896142597 -0.015097066313543376 0.013624262510622674 -0.019179735212412435 0.021121737337163719 0.017117756990015574 -0.01963118941876741 -0.0022490140295268039 -0.00050816974235967432 0.00083064453062517906 -0.011558041091539351 0.002756041857186389 -0.00083092517612973573
leaf_weight=55.061551913619041 16.789558904245496 28.931274538859725 82.18088573217392 46.414803806692362 56.913161009550095 52.224175572395325 53.709942132234573 82.250793244689703 307.95376038551331 157.60215298831463 18733.20021819137 58.532158225774765 2236.2392959790304 13189.220613143407
leaf_count=246 570 2195 347 210 248 228 226 376 1322 651 79570 264 10842 60275
internal_value=0.000220219 -0.015789 0.000250043 0.000220979 -0.0037716 -0.00210407 -7.10665e-05 -0.00253152 -0.00669148 0.00506457 0.00031551 0.000289509 0.000316562 -0.000308025
internal_weight=35157.2 45.7208 35111.5 35056.4 792.835 735.922 653.741 601.517 390.205 211.312 34263.6 34217.2 34158.7 15425.5
internal_count=157570 2765 154805 154559 3398 3150 2803 2575 1698 877 151161 150951 150687 71117
is_linear=0
shrinkage=0.05


Tree=123
num_leaves=15
num_cat=0
split_feature=3 3 12 10 10 5 1 11 3 9 3 10 6 6
split_gain=6.86155 5.38648 14.7787 16.1077 12.1782 21.7103 19.5697 18.8608 12.0157 11.7472 10.8712 9.17992 8.73996 10.1791
threshold=1982.5000000000002 1940.5000000000002 -92.925649999999976 34.686500000000009 55.643050000000009 10.158550000000002 23.500000000000004 15.630250000000002 1958.5000000000002 47.498750000000008 1951.5000000000002 51.507100000000001 45.719400000000007 51.477350000000008
decision_type=2 2 8 10 10 10 2 10 2 10 2 8 10 10
left_child=1 -1 3 -3 5 6 10 -6 11 -7 -4 -8 -10 -14
right_child=-2 2 4 -5 7 9 8 -9 12 -11 -12 -13 13 -15
leaf_value=-5.6493080482691789e-05 -0.015726186571434469 -0.019975522570069709 -0.00098848650143996335 0.0048884049926273473 0.009344273456250508 0.004124103212377498 0.014310746822480808 -0.018596282996899121 -0.012880764303645703 0.019124580060351226 -0.021923774631897722 0.00014278278108580578 0.017635126363359923 -0.0081408025593385225
leaf_weight=33188.6881612055 48.669773961417377 121.52577740792185 133.8440945148468 108.84841189254075 91.104920298792422 227.78798163868487 317.18129611574113 117.43560557812452 113.12836496438831 335.15957123134285 98.832633644342422 173.60201250296086 57.086699015460908 59.048674371093512
leaf_count=147478 373 591 563 531 424 1018 1503 535 773 1547 416 1391 297 296
internal_value=6.36195e-05 9.4419e-05 0.00263151 -0.00877562 0.00423878 0.00580263 0.0011275 -0.00664038 0.00520788 0.0134046 -0.0109125 0.00950101 -0.00400733 0.00525884
internal_weight=35191.9 35143.3 1954.59 230.374 1724.21 1515.67 952.724 208.541 720.047 562.948 232.677 490.783 229.264 116.135
internal_count=157736 157363 9885 1122 8763 7804 5239 959 4260 2565 979 2894 1366 593
is_linear=0
shrinkage=0.05


Tree=124
num_leaves=15
num_cat=0
split_feature=12 0 2 4 6 7 6 2 0 2 6 4 9 4
split_gain=8.0784 16.8466 19.0128 9.30777 11.9468 11.3162 8.91359 8.86068 7.97027 9.98084 7.82475 8.41414 6.64002 6.35413
threshold=21.01275 23.500000000000004 3.5000000000000004 60.174250000000008 45.439150000000005 70.455000000000013 29.984450000000002 1.5000000000000002 64.500000000000014 42.500000000000007 61.003600000000006 54.990650000000009 50.371100000000006 47.693850000000005
decision_type=10 2 10 8 10 8 8 10 2 10 8 10 10 8
left_child=8 7 6 4 5 -4 -3 -2 -1 -10 11 12 -8 -12
right_child=1 2 3 -5 -6 -7 10 -9 9 -11 13 -13 -14 -15
leaf_value=0.00034058439383563089 -0.029793346454236432 0.020832439940696584 -0.023834838483890678 -0.01891243492441445 0.0076097536839931368 -0.0031864216716597747 -0.0055093588352124728 -0.0041755552175901309 -0.024727414460460836 0.015977626329199097 0.00056116209221694819 -0.017623079155665109 0.015204428798543855 0.022630446465626237
leaf_weight=34019.517928456888 68.460507318377495 73.163799219764769 71.499413773417473 108.70528213120997 148.40879898704588 271.15503513999283 73.78791733738035 66.824849352240562 41.80899125803262 4.8650933392345896 64.645290220156312 51.155785471200943 47.403089449740946 48.048624290153384
leaf_count=149698 288 324 336 530 673 1241 318 281 2779 140 299 211 218 218
internal_value=0.000170139 -0.00402139 -0.00151207 -0.00687547 -0.00357503 -0.00857184 0.00735695 -0.0193069 0.000306935 -0.0169645 0.00275898 -0.00387773 0.00359877 0.0119634
internal_weight=35159.5 1093.26 957.973 599.769 491.063 342.654 358.205 135.285 34066.2 46.6741 285.041 172.347 121.191 112.694
internal_count=157554 4937 4368 2780 2250 1577 1588 569 152617 2919 1264 747 536 517
is_linear=0
shrinkage=0.05


Tree=125
num_leaves=15
num_cat=0
split_feature=0 0 3 3 9 7 9 2 9 0 0 8 1 6
split_gain=8.12271 6.22683 10.9245 5.54921 11.3035 12.1299 10.5214 11.192 10.8646 10.4443 11.2628 15.1286 10.7353 10.4634
threshold=13.500000000000002 64.500000000000014 1788.5000000000002 1854.5000000000002 39.391800000000011 -71.983349999999987 52.999750000000006 13.500000000000002 54.765350000000005 23.500000000000004 25.500000000000004 272.93613728698932 23.500000000000004 41.011100000000006
decision_type=2 2 2 2 8 8 10 10 10 2 2 10 2 8
left_child=-1 3 -3 4 -2 -6 -7 8 -8 13 11 -11 -13 -5
right_child=1 2 -4 9 5 6 7 -9 -10 10 -12 12 -14 -15
leaf_value=0.016967897687577765 -0.013934197261084842 0.017275952564912638 -0.023866194646840918 0.0087481762070160934 0.018373608292472667 -0.00023338093781131495 -0.0090104742628622659 -0.013889008993492699 0.001153681426360861 0.0059725186369764659 0.00047115059908002982 -0.012829100830793434 0.010513716462870023 -0.0043301011175709515
leaf_weight=50.754518032073975 140.48898931592703 5.8880692729726425 41.626465012319386 150.19838969409466 63.882805947214365 12248.386512995698 392.31524970196187 254.79980433173478 715.03189416974783 1775.1817432045937 17450.093502964824 176.79644954204559 48.975659161806107 1605.4035199284554
leaf_count=225 601 275 2743 616 273 52757 1734 1446 3175 7670 78159 725 200 6823
internal_value=4.37941e-05 9.64297e-06 -0.0151604 3.88656e-05 -0.00074031 -0.000584606 -0.000700418 -0.00483585 -0.00254328 0.000546673 0.000880963 0.00441486 -0.00732195 -0.00312527
internal_weight=35119.8 35069.1 47.5145 35021.6 13814.9 13674.4 13610.5 1362.15 1107.35 21206.6 19451 2000.95 225.772 1755.6
internal_count=157422 157197 3018 154179 59986 59385 59112 6355 4909 94193 86754 8595 925 7439
is_linear=0
shrinkage=0.05


Tree=126
num_leaves=15
num_cat=0
split_feature=7 2 3 3 4 3 9 10 3 11 3 9 9 7
split_gain=5.11168 14.6258 13.1616 12.2161 31.7608 14.1974 13.875 15.1159 11.5614 10.7824 13.3313 12.5597 19.1469 17.6357
threshold=-1.0147999999999999 57.500000000000007 1814.5000000000002 1878.5000000000002 51.500500000000009 1940.5000000000002 48.620850000000011 43.709300000000006 1821.5000000000002 2.3523000000000001 1951.5000000000002 59.326600000000006 47.498750000000008 11.749200000000002
decision_type=10 8 2 2 10 2 10 10 2 10 2 10 10 10
left_child=-1 2 -2 4 6 -5 7 -4 -8 10 -7 12 -11 -13
right_child=1 -3 3 5 -6 9 8 -9 -10 11 -12 13 -14 -15
leaf_value=9.9554037798558462e-05 -0.0075585445923699287 0.0073374496721996295 -0.0071522721589184256 -0.0045985800293404265 0.014457855904245247 0.0068988004195084732 0.014052981018928915 0.01919417784992461 -0.0084145739880716625 -0.004428162228415803 -0.020599543279406978 0.015839120803582792 0.011182090534893387 -0.016022026610507896
leaf_weight=28881.553288787603 918.40527981426567 419.01892645750195 78.928683925420046 2536.631848057732 397.31390838883817 61.323843232356012 45.541356649249792 111.16390927694738 549.67900868505239 275.0716742053628 87.792487191036344 42.104928566142917 596.79280281253159 136.8573432257399
leaf_count=128903 4481 1990 343 11374 1738 279 207 480 2410 1251 417 203 2796 638
internal_value=-0.000181434 -0.0014747 -0.00213013 -0.00109015 0.00330188 -0.0024904 -0.00256116 0.00861534 -0.00629458 0.00196852 -0.00981241 0.00379232 0.00626823 -0.00768731
internal_weight=35138.2 6256.63 5837.61 4919.2 1182.63 3736.57 785.313 190.093 595.22 1199.94 149.116 1050.83 871.864 178.962
internal_count=157510 28607 26617 22136 5178 16958 3440 823 2617 5584 696 4888 4047 841
is_linear=0
shrinkage=0.05


Tree=127
num_leaves=15
num_cat=0
split_feature=1 2 11 11 14 2 5 6 12 9 0 2 2 6
split_gain=5.804 11.7318 13.434 8.65874 7.18316 9.34664 7.78705 6.93538 5.89484 15.1933 9.92107 8.72499 7.43869 6.44211
threshold=37.500000000000007 2.5000000000000004 -2.4668499999999995 16.351550000000007 1.0000000180025095e-35 4.5000000000000009 13.384950000000002 60.568200000000004 21.01275 35.20835000000001 23.500000000000004 3.5000000000000004 1.5000000000000002 48.825700000000005
decision_type=2 8 8 10 2 10 10 10 10 10 2 8 8 8
left_child=7 3 -3 -2 5 -4 -7 8 -1 11 -11 -10 -12 -14
right_child=1 2 4 -5 -6 6 -8 -9 9 10 12 -13 13 -15
leaf_value=0.00012504112709747889 -0.015075982083237675 0.011252825347111839 -0.0022387278135423778 0.0057010514025467376 0.0021971218125499451 -0.015425236261822673 0.0089394756330156318 0.0097472256350555619 0.015787197958306458 -0.022357862708107492 0.0095155751684265297 -0.00076820428479340672 -0.014927453535784077 -0.003045689848272888
leaf_weight=30617.42024195008 241.97319751512259 184.05906803160906 1993.8714592969045 50.807334620505571 745.11266856361181 213.45304813049734 24.812171666882932 163.60708816722035 98.133702576160431 85.884674489498138 57.837825879454613 238.61358170211315 162.29611645080149 342.75319398380816
leaf_count=130995 1340 1351 11553 272 4918 2216 247 696 419 366 238 1031 712 1521
internal_value=-0.000154462 -0.0020948 -0.00117301 -0.0113365 -0.00201116 -0.00342296 -0.0123922 5.77035e-05 1.40834e-06 -0.00376562 -0.00815335 0.0046709 -0.00529327 -0.00728703
internal_weight=35220.6 3454.09 3161.31 292.781 2977.25 2232.14 238.265 31766.5 31602.9 985.519 648.772 336.747 562.887 505.049
internal_count=157875 21897 20285 1612 18934 14016 2463 135978 135282 4287 2837 1450 2471 2233
is_linear=0
shrinkage=0.05


Tree=128
num_leaves=15
num_cat=0
split_feature=0 1 1 9 9 10 7 4 11 11 10 11 10 4
split_gain=6.86087 6.58253 6.26449 6.37299 10.9662 8.30331 13.6694 8.89395 6.99299 20.4306 10.0589 8.6616 12.5134 12.6954
threshold=64.500000000000014 26.500000000000004 8.5000000000000018 36.791250000000012 41.357900000000008 34.053300000000007 -74.008049999999983 38.046950000000002 -1.5553499999999998 -2.1982499999999994 56.339150000000011 -0.13764999999999997 52.080450000000006 53.167650000000002
decision_type=2 2 2 8 8 10 8 10 8 10 10 8 10 10
left_child=2 -2 -1 -4 5 -5 7 -7 9 10 -6 12 -10 -14
right_child=1 -3 3 4 8 6 -8 -9 11 -11 -12 -13 13 -15
leaf_value=0.014112924347430503 0.011793514426504149 -0.022142979908619714 0.0047694734311814679 -0.016362380379785615 0.0018089935533311216 -0.005856716750428168 -0.0087060326455592318 0.011276485987591137 -0.00080051187297157139 0.015268748447513325 -0.013254968411776154 -2.9275429150120236e-05 -0.020362562745475404 0.0035180058158350313
leaf_weight=58.497492432594299 4.9263042081147423 41.523907384835184 658.88764494098723 131.1362264752388 1698.6644066441804 105.87420798093081 439.20918726921082 180.49927717074752 533.62586464546621 264.93757269531488 98.528176365420222 30619.193559795618 182.66667319647968 69.462192986160517
leaf_count=263 141 2876 2879 600 7654 456 1955 816 2402 1192 444 134533 832 316
internal_value=-2.65853e-05 -0.0160775 3.8506e-06 -2.77928e-05 -0.000122606 -0.00564277 -0.00331844 0.0049734 2.19894e-05 0.00282816 0.000846342 -0.000163954 -0.0052811 -0.0140084
internal_weight=35087.6 46.4502 35041.2 34982.7 34323.8 856.719 725.583 286.373 33467.1 2062.13 1797.19 31404.9 785.755 252.129
internal_count=157359 3017 154342 154079 151200 3827 3227 1272 147373 9290 8098 138083 3550 1148
is_linear=0
shrinkage=0.05


Tree=129
num_leaves=15
num_cat=0
split_feature=0 1 3 14 1 8 12 10 11 11 3 4 5 11
split_gain=7.63107 7.50079 6.11853 11.318 19.9879 17.4957 15.0726 13.4578 13.0785 18.0056 12.6205 12.3973 10.7409 10.2503
threshold=13.500000000000002 48.500000000000007 1880.5000000000002 1.0000000180025095e-35 28.500000000000004 880.33045572435162 -81.562649999999977 35.689150000000005 -81.178099999999986 -72.345999999999989 1963.5000000000002 34.050650000000005 2.3146000000000004 -76.478899999999982
decision_type=2 2 2 2 2 10 8 10 8 8 2 10 8 10
left_child=-1 2 -2 8 10 6 -6 12 11 13 -5 -4 -7 -10
right_child=1 -3 3 4 5 7 -8 -9 9 -11 -12 -13 -14 -15
leaf_value=0.016692700934894864 -0.00046534089990462072 -0.0055380425783454201 -0.0046638948260851638 -0.0027627219785340031 -0.022145214506101171 -0.011212096925613443 0.0017839416978300097 0.020742424829059372 0.0056106817469733601 0.0019077963580342785 -0.017937456843102922 0.022941836835143354 0.015904926122216573 -0.01800004577597775
leaf_weight=48.894809529185295 19122.784651729278 573.40653931628913 49.725568387657404 3071.4012984279543 48.641653630882502 71.812673015519977 1587.2759939627722 196.71935018524528 51.214124590158463 9856.0201365612447 124.50453882478178 115.28107003495097 40.648495838046074 158.73272171989083
leaf_count=218 82013 7668 219 13124 233 353 7153 942 231 43282 568 499 187 711
internal_value=6.83884e-05 3.5708e-05 0.000131516 0.000873647 -0.0010376 0.00294015 0.000813569 0.0134591 0.00183419 0.00158872 -0.00346177 0.0150179 -0.000489221 -0.0122534
internal_weight=35117.1 35068.2 34494.8 15372 5141 1945.1 1635.92 309.181 10231 10066 3195.91 165.007 112.461 209.947
internal_count=157401 157183 149515 67502 22560 8868 7386 1482 44942 44224 13692 718 540 942
is_linear=0
shrinkage=0.05


Tree=130
num_leaves=15
num_cat=0
split_feature=0 3 2 3 3 3 2 4 9 6 7 3 3 3
split_gain=6.48366 12.8327 6.69805 6.72008 6.60169 8.33687 10.6148 10.6831 12.594 12.2493 8.12391 13.5548 15.7799 14.8788
threshold=53.500000000000007 1968.5000000000002 40.500000000000007 1919.5000000000002 1964.5000000000002 1943.5000000000002 6.5000000000000009 52.230500000000006 47.560700000000004 51.503050000000009 1.3829 1908.5000000000002 1807.5000000000002 1923.5000000000002
decision_type=2 2 10 2 2 2 10 10 10 10 10 2 2 2
left_child=4 2 3 -2 5 10 -7 8 -8 -10 -1 12 -12 -13
right_child=1 -3 -4 -5 -6 6 7 -9 9 -11 11 13 -14 -15
leaf_value=0.0001870910404959705 -0.014148471930525914 0.016579858446158776 0.015575466945382189 -0.0016981013935502152 -0.0070229274588391793 0.0071735593519857256 -0.0059425691548608646 -0.015147102769876686 0.020623418437817568 -0.0056976754957241702 -0.0058260564639877862 -0.011438588894489003 0.0021849024666867976 -0.0014179461406331588
leaf_weight=28554.562734797597 268.34407901018858 39.991730235517025 10.840645575895904 183.4080826966092 314.61201457679272 850.53528723120689 207.80286884307861 98.854292124509811 104.88259683549404 57.365736573934555 845.23499767482281 661.23759640008211 2103.1723759621382 826.339075922966
leaf_count=121697 5331 572 277 3422 1395 3576 915 419 446 243 4057 2789 8975 3468
internal_value=-0.000117303 -0.00564507 -0.00817393 -0.00938 -3.38537e-05 3.4288e-05 0.00390126 -0.00208493 0.00200222 0.0117131 -0.00012264 -0.00210828 -0.000135421 -0.00596484
internal_weight=35127.2 502.585 462.593 451.752 34624.6 34310 1319.44 468.905 370.051 162.248 32990.5 4435.98 2948.41 1487.58
internal_count=157582 9602 9030 8753 147980 146585 5599 2023 1604 689 140986 19289 13032 6257
is_linear=0
shrinkage=0.05


Tree=131
num_leaves=15
num_cat=0
split_feature=0 1 10 12 11 3 3 4 1 14 1 10 3 4
split_gain=7.22013 7.49791 8.33296 5.83226 9.86195 7.94195 7.08053 17.1508 13.653 15.3083 10.4362 11.519 9.92015 9.23934
threshold=13.500000000000002 15.500000000000002 41.382900000000006 -73.584099999999992 -6.2661999999999987 1927.5000000000002 1918.5000000000002 48.80530000000001 23.500000000000004 1.0000000180025095e-35 38.500000000000007 52.999750000000006 1944.5000000000002 57.787650000000006
decision_type=2 2 8 8 8 2 2 10 2 2 2 10 2 10
left_child=-1 2 -2 -3 5 -5 10 -8 9 -9 -6 -12 13 -10
right_child=1 3 -4 4 6 -7 7 8 12 -11 11 -13 -14 -15
leaf_value=0.015942920250841468 -0.021884727512459685 -0.0027766532419084737 -0.0032223572443818489 0.010506114082254516 0.00012931100916215485 -0.0079864687007346179 0.0041667485889750853 0.001375320358878763 -0.0058102029452338456 -0.016730236211089818 -0.0045458893926437509 0.01134935670591589 0.0061011526001325082 0.0087624210910089203
leaf_weight=51.432896882295609 52.551430393010378 1639.219343656674 403.25954388827085 353.37082379776984 25972.534701048397 53.581801939755678 3038.0340086417273 193.98483197391033 559.21017638035119 262.82604192569852 1877.9733481677249 102.42156130634248 479.70751011464745 115.28700080234557
leaf_count=230 231 7507 1738 1613 110963 265 15121 820 2675 1091 11679 770 2406 535
internal_value=6.28619e-05 3.05303e-05 -0.00620343 0.000116072 0.000261319 0.00781121 0.000162347 0.00196475 -0.00218793 -0.00930652 -0.000138614 -0.00361857 0.000739994 -0.0031388
internal_weight=35155.4 35104 455.811 34648.2 33008.9 406.953 32602 4649.05 1611.02 456.811 27952.9 1980.39 1154.2 674.497
internal_count=157644 157414 1969 155445 147938 1878 146060 22648 7527 1911 123412 12449 5616 3210
is_linear=0
shrinkage=0.05


Tree=132
num_leaves=15
num_cat=0
split_feature=6 5 3 6 10 11 10 3 11 11 1 6 1 5
split_gain=7.67107 8.33571 11.4773 14.5936 13.2708 10.0186 10.8585 12.1098 9.00085 8.88271 12.0705 9.46363 8.93323 13.5173
threshold=60.713200000000008 21.558050000000005 1930.5000000000002 48.856600000000007 18.178100000000004 100.52000000000002 49.41320000000001 1910.5000000000002 60.714750000000002 20.273350000000004 33.500000000000007 58.654350000000008 25.500000000000004 -3.4973999999999994
decision_type=10 10 2 8 10 10 10 2 10 10 2 8 2 10
left_child=1 9 3 4 -3 6 -5 -8 -4 -1 11 12 13 -11
right_child=-2 2 8 5 -6 -7 7 -9 -10 10 -12 -13 -14 -15
leaf_value=-7.9779354080024913e-05 0.010542461791929619 0.0037148108393975361 -0.0036920522065206265 0.0096030784741836864 -0.025034619958810962 -0.017771678942122903 0.00044136368706074419 -0.021540948348929681 0.0110646530210377 -0.0034177704536533238 0.021570989950785647 -0.011723087697982096 -0.0034421867587320198 0.018932522050117348
leaf_weight=33214.597840269096 149.75832137838006 45.904791224747896 231.33274983707815 161.18946868926287 155.91845406219363 77.763506820425391 216.97361814323813 67.647417088970542 157.10081336647272 97.678844798356295 84.082190872170031 75.496672596782446 158.7901424150914 166.74985013529658
leaf_count=148844 670 198 1065 712 686 349 1019 298 702 423 511 332 698 705
internal_value=-6.06189e-05 -0.000112113 -0.0043291 -0.00796903 -0.0187502 -0.00327621 -9.32573e-05 -0.00585454 0.00252581 2.93406e-05 0.00604458 0.00269609 0.00568121 0.0110166
internal_weight=35061 34911.2 1113.83 725.397 201.823 523.574 445.811 284.621 388.434 33797.4 582.798 498.716 423.219 264.429
internal_count=157212 156542 5029 3262 884 2378 2029 1317 1767 151513 2669 2158 1826 1128
is_linear=0
shrinkage=0.05


Tree=133
num_leaves=15
num_cat=0
split_feature=9 1 12 12 3 12 10 10 10 0 1 2 3 3
split_gain=8.78149 5.36114 5.4088 12.0608 16.329 11.2577 10.8685 12.7964 10.8089 9.5162 9.2964 16.7015 12.5259 12.1963
threshold=-22.972199999999997 9.5000000000000018 1.6084500000000002 3.2260000000000004 1851.5000000000002 -0.11255 51.616850000000007 46.071500000000007 48.778050000000007 57.500000000000007 35.500000000000007 2.5000000000000004 1897.5000000000002 1908.5000000000002
decision_type=8 2 8 8 2 10 10 10 10 2 2 8 2 2
left_child=-1 -2 5 4 -4 10 7 -7 -6 -5 13 -12 -13 -3
right_child=1 2 3 9 8 6 -8 -9 -10 -11 11 12 -14 -15
leaf_value=0.010723019038693691 0.012358276762392918 0.0016972602166689206 0.0040554364419101907 -0.00032716311216981488 -0.0015305136559418476 -0.0042053671474511656 -0.0034746158901112992 0.019485076826576405 -0.017461440220884986 -0.012495883457070575 -0.010607346289181358 0.00058130634812468573 0.016543054779309584 -0.0036220833991238172
leaf_weight=163.17890201415867 64.072754248976707 2888.4680383931845 217.3525076918304 28407.730317037553 165.2146122911945 66.804848291911185 116.05389677546918 217.34519946854562 302.13023484870791 141.59672641661018 103.27355712838471 208.65880830120295 284.42346691153944 1691.9400716871023
leaf_count=750 287 12557 994 122484 765 308 548 1006 1591 4608 527 1344 2006 7395
internal_value=-0.000196199 -0.000253406 -0.000283702 -0.000556011 -0.00701828 0.00114061 0.00901207 0.0140051 -0.0121235 -0.000396222 0.000499743 0.0062649 0.0100744 -0.000274837
internal_weight=35038.2 34875.1 34811 29234 684.697 5576.97 400.204 284.15 467.345 28549.3 5176.76 596.356 493.082 4580.41
internal_count=157170 156420 156133 130442 3350 25691 1862 1314 2356 127092 23829 3877 3350 19952
is_linear=0
shrinkage=0.05


Tree=134
num_leaves=15
num_cat=0
split_feature=1 6 3 6 5 4 3 5 5 1 3 12 12 12
split_gain=8.23025 14.3586 13.4101 10.6756 10.104 10.1037 8.62133 7.14447 6.59401 6.10566 5.98234 12.8713 12.292 11.4699
threshold=30.500000000000004 51.209150000000008 1963.5000000000002 50.085000000000008 19.935250000000003 50.799150000000004 1914.5000000000002 -0.13314999999999996 12.9641 32.500000000000007 1842.5000000000002 37.614300000000007 16.375000000000004 17.025150000000004
decision_type=2 10 2 10 8 8 2 10 8 2 2 10 8 8
left_child=2 3 10 6 -5 -3 -2 -4 -7 -8 11 12 -1 -12
right_child=1 5 7 4 -6 8 9 -9 -10 -11 13 -13 -14 -15
leaf_value=-0.0032305018933817702 -0.0027169155460970125 0.018030595078111396 -0.022079774758407254 -0.022876139842399151 0.0020723010152898301 -0.0039870435224623304 0.0064050495527509972 -0.0034389917198556011 0.0059077928997979734 -0.00031597091448685587 0.002895499646182451 -0.021310659330362913 0.00076620521026574172 0.00010471529593231587
leaf_weight=2633.4328361321241 5888.7141808159649 105.19281685352325 76.954921115189791 95.220079361461103 57.878111080266535 241.18784980755299 397.01745608448982 128.78371657244861 463.83536631148309 1772.6475635236129 5630.8355864211917 53.694947466254234 6977.8843910507858 10569.873394783586
leaf_count=11634 28804 554 363 667 304 1325 1742 567 2548 10260 24264 239 29079 45106
internal_value=-6.5817e-05 -0.00136578 0.00038472 -0.00199518 -0.0142948 0.00490756 -0.00172669 -0.0117499 0.00250617 0.000961148 0.000490244 -0.000493607 -0.000333299 0.00107707
internal_weight=35093.2 9021.69 26071.5 8211.48 153.098 810.216 8058.38 205.739 705.023 2169.67 25865.7 9665.01 9611.32 16200.7
internal_count=157456 46204 111252 41777 971 4427 40806 930 3873 12002 110322 40952 40713 69370
is_linear=0
shrinkage=0.05


Tree=135
num_leaves=15
num_cat=0
split_feature=8 10 3 12 3 3 8 10 4 4 6 14 2 9
split_gain=5.57477 6.10941 10.4243 9.92298 9.71666 7.89321 13.0485 8.68597 6.20662 11.5097 12.9235 12.2146 10.7679 10.136
threshold=15167.747100195398 29.435150000000004 1837.5000000000002 21.01275 1882.5000000000002 1930.5000000000002 862.29022012900384 47.013200000000005 56.471450000000011 58.418950000000002 59.333900000000007 1.0000000180025095e-35 13.500000000000002 55.464150000000011
decision_type=10 8 2 10 2 2 8 10 10 10 10 2 8 10
left_child=1 2 -1 8 -4 7 -7 -5 13 12 11 -11 -10 -3
right_child=-2 3 4 5 -6 6 -8 -9 9 10 -12 -13 -14 -15
leaf_value=-0.012851813640232444 -0.014299897297656086 0.00029987818143472619 0.018418381637938006 -0.017253708740934938 0.003377371151886853 -0.0042763699358324666 0.021121388099477542 -0.0038886291891933457 0.017196811941658164 0.0024806989712961667 0.010245629581079123 -0.01262942201922242 -0.0030783230503676358 -0.0049380758894671571
leaf_weight=56.200647952035069 46.119116453453898 31676.523023242131 122.97098144888878 172.00983012095094 485.72148180752993 181.50770890619606 47.784389038570225 377.24676998797804 222.60559932515025 315.86624275334179 218.6775410734117 205.49889431986958 82.275946240872145 931.33506804239005
leaf_count=246 224 141797 538 782 2219 807 226 1739 973 1490 972 947 469 4243
internal_value=0.000205448 0.000232643 0.00490878 0.000139546 0.00690529 -0.0053693 0.00228639 -0.00853328 0.000270105 0.00402645 0.000566631 -0.00372159 0.0118726 0.000147338
internal_weight=35142.3 35096.2 664.893 34431.3 608.692 778.549 229.292 549.257 33652.8 1044.92 740.043 521.365 304.882 32607.9
internal_count=157672 157448 3003 154445 2757 3554 1033 2521 150891 4851 3409 2437 1442 146040
is_linear=0
shrinkage=0.05


Tree=136
num_leaves=15
num_cat=0
split_feature=8 6 6 3 2 10 3 3 8 12 0 9 8 3
split_gain=5.14003 6.79143 6.20881 15.5089 13.7095 9.33777 11.4004 15.5291 10.6116 9.78363 8.89191 8.50156 12.5124 14.7637
threshold=15167.747100195398 -26.155099999999994 43.289300000000004 1834.5000000000002 1.5000000000000002 47.800550000000008 1938.5000000000002 1905.5000000000002 28.539585138120035 -7.2514999999999992 31.500000000000004 51.413350000000008 486.38102294864586 1748.5000000000002
decision_type=10 8 8 2 10 8 2 2 8 8 2 10 10 2
left_child=1 -1 3 -3 -5 6 7 8 -4 -7 -8 12 13 -10
right_child=-2 2 5 4 -6 9 10 -9 11 -11 -12 -13 -14 -15
leaf_value=0.010716394805107055 -0.01413761772438616 -0.017074420715215657 0.023567837632897336 0.0070261656328111715 -0.0037003492138721404 0.0119039468931025 0.018570407177168798 -0.0051241417018683469 0.025021584234877561 -0.00031673743219869056 0.003803250765592148 0.017295509515354055 -0.010570141445882718 0.0021867938750573038
leaf_weight=123.18638615868986 45.812385205179453 156.50885914172977 51.391248447820544 355.43381644226611 1431.3174294484779 144.6616381034255 169.93562218546867 589.630510837771 59.07992086187005 30707.623485798948 249.18805207684636 80.688292058184743 147.18254363164306 729.67628852650523
leaf_count=569 223 711 224 1533 6600 676 701 2661 294 137528 1301 358 669 3229
internal_value=-0.000177195 -0.000150855 -0.000195364 -0.00292692 -0.00151239 -3.24861e-05 0.00319638 0.00128222 0.00484821 -0.000251762 0.0103638 0.00346547 0.00193626 0.00447365
internal_weight=35041.3 34995.5 34872.3 1943.26 1786.75 32929.1 2076.77 1657.65 1068.02 30852.3 419.124 1016.63 935.939 788.756
internal_count=157277 157054 156485 8844 8133 147641 9437 7435 4774 138204 2002 4550 4192 3523
is_linear=0
shrinkage=0.05


Tree=137
num_leaves=15
num_cat=0
split_feature=10 6 8 1 7 0 6 0 8 2 0 12 5 10
split_gain=6.29382 6.28001 12.2151 12.3465 10.7309 11.2616 8.60906 15.8882 11.2036 8.51353 8.10795 7.62219 7.23992 6.80886
threshold=-37.823399999999992 55.953500000000005 1.2444184804404863 22.500000000000004 20.520600000000005 36.500000000000007 55.675950000000007 36.500000000000007 2096.8128450117224 6.5000000000000009 43.500000000000007 6.140200000000001 24.747500000000006 60.392800000000001
decision_type=8 10 10 2 10 2 10 2 8 10 2 10 10 10
left_child=-1 6 3 -3 5 11 13 8 9 -8 -7 -4 -6 -2
right_child=1 2 4 -5 12 10 7 -9 -10 -11 -12 -13 -14 -15
leaf_value=0.014989684628749333 -0.00011031254165353871 -0.017728801405970003 -0.001555479183753391 0.0021887022615550739 -0.010579463979862388 -0.0089294109698850807 -0.027145305456335179 0.0086312392148041508 0.0044754926118124984 -0.0023643329451150429 0.011238643060289932 0.016513835104920615 0.0064248380385863004 -0.016197187951668881
leaf_weight=49.27214880939573 33549.756881269626 97.548281125724316 64.47030970454216 219.29838024731725 114.1435566348955 105.69578428566456 118.25528013706207 85.132403685711324 49.733998596668243 51.716155454516411 62.697445255704224 381.50523978471756 99.136338817887008 45.907233361154795
leaf_count=231 150432 428 268 1016 523 453 491 440 209 215 443 1597 448 226
internal_value=-6.67333e-05 -9.64397e-05 0.00351401 -0.00463189 0.00666819 0.00994062 -0.00022033 -0.00832115 -0.015062 -0.0206481 -0.00102436 0.0139471 -0.00280236 -0.000141918
internal_weight=35094.3 35045 1144.5 316.847 827.649 614.369 33900.5 304.838 219.705 169.971 168.393 445.976 213.28 33595.7
internal_count=157420 157189 5176 1444 3732 2761 152013 1355 915 706 896 1865 971 150658
is_linear=0
shrinkage=0.05


Tree=138
num_leaves=15
num_cat=0
split_feature=8 11 6 7 4 10 11 10 1 11 2 14 5 1
split_gain=4.33429 16.2463 14.5954 9.54395 8.85405 8.83313 14.046 18.12 8.01443 8.07479 8.21648 7.7836 7.4647 6.36156
threshold=1492.1786247422351 7.9822000000000015 45.508700000000012 -74.243349999999978 41.882600000000004 29.435150000000004 37.617100000000008 35.193050000000007 22.500000000000004 88.375000000000014 9.5000000000000018 1.0000000180025095e-35 -94.528749999999988 31.500000000000004
decision_type=10 10 10 10 10 8 10 10 2 10 8 2 8 2
left_child=5 3 4 -2 -3 8 12 -8 -1 -10 -11 -4 -7 -5
right_child=1 2 11 13 -6 6 7 -9 9 10 -12 -13 -14 -15
leaf_value=-0.0013769763095773122 -0.0025576598805580994 -0.016119929272086716 0.0010608753587860928 -0.019369675551750221 0.0012801659367773434 0.013130377720053777 0.0093863450027125532 -0.019867656572892738 0.019251726522627657 0.01147680900369898 -0.012431687461922523 0.01823547317488014 5.4381771779416762e-05 8.4864135354691206e-05
leaf_weight=165.98658014088869 294.17650212720037 88.070928887464106 115.05095137096941 203.76327626034617 217.97466265317053 89.505227813497186 60.30584386177361 165.00751638878137 147.45031998399645 63.6763732181862 43.161414496600628 143.32759465370327 33234.48307164479 51.521857343614101
leaf_count=707 1419 406 512 888 1006 399 256 751 694 283 221 653 148907 280
internal_value=5.58611e-07 -0.00304046 0.00288178 -0.00901151 -0.00440874 0.000102006 9.66345e-06 -0.0119108 0.00713814 0.0123915 0.00138078 0.0112136 9.73574e-05 -0.0157224
internal_weight=35083.5 1113.89 564.424 549.462 306.046 33969.6 33549.3 225.313 420.275 254.288 106.838 258.379 33324 255.285
internal_count=157382 5164 2577 2587 1412 152218 150313 1007 1905 1198 504 1165 149306 1168
is_linear=0
shrinkage=0.05


Tree=139
num_leaves=15
num_cat=0
split_feature=3 10 6 3 2 8 8 6 3 10 5 1 11 8
split_gain=7.56971 5.85813 4.58995 15.9414 11.583 12.221 11.9789 17.0238 9.18079 15.4984 28.5178 13.6593 12.6818 10.7593
threshold=1982.5000000000002 61.309200000000011 43.116550000000011 1808.5000000000002 6.5000000000000009 1406.2337030154206 917.3458199758802 35.213450000000009 1940.5000000000002 55.643050000000009 11.254800000000001 23.500000000000004 15.555900000000001 95.676375313423748
decision_type=2 10 8 2 10 10 10 10 2 10 10 2 10 8
left_child=1 2 3 -1 5 6 7 -5 -4 10 11 -10 -11 -12
right_child=-2 -3 8 4 -6 -7 -8 -9 9 12 13 -13 -14 -15
leaf_value=-0.019913660991776466 -0.016613745726404457 -0.012526438940381253 2.044888408301805e-06 0.014013076241025022 -0.0057744713256528274 -0.0055691469743487749 0.020110070769857637 -0.0022570651659590268 -0.011911835726176219 0.0059780125814635132 0.0012793805072172885 0.0045487924295197248 -0.017327685068738812 0.022451136378746996
leaf_weight=100.49223519209772 48.784041984938085 73.242758236825466 31634.501048577949 212.74987518414855 786.54182546120137 353.84712177235633 98.177584761753678 506.00797410495579 145.25002378970385 88.319747678935528 78.68152411468327 511.58509354572743 116.2149219289422 272.19456084445119
leaf_count=466 384 333 140696 913 3839 1523 408 2146 610 419 352 3277 530 1272
internal_value=-4.31063e-05 -1.0514e-05 2.29074e-05 -0.00225618 -0.00115737 0.00198933 0.00531805 0.00280783 0.000166976 0.0044011 0.00694358 0.000664326 -0.00762801 0.0180285
internal_weight=35026.6 34977.8 34904.6 2057.82 1957.32 1170.78 816.935 718.758 32846.7 1212.25 1007.71 656.835 204.535 350.876
internal_count=157168 156784 156451 9295 8829 4990 3467 3059 147156 6460 5511 3887 949 1624
is_linear=0
shrinkage=0.05


Tree=140
num_leaves=15
num_cat=0
split_feature=12 11 8 10 6 1 4 12 2 4 6 10 1 2
split_gain=5.13512 7.78744 10.3351 12.1699 11.6648 14.3285 7.87901 7.56925 16.8226 7.56595 7.05127 6.80597 6.77863 6.69188
threshold=19.038100000000004 18.081250000000001 1492.1786247422351 42.910000000000004 40.228200000000008 28.500000000000004 38.630350000000007 -88.720399999999984 7.5000000000000009 59.717100000000009 23.153350000000007 37.194300000000005 33.500000000000007 7.5000000000000009
decision_type=10 10 10 10 10 2 10 8 8 10 10 10 2 10
left_child=1 2 7 4 11 -6 -7 8 -1 -9 -2 13 -12 -4
right_child=10 -3 3 -5 5 6 -8 9 -10 -11 12 -13 -14 -15
leaf_value=0.017168964112402658 0.0014527280153230542 0.0049547106989532505 -0.012329971700529489 0.011985490225598826 -0.021094448412584638 -0.014975890187021987 0.008049882667532756 -0.00010481424236801481 -0.0072275538813640523 0.0083488600083089972 -0.0075213403419795615 0.010763511344572188 0.006343877586267462 0.0053708887432878634
leaf_weight=165.70689665339887 510.08245572261512 762.55099993292242 111.35900273174047 65.253986804746091 225.41753693670034 37.554599937982857 84.808705251663923 31723.795138251036 99.590033400803804 246.9003449883312 729.25261332839727 75.484697079285979 84.570883804932237 74.856608623638749
leaf_count=711 2363 3457 498 298 989 191 442 142125 500 1127 3141 357 492 397
internal_value=-9.58177e-05 2.51287e-05 -9.20309e-05 -0.0061258 -0.00838408 -0.0141258 -0.000128078 3.79825e-05 0.00814608 -3.43502e-05 -0.00312666 -0.000292644 -0.00596289 -0.00538363
internal_weight=34997.2 33673.3 32910.7 674.735 609.481 347.781 122.363 32236 265.297 31970.7 1323.91 261.7 813.823 186.216
internal_count=157088 151092 147635 3172 2874 1622 633 144463 1211 143252 5996 1252 3633 895
is_linear=0
shrinkage=0.05


Tree=141
num_leaves=15
num_cat=0
split_feature=10 6 2 8 12 0 8 2 12 4 7 11 5 5
split_gain=5.01693 5.25941 11.6048 10.0059 10.9301 7.56213 10.0879 6.89976 6.55965 7.52862 6.29677 8.2978 6.18148 6.37161
threshold=-37.823399999999992 43.609750000000012 6.5000000000000009 1492.1786247422351 -87.629199999999983 50.500000000000007 502.6793974261555 4.5000000000000009 95.670400000000015 22.315950000000004 -7.4134999999999991 -72.87309999999998 -90.198849999999979 26.098900000000004
decision_type=8 8 10 10 10 2 8 10 10 8 8 10 10 10
left_child=-1 2 3 4 -2 12 -7 -5 9 -3 11 -11 -4 -14
right_child=1 8 5 7 -6 6 -8 -9 -10 10 -12 -13 13 -15
leaf_value=0.013387775404363134 0.015057094277764563 0.011972063086079045 -0.016911979951955664 -0.010037190990531695 0.00092036887504709074 -0.014775874850201013 0.016797231066472389 0.0050592259114041974 -0.014304077449079114 -0.0029980828657317888 0.00013352303050194573 0.015694355049937325 -0.0031357233449418459 -0.015589347618808256
leaf_weight=50.657134637236595 147.29216479696333 116.22447920776904 148.20268686115742 266.49341215565801 765.36409953981638 20.037362492643297 55.164264949969947 88.85742889996618 57.693959035910666 90.476394698955119 32486.604110440239 126.68799644429237 528.30985098332167 112.65951465070248
leaf_count=244 624 524 676 1158 3277 234 569 395 263 407 145599 588 2302 500
internal_value=7.78955e-05 5.10044e-05 -0.00234354 0.000711878 0.00347583 -0.00674048 0.00704783 -0.00619382 0.00020764 0.000241846 0.000192867 0.00831051 -0.00819611 -0.0057301
internal_weight=35060.7 35010.1 2132.38 1268.01 912.656 864.374 75.2016 355.351 32877.7 32820 32703.8 217.164 789.172 640.969
internal_count=157360 157116 9735 5454 3901 4281 803 1553 147381 147118 146594 995 3478 2802
is_linear=0
shrinkage=0.05


Tree=142
num_leaves=15
num_cat=0
split_feature=0 1 5 4 7 7 3 7 0 10 10 1 4 9
split_gain=5.70428 5.28224 5.55227 4.44091 4.3101 13.6105 13.4602 10.7209 10.65 12.566 12.6514 11.3973 10.1703 14.6852
threshold=13.500000000000002 14.500000000000002 3.2260000000000004 -18.961799999999997 1.3829 2.3445000000000005 1945.5000000000002 -0.069999999999999993 28.500000000000004 55.458800000000004 49.753700000000002 25.500000000000004 52.017350000000008 47.498750000000008
decision_type=2 2 8 8 10 10 2 10 2 10 10 2 10 10
left_child=-1 2 -2 -3 7 -6 8 -5 11 10 -10 -7 13 -8
right_child=1 3 -4 4 5 6 12 -9 9 -11 -12 -13 -14 -15
leaf_value=0.014015978002891703 0.0062546014695218886 0.0073424602936807762 -0.010663560705576352 6.0329288225008806e-05 -0.012954352686172852 -0.00036125792410654598 -0.00061363971729341523 0.011830666232706434 -0.0024174821207257093 0.0022783882838139174 -0.010399080540525124 0.012112907080083488 -0.0024378866783019825 0.016212508108813105
leaf_weight=51.621316909790039 47.995195329189301 181.67919286247343 197.5424282848835 29189.514653002843 223.67493894416839 1409.1640797406435 221.43846652191132 174.75312016159296 1210.841269669123 623.36986520234495 841.5045551462099 190.28583739697933 283.46723545808345 288.17708419729024
leaf_count=231 205 831 858 130532 1021 5867 1025 802 5717 2886 4237 796 1359 1333
internal_value=-8.04879e-05 -0.000109203 -0.00713456 -5.56231e-05 -9.86188e-05 -0.00140928 -0.000850847 0.000138382 -0.00196446 -0.0038834 -0.00575888 0.00125405 0.0050528 0.00915413
internal_weight=35135 35083.4 245.538 34837.9 34656.2 5291.92 5068.25 29364.3 4275.17 2675.72 2052.35 1599.45 793.083 509.616
internal_count=157700 157469 1063 156406 155575 24241 23220 131334 19503 12840 9954 6663 3717 2358
is_linear=0
shrinkage=0.05


Tree=143
num_leaves=15
num_cat=0
split_feature=1 0 3 3 0 14 3 8 7 10 9 7 7 3
split_gain=6.41893 7.24657 5.94786 7.48841 5.15991 8.80511 25.6997 11.4397 10.7155 7.34799 12.4423 9.46636 7.56234 6.08631
threshold=49.500000000000007 60.500000000000007 1866.5000000000002 1778.5000000000002 22.500000000000004 1.0000000180025095e-35 1906.5000000000002 61.895652723209295 -73.754049999999992 52.270850000000003 51.049500000000009 -0.9978999999999999 -1.9996999999999998 1782.5000000000002
decision_type=2 2 2 2 2 2 2 8 10 10 10 10 10 2
left_child=4 2 3 -2 5 7 -7 -1 -8 10 11 -9 -12 -6
right_child=1 -3 -4 -5 13 6 8 9 -10 -11 12 -13 -14 -15
leaf_value=0.015028576498707775 -0.01052524175070842 -0.020590287990699549 -0.0066387129461115135 0.013213027763958244 -0.0015982887123748809 0.0064391731015668932 -0.0019354181680486908 -0.0038375506529319775 -0.027443332792322552 -0.016318184084642164 -0.0027182754546019434 -0.019345101123812724 0.019079229287972579 0.00045519442783011223
leaf_weight=58.828843593597412 31.815980352461338 51.216878041625023 303.86952971853316 81.695277571678162 4130.0120585002005 684.68981640040874 84.065285161137581 1650.4786422103643 67.389849916100502 104.84464636445045 61.841190278530121 86.732243970036507 73.0187998265028 27637.223316262476
leaf_count=248 368 3219 2692 785 18977 2829 356 6839 279 445 262 365 309 119596
internal_value=-7.68417e-05 -0.00576778 -0.00309056 0.00597947 3.42919e-06 -0.00201863 0.00226357 -0.00378237 -0.0151624 -0.00448706 -0.00365897 -0.00482315 0.0100236 0.000187386
internal_weight=35107.7 468.598 417.381 113.511 34639.1 2871.89 836.145 2035.74 151.455 1976.92 1872.07 1737.21 134.86 31767.2
internal_count=157569 7064 3845 1153 150505 11932 3464 8468 635 8220 7775 7204 571 138573
is_linear=0
shrinkage=0.05


Tree=144
num_leaves=15
num_cat=0
split_feature=0 4 6 1 2 9 3 1 10 9 1 10 10 4
split_gain=4.4914 7.26708 9.46979 20.2451 8.00417 21.4388 16.5345 11.4971 19.2868 11.4338 9.7722 10.2768 12.9407 12.9733
threshold=29.500000000000004 59.717100000000009 54.831650000000003 25.500000000000004 8.5000000000000018 41.882600000000004 1918.5000000000002 25.500000000000004 51.477350000000008 33.914450000000009 17.500000000000004 51.459050000000012 19.383000000000003 53.301750000000006
decision_type=2 10 10 2 8 10 2 2 10 10 2 8 10 8
left_child=1 2 4 -4 10 6 9 8 -7 -6 -1 12 -12 -14
right_child=-2 -3 3 -5 5 7 -8 -9 -10 -11 11 -13 13 -15
leaf_value=0.008081623497985635 -0.00050470809576753245 0.0096350710836612969 -0.01076201420940485 0.013134281996090647 -0.0018640671723484253 0.011170268834185832 0.0081110696011076552 0.015399507465913002 -0.007170153845295563 -0.021578929688908871 0.011192257666562901 0.002479369208434461 -0.0010991776679973866 -0.012933533142090382
leaf_weight=553.46862687170506 18687.034025775269 201.0403365790844 417.01635456085205 93.145635589957237 5997.6157586872578 289.95857179164886 403.47517883777618 259.1733965575695 248.18569453060627 54.687965303659439 166.13010622560978 5530.7609709501266 1899.553659722209 244.54786705970764
leaf_count=2304 88417 842 1752 396 25097 1222 1822 1141 1062 230 703 23310 7914 1026
internal_value=2.46445e-05 0.000629216 0.000505388 -0.00606813 0.000727179 -0.000488866 -0.00145065 0.00714351 0.00275805 -0.0021127 0.00177655 0.00131206 -0.00147979 -0.00255601
internal_weight=35045.8 16358.8 16157.7 510.162 15647.6 7253.1 6455.78 797.318 538.144 6052.3 8394.46 7840.99 2310.23 2144.1
internal_count=157238 68821 67979 2148 65831 30574 27149 3425 2284 25327 35257 32953 9643 8940
is_linear=0
shrinkage=0.05


Tree=145
num_leaves=15
num_cat=0
split_feature=3 1 5 5 11 5 1 11 12 4 7 11 2 12
split_gain=6.34655 23.4913 12.397 12.8859 13.5365 11.0644 12.6651 13.4661 10.8318 10.5346 12.8886 12.3744 8.57566 8.46098
threshold=1919.5000000000002 19.500000000000004 1.8368000000000002 3.2260000000000004 3.1597500000000003 2.3146000000000004 30.500000000000004 -82.520949999999985 -73.584099999999992 52.116200000000013 10.734950000000003 9.0496000000000034 2.5000000000000004 -0.12744999999999998
decision_type=2 2 8 8 10 8 2 10 8 10 8 10 8 10
left_child=2 -2 13 4 -4 6 7 -3 -5 -7 11 -11 -8 -1
right_child=1 5 3 8 -6 9 12 -9 -10 10 -12 -13 -14 -15
leaf_value=0.0019419736205298216 -0.014820289815697916 0.0075546191628466418 -0.0022632779924239297 -0.013637761423637327 -0.021294309099841112 0.0048852809448683976 -0.0062052322734543544 -0.007481461486325898 -0.00040560689217591429 -0.011542916752194113 -0.0059311467931139963 0.01488827727305315 0.0092667618541916585 0.011286821924256278
leaf_weight=2627.6515859123319 190.19907994568348 165.56826663762331 257.82072441559285 135.60303320083767 131.67666498525068 3085.182704419829 105.15887270774692 787.01139722019434 26281.025842765346 43.038862457498908 515.56853182520717 152.93849033582956 325.50521465390921 248.81213889922947
leaf_count=11923 807 732 1159 589 806 15433 493 3401 115591 211 2382 711 1988 1134
internal_value=1.18351e-06 0.00157961 -0.000285257 -0.000620611 -0.00942286 0.00223647 -0.00157539 -0.00476642 -0.000483797 0.00362621 -0.00181729 0.0085523 0.00538111 0.00282265
internal_weight=35052.8 5370.17 29682.6 26806.1 389.497 5179.97 1383.24 952.58 26416.6 3796.73 711.546 195.977 430.664 2876.46
internal_count=157360 26158 131202 118145 1965 25351 6614 4133 116180 18737 3304 922 2481 13057
is_linear=0
shrinkage=0.05


Tree=146
num_leaves=15
num_cat=0
split_feature=7 7 7 4 8 4 0 12 5 0 0 5 14 2
split_gain=4.273 9.98146 5.91203 7.15159 5.23896 5.07979 4.97084 4.94147 5.10161 5.48686 4.27655 12.8661 11.9976 10.4556
threshold=49.119450000000008 36.534050000000008 88.73220000000002 35.691200000000002 1116.1848136046276 51.507250000000006 31.500000000000004 95.670400000000015 51.011500000000005 34.500000000000007 39.500000000000007 2.8864000000000005 1.0000000180025095e-35 23.500000000000004
decision_type=10 10 10 8 8 8 2 10 10 2 2 10 2 10
left_child=1 7 5 6 -3 -2 -4 8 10 -10 -1 12 -12 -14
right_child=2 4 3 -5 -6 -7 -8 -9 9 -11 11 -13 13 -15
leaf_value=1.6963425257757736e-05 0.00070454693451389792 -0.023664699028949351 0.0148404414524177 -0.0066986434755482126 -0.00081136566191956797 0.021657751292604666 -0.0033670714115289664 -0.011853436960144459 0.00066869851540247169 0.019036888508916952 -0.0019523770975063152 -0.0066975859214178039 0.0023770740532978903 0.018877331004532583
leaf_weight=28928.644145697355 47.834623571485281 49.296918667852879 82.171612143516541 139.83845090866089 41.599732105620205 58.967190175317228 49.339111607521772 70.940165946260095 98.212192565202713 51.266362350434065 3252.8885302497074 960.30631808238104 1127.5343948956579 86.040187746286392
leaf_count=121074 213 226 345 652 204 267 228 329 410 248 19536 6301 6499 761
internal_value=-0.000202395 -0.000261399 0.00494824 0.000727997 -0.0152382 0.0138645 0.00846674 -0.00021324 -0.000182456 0.0084715 -0.000225015 -0.00151027 -0.000370087 0.003834
internal_weight=35044.9 34666.7 378.151 271.349 90.8967 106.802 131.511 34575.8 34504.9 149.479 34355.4 5426.77 4466.46 1213.57
internal_count=157293 155588 1705 1225 430 480 573 155158 154829 658 154171 33097 26796 7260
is_linear=0
shrinkage=0.05


Tree=147
num_leaves=15
num_cat=0
split_feature=1 0 1 3 2 0 3 3 5 6 4 2 9 4
split_gain=5.1607 5.42637 4.98464 10.5165 16.2243 9.13324 9.95118 9.82889 8.11085 10.1238 9.0584 9.94982 7.969 9.92455
threshold=8.5000000000000018 16.500000000000004 29.500000000000004 1728.5000000000002 25.500000000000004 62.500000000000007 1977.5000000000002 1926.5000000000002 2.8864000000000005 54.437850000000005 50.827800000000003 4.5000000000000009 48.207900000000009 48.771550000000012
decision_type=2 2 2 2 8 2 2 2 10 8 10 10 10 10
left_child=-1 -2 -3 4 -4 7 -7 8 -5 10 11 -10 -9 -14
right_child=1 2 3 5 -6 6 -8 12 9 -11 -12 -13 13 -15
leaf_value=0.012932439527662286 -0.0097484759018237142 0.00048238166559201536 -0.022370097434238432 -0.00062132232893668876 -0.0013859845312924107 -0.024822170457564029 0.015536544824120764 0.00036620895038631519 0.0077663075342943857 -0.00066762289747284657 -0.022719273107822298 -0.015237807406613249 0.017356390580899311 0.0034226577753855253
leaf_weight=57.96606957167387 120.61099514365196 24521.416419854388 121.5900187343359 7668.0898362919688 271.93362563941628 49.503407171927392 5.0052364375442258 1022.0692973025143 74.515977885574102 342.99402257241309 118.56780318543315 75.986088519915938 163.42807565815747 468.32717112265527
leaf_count=264 504 104643 869 34774 1578 3219 170 5140 330 1730 707 434 797 2316
internal_value=8.28422e-05 5.42071e-05 9.36443e-05 -0.000823682 -0.00863795 -0.000499171 -0.0179406 -0.000367614 -0.00107177 -0.00651687 -0.0134111 -0.00427313 0.00312855 0.00744916
internal_weight=35082 35024 34903.4 10382 393.524 9988.49 54.5086 9933.98 8280.15 612.064 269.07 150.502 1653.82 631.755
internal_count=157475 157211 156707 52064 2447 49617 3389 46228 37975 3201 1471 764 8253 3113
is_linear=0
shrinkage=0.05


Tree=148
num_leaves=15
num_cat=0
split_feature=6 8 12 4 0 2 6 6 8 4 4 7 7 6
split_gain=5.55545 7.56223 4.96094 10.0491 9.68207 9.75485 9.56041 7.50297 6.27739 6.27554 6.23085 10.6154 12.794 6.94789
threshold=61.003600000000006 209.59249804892187 18.069600000000005 55.400400000000005 21.500000000000004 10.500000000000002 49.518050000000009 22.257750000000005 2702.0511044038271 47.693850000000005 56.471450000000011 12.750250000000003 18.068550000000005 59.655950000000011
decision_type=10 10 10 10 2 10 8 8 8 10 10 10 10 10
left_child=2 -2 10 4 -4 7 -7 8 -6 -9 13 -12 -13 -1
right_child=1 -3 3 -5 5 6 -8 9 -10 -11 11 12 -14 -15
leaf_value=0.00014897902153943041 -0.0039459691197953313 0.01827969718011806 -0.016084929769295309 -0.010937629422704528 0.023764669339367751 -0.016069732147038336 0.0030320422507116168 -0.0015482232472784387 0.0010249248749637783 0.0090016698365828519 -6.4947570897478746e-05 0.016718533744230529 -0.0026960340201309407 -0.013251726875170476
leaf_weight=32432.030214423314 53.765670200809836 75.798851996660233 72.480343118309975 279.27679776120931 55.96920551918447 127.1890009669587 108.29161284025759 504.86458180379122 53.67507812846452 173.29310474079102 583.0119167342782 246.30645193345845 117.24849138688296 77.015272609889507
leaf_count=145352 244 338 310 1290 241 646 555 2186 244 751 2745 1115 549 336
internal_value=0.000146461 0.00976232 0.00010511 -0.00281639 -0.000587575 0.000797431 -0.00773563 0.00347641 0.0145081 0.00132829 0.000226795 0.00418291 0.0106431 0.000109104
internal_weight=34960.2 129.565 34830.7 1375.04 1095.76 1023.28 235.481 787.802 109.644 678.158 33455.6 946.567 363.555 32509
internal_count=156902 582 156320 6223 4933 4623 1201 3422 485 2937 150097 4409 1664 145688
is_linear=0
shrinkage=0.05


Tree=149
num_leaves=15
num_cat=0
split_feature=3 0 2 8 3 8 9 0 6 9 0 2 9 4
split_gain=4.70011 6.65569 6.75537 7.40177 3.71251 14.674 8.14555 9.16712 8.17462 8.29548 8.1924 7.6304 6.75713 8.86651
threshold=1982.5000000000002 59.500000000000007 40.500000000000007 152.94071146240455 1806.5000000000002 649.37724142360787 50.436000000000007 43.500000000000007 42.523000000000003 47.560700000000004 27.500000000000004 1.0000000180025095e-35 59.408200000000008 58.418950000000002
decision_type=2 2 10 10 2 10 10 2 8 8 2 10 10 8
left_child=1 4 3 -3 5 6 8 11 -1 10 -10 -8 13 -13
right_child=-2 2 -4 -5 -6 -7 7 -9 9 -11 -12 12 -14 -15
leaf_value=-0.014710441214771247 -0.012827125643848223 -0.021032058876870718 0.013110077084356296 0.006296898657875207 0.00044087843497395292 -0.017531043895558013 0.0049630301582209851 -0.016532926109365482 0.021082031633833018 0.00024222840812527981 -0.00032077925428905752 -0.0026068322470873834 0.0091831690633640047 -0.013123823087805939
leaf_weight=68.5953160636127 50.047731173224747 81.179946813732386 9.7675705850124341 22.603159827180207 27805.330714140087 109.28218094259501 256.06142182648182 109.80028091743588 76.462785676121712 5292.1957096420228 82.237177550792694 789.46598392724991 68.1784897595644 255.48582135140896
leaf_count=312 387 4094 267 735 120509 541 1126 935 317 22896 388 3515 320 1158
internal_value=0.000111856 0.000137653 -0.0110033 -0.0150243 0.000180166 -0.000838105 -0.000528229 -0.00379701 0.000358214 0.000600925 0.0111966 -0.00255235 -0.00433826 -0.00537636
internal_weight=35076.7 35026.6 113.551 103.783 34913.1 7107.77 6998.48 1478.99 5519.49 5450.9 158.7 1369.19 1113.13 1044.95
internal_count=157500 157113 5096 4829 152017 31508 30967 7054 23913 23601 705 6119 4993 4673
is_linear=0
shrinkage=0.05


Tree=150
num_leaves=15
num_cat=0
split_feature=3 7 9 5 3 8 0 10 0 8 8 4 4 1
split_gain=6.41157 13.0499 15.6535 11.856 8.58289 7.2808 6.40138 8.20457 5.28558 7.66406 11.2332 7.9664 10.2234 5.77815
threshold=1722.5000000000002 10.684600000000001 50.927350000000011 9.9179500000000029 1643.5000000000002 358.51969051395389 41.500000000000007 51.872050000000009 23.500000000000004 413.82225561902959 223.06026800811102 40.268850000000008 48.864100000000001 15.500000000000002
decision_type=2 8 10 8 2 10 2 10 2 10 10 10 10 2
left_child=1 4 3 -3 -1 -6 7 -4 9 10 13 -11 -13 -2
right_child=8 2 6 -5 5 -7 -8 -9 -10 11 -12 12 -14 -15
leaf_value=-0.0099556549814848322 0.0074184361584550664 0.017410421212333004 -0.021306231286720833 -0.0026962117348329089 0.015682553469362408 -0.0053325681758162879 -0.029580477891134316 -0.0038821916600113356 0.00044937401168691754 0.02104351983897635 -0.01904908221073388 -0.010727003921222063 0.012997487194826671 -0.0021148497869861197
leaf_weight=41.282087713479996 147.92415145039558 56.995857322588563 84.49152509868145 1586.2682099705562 175.9415945885703 41.482475116848946 36.942541535943747 225.79423040151596 29285.888774853665 52.874505624175072 75.717951491475105 75.54674768447876 66.579499945044518 3174.7310658842325
leaf_count=194 625 286 406 7331 908 233 389 1125 131914 218 310 309 273 13181
internal_value=4.97578e-05 -0.00252086 -0.00390712 -0.00179786 0.00766005 0.0115616 -0.0132477 -0.00962966 0.000227034 -0.00157749 -0.00214546 0.00759961 0.000619182 -0.00164858
internal_weight=35128.5 2249.2 1990.49 1643.26 258.706 217.424 347.228 310.286 32879.3 3593.37 3398.37 195.001 142.126 3322.66
internal_count=157702 10872 9537 7617 1335 1141 1920 1531 146830 14916 14116 800 582 13806
is_linear=0
shrinkage=0.05


Tree=151
num_leaves=15
num_cat=0
split_feature=8 1 7 2 14 1 8 7 8 8 8 6 5 7
split_gain=6.82099 6.41678 4.72471 10.4558 8.69105 13.5993 12.4385 11.8 11.4569 14.6354 11.0161 12.6656 9.88245 13.0938
threshold=15167.747100195398 9.5000000000000018 2.2679000000000005 57.500000000000007 1.0000000180025095e-35 29.500000000000004 1167.6176734918988 13.001400000000002 129.39671948815368 174.91848359439385 396.12958203440485 59.476050000000008 10.960050000000001 13.7399
decision_type=10 2 10 8 2 2 8 10 10 10 8 10 10 10
left_child=1 -1 -3 4 8 10 12 -8 -4 -10 11 -6 -7 -14
right_child=-2 2 3 -5 5 6 7 -9 9 -11 -12 -13 13 -15
leaf_value=0.013705269709008972 -0.015760401822998687 0.00028965072890534355 -0.0034110230491282154 0.0081814936692520684 -0.005064268008709666 -0.010725312620123653 -0.004220834884684793 0.024669998250632871 0.015882925741463886 0.0010984206378407424 -0.011298237314031215 0.011246605779013943 0.018499557080829083 -0.0033410188316298551
leaf_weight=66.177559889853001 48.106591049581766 29735.298805895261 1277.184332812205 254.59796135313809 906.92414858750999 162.8559174882248 46.308266932144761 81.631375548429787 172.3586466871202 1319.2580535029992 663.27874231524765 117.43412241339684 83.166528236120939 190.93817852158099
leaf_count=298 229 133000 5974 1197 3866 889 221 436 804 6028 2884 491 462 989
internal_value=4.7691e-05 7.83395e-05 4.47722e-05 -0.00133125 -0.00184412 -0.00413564 0.0025132 0.0150559 3.64175e-05 0.00299433 -0.00636457 -0.00301479 -0.00165747 0.00409305
internal_weight=35125.5 35077.4 35011.2 5275.94 5021.34 2252.54 564.9 127.94 2768.8 1491.62 1687.64 1024.36 436.961 274.105
internal_count=157768 157539 157241 24241 23044 10238 2997 657 12806 6832 7241 4357 2340 1451
is_linear=0
shrinkage=0.05


Tree=152
num_leaves=15
num_cat=0
split_feature=2 1 3 0 8 0 3 12 2 5 5 8 0 2
split_gain=6.75703 12.4066 6.78887 6.76323 6.60878 12.5369 11.9994 10.8233 14.1388 16.091 10.7878 9.93464 8.95475 8.91759
threshold=7.5000000000000009 43.500000000000007 1922.5000000000002 51.500000000000007 481.15719911614923 50.500000000000007 1972.5000000000002 14.892200000000001 41.500000000000007 16.369600000000002 14.153050000000002 7309.2843389753971 53.500000000000007 17.500000000000004
decision_type=8 2 2 2 10 2 2 8 8 8 10 10 2 10
left_child=1 -1 -3 -4 7 11 -7 8 9 10 12 -6 -2 -9
right_child=4 2 3 -5 5 6 -8 13 -10 -11 -12 -13 -14 -15
leaf_value=0.0010637345356673833 0.0012813532232215921 -0.018645700565619133 0.0080989113881068525 -0.012804805680464396 -0.0082297769888577798 0.0001931678898032421 0.033576638693952589 -0.0011827165449415048 0.0065470285581471447 -0.010847780158876989 0.016371569434258972 0.0069678730149026081 -0.013952890500393106 0.0039755863393432051
leaf_weight=13099.466525420547 2137.0420387685299 102.75007782923058 66.065650850534439 50.603941430337727 816.98144702613354 87.574042804539204 19.013448595069349 16029.725279582664 1173.3031723108143 283.99681150261313 94.191830601543188 107.90262124687433 81.010830686893314 864.71271729189903
leaf_count=55089 9533 913 312 629 3647 928 193 71326 5720 1356 454 471 1520 5223
internal_value=-2.66164e-05 0.00085913 -0.0104243 -0.00151483 -0.000570669 -0.00443782 0.0105123 -0.00037353 0.00204218 -2.81516e-05 0.00138238 -0.00634677 0.000605231 -0.000914309
internal_weight=35014.3 13318.9 219.42 116.67 21695.5 1031.47 106.587 20664 3769.54 2596.24 2312.24 924.884 2218.05 16894.4
internal_count=157314 56943 1854 941 100371 5239 1121 95132 18583 12863 11507 4118 11053 76549
is_linear=0
shrinkage=0.05


Tree=153
num_leaves=15
num_cat=0
split_feature=1 14 0 4 6 11 12 12 6 4 12 1 14 4
split_gain=4.77036 8.26885 6.26112 6.72464 6.23305 5.94725 11.0928 9.3039 11.3389 8.68563 10.0572 7.74205 7.93875 6.43724
threshold=37.500000000000007 1.0000000180025095e-35 56.500000000000007 51.627550000000006 50.113300000000002 -81.178099999999986 -72.684149999999988 -6.2626499999999989 42.36140000000001 10.789550000000002 87.761550000000014 30.500000000000004 1.0000000180025095e-35 34.050650000000005
decision_type=2 2 2 8 8 8 8 8 8 8 10 2 2 10
left_child=5 2 3 4 -2 13 -7 8 -8 10 -9 12 -10 -1
right_child=1 -3 -4 -5 -6 6 7 9 11 -11 -12 -13 -14 -15
leaf_value=-0.0033593616376027787 0.015812279278743374 0.0020213221567195109 -0.013894909162831785 -0.0035841626308550168 -0.0015198803572059462 -0.0048295966706166614 -0.0040483716044915968 0.02543307820321555 0.0080664589392511442 -2.6736412911646084e-05 0.00057190114883114141 -0.0050700451885006279 0.026461752927403194 0.0097178720816818425
leaf_weight=122.91825476288795 69.879112631082535 952.20647162757814 116.3121150857769 2176.3263455666602 115.28455281257629 1140.0594552531838 153.79318351857364 52.414147049188614 204.98147004470229 29515.704784528352 94.986446898430586 48.385497694835067 83.147658683359623 291.24513045698404
leaf_count=531 380 6223 3935 10685 607 4979 658 224 902 126351 418 217 365 1276
internal_value=-0.000143116 -0.00190878 -0.00342319 -0.00279506 0.00592492 4.89692e-05 -3.16429e-05 0.000152842 0.0068468 3.76577e-05 0.0113947 0.0117739 0.0147479 0.00586076
internal_weight=35137.6 3430.01 2477.8 2361.49 185.164 31707.6 31293.5 30153.4 490.308 29663.1 147.401 336.515 288.129 414.163
internal_count=157751 21830 15607 11672 987 135921 134114 129135 2142 126993 642 1484 1267 1807
is_linear=0
shrinkage=0.05


Tree=154
num_leaves=15
num_cat=0
split_feature=0 1 10 2 9 11 9 11 5 11 1 10 0 3
split_gain=4.83606 5.40602 5.38368 4.48548 8.47659 5.03415 6.41774 9.04925 4.54756 9.44647 10.1931 5.93302 13.1659 7.92433
threshold=13.500000000000002 14.500000000000002 46.890000000000008 1.0000000180025095e-35 52.498200000000004 16.351550000000007 50.751500000000007 -71.104449999999986 -72.854449999999986 -74.170399999999987 36.500000000000007 48.087350000000008 46.500000000000007 1770.5000000000002
decision_type=2 2 10 8 8 10 10 10 8 10 2 8 2 2
left_child=-1 2 -2 4 5 6 7 -3 9 -5 -11 12 13 -10
right_child=1 3 -4 8 -6 -7 -8 -9 11 10 -12 -13 -14 -15
leaf_value=0.013447122950846636 -0.010838674494638399 0.0056295446217875071 0.0048635576880555328 0.0013236143641151999 -0.0057660624097195532 0.012780468199648606 0.0080128855392892478 -0.014938344111935568 0.014616366453073648 -0.0098528481941319111 0.010512841629587259 0.0001190713331291108 -0.0088135387316086878 0.0028020643750649981
leaf_weight=47.545599654316902 190.71900269389153 83.16158467810601 60.531535968184471 636.20471115037799 801.80996497347951 80.98329730052501 122.665362900123 97.59318686556071 132.42989636957645 487.71569354645908 53.346232877112925 29564.934907831252 217.27021947689354 2483.7571496665478
leaf_count=215 820 354 268 2935 3408 342 535 418 616 2146 372 132783 1911 10386
internal_value=8.11758e-05 5.53593e-05 -0.006976 0.000110162 -0.00288566 0.00311046 -0.000101211 -0.00585737 0.000217659 -0.00280874 -0.00754171 0.000329294 0.0025066 0.00350645
internal_weight=35060.7 35013.1 251.251 34761.9 1186.21 384.403 303.42 180.755 33575.7 1177.27 541.062 32398.4 2833.46 2616.19
internal_count=157509 157294 1088 156206 5057 1649 1307 772 151149 5453 2518 145696 12913 11002
is_linear=0
shrinkage=0.05


Tree=155
num_leaves=15
num_cat=0
split_feature=12 8 12 3 11 7 10 4 12 11 3 3 3 0
split_gain=7.63507 8.49026 13.8139 12.1506 11.253 7.75648 6.77123 8.85924 6.23892 6.13536 8.21716 6.25471 13.1019 11.216
threshold=-73.584099999999992 1406.2337030154206 -122.32154999999999 1900.5000000000002 8.6505500000000008 -74.008049999999983 41.21840000000001 45.080050000000007 -81.562649999999977 -6.2661999999999987 1927.5000000000002 1918.5000000000002 1908.5000000000002 22.500000000000004
decision_type=8 8 10 2 10 10 10 8 10 8 2 2 2 2
left_child=1 3 -3 8 5 6 -4 -8 -1 10 -2 12 -11 -13
right_child=9 2 4 -5 -6 -7 7 -9 -10 11 -12 13 -14 -15
leaf_value=0.021292922541062374 0.0091625804512225836 0.012477154493031169 -0.0094898413972432302 -0.0026544009175436057 0.0043778618415427914 -0.018660721401759572 0.016675889089618891 -0.0083255515788802168 0.0026189649293188173 0.00046355494408411137 -0.0090655130413223196 -0.012577690857233873 -0.003159367249820621 0.002488055249060794
leaf_weight=73.234320722520351 359.26348894555122 74.285500929690897 433.1484971223399 528.76371752936393 145.27241982705891 191.21493185963482 47.990073098801076 55.986524588428438 98.470475095324218 25578.148843517527 57.214753209613264 107.38577607274055 2745.0813389616087 4534.1274431170896
leaf_count=309 1645 356 2042 2396 680 886 216 260 443 112904 279 458 12268 22211
internal_value=0.000303348 -0.00299799 -0.00603432 0.00116433 -0.00785243 -0.0103436 -0.00681919 0.00404242 0.0119741 0.000468066 0.0063578 0.000389845 0.000110441 0.00208703
internal_weight=35029.6 1648.37 947.898 700.469 873.612 728.34 537.125 103.977 171.705 33381.2 416.478 32964.7 28323.2 4641.51
internal_count=157353 7588 4440 3148 4084 3404 2518 476 752 149765 1924 147841 125172 22669
is_linear=0
shrinkage=0.05


Tree=156
num_leaves=15
num_cat=0
split_feature=3 6 7 3 14 9 6 7 0 3 11 12 3 12
split_gain=9.05969 4.70396 4.61782 10.2299 17.2644 11.5391 10.3635 9.99415 9.44584 12.1253 11.9407 21.8272 9.80664 9.64603
threshold=1982.5000000000002 61.003600000000006 1.3829 1945.5000000000002 1.0000000180025095e-35 51.542000000000009 49.454750000000004 7.2009000000000016 50.500000000000007 1905.5000000000002 16.375650000000004 21.01275 1909.5000000000002 106.98350000000001
decision_type=2 10 10 2 2 10 10 10 2 2 10 10 2 10
left_child=1 2 -1 8 7 6 -6 -5 9 10 -4 -12 -10 -11
right_child=-2 -3 3 4 5 -7 -8 -9 12 13 11 -13 -14 -15
leaf_value=0.00017643368023386981 -0.01795792506350009 0.0088161461428870064 -0.0022162600204603746 -0.0036599115010082016 0.00032717094761585552 -0.0098474232993465815 0.022221574079204009 0.018940107147966637 -0.02740018182798612 -0.0062436916382442101 0.010063896796357897 -0.0064333941208009754 4.4842139862875454e-05 0.012047701581011244
leaf_weight=29660.71096753329 50.59137409646064 129.71875574346632 1858.4637172147632 55.813364675268531 295.94007310364395 216.91819229349494 46.295224085450172 195.59060615208 55.329942666459829 1516.2919437214732 599.91005603969097 279.96331474930048 57.197241536341608 57.544798299670219
leaf_count=132607 397 579 8169 272 1332 1011 204 925 1023 6325 2616 1239 639 243
internal_value=-6.36655e-05 -2.75854e-05 -6.54913e-05 -0.00143159 0.00367146 -0.00130619 0.00435228 0.0140228 -0.00237873 -0.00196486 5.28451e-05 0.00478837 -0.0155485 -0.00543211
internal_weight=35076.3 35025.7 34896 5235.26 810.557 559.153 342.235 251.404 4424.7 4312.17 2738.34 879.873 112.527 1573.84
internal_count=157581 157184 156605 23998 3744 2547 1536 1197 20254 18592 12024 3855 1662 6568
is_linear=0
shrinkage=0.05


Tree=157
num_leaves=15
num_cat=0
split_feature=4 11 6 4 5 5 5 8 3 11 2 8 3 8
split_gain=3.90019 9.82658 10.1288 8.60362 7.80483 14.2131 7.55932 13.9299 11.3958 8.97591 8.89518 7.43249 6.44834 6.01419
threshold=56.668500000000002 18.068350000000006 59.329300000000011 55.53990000000001 23.338050000000003 12.9641 10.960050000000001 13.77518773005567 1879.5000000000002 14.833100000000002 9.5000000000000018 1.7370700955908942 1922.5000000000002 557.8236997259072
decision_type=10 10 8 10 10 10 10 10 2 10 8 8 2 10
left_child=3 6 12 -1 5 13 10 9 -9 -8 -2 -4 -3 -5
right_child=1 2 11 4 -6 -7 7 8 -10 -11 -12 -13 -14 -15
leaf_value=8.0560435053741965e-06 0.0064173982314201829 -0.017503659377419378 -0.011576251621982059 -0.0092731201637230882 -0.020342902783851757 0.013023134973744103 0.013768749767543373 0.030427225807644898 0.0075155590453359084 -0.0062125586706000789 -0.011542351351427236 0.0055301154024681165 0.0012997832805821678 0.0075552701651370839
leaf_weight=33211.72785143787 165.5241127666086 115.55812982004136 58.406297957524657 395.86087469942868 62.86344991158694 86.886781401000917 66.072265282273293 92.621678706258535 140.13290866464376 142.19996269326657 89.726921463385224 325.34910025075078 64.770171923562884 45.626459406688809
leaf_count=148953 715 527 258 1803 292 394 316 422 628 717 441 1540 302 215
internal_value=2.4194e-06 0.00271123 -0.00215793 -0.000100123 -0.00597834 -0.0035897 0.00660604 0.0104282 0.0183192 0.000777277 -0.000275838 0.00248212 -0.0112944 -0.00728189
internal_weight=35063.3 1260.36 564.084 33803 591.238 528.374 696.278 441.027 232.755 208.272 255.251 383.755 180.328 441.487
internal_count=157523 5866 2627 151657 2704 2412 3239 2083 1050 1033 1156 1798 829 2018
is_linear=0
shrinkage=0.05


Tree=158
num_leaves=15
num_cat=0
split_feature=3 11 11 11 3 9 2 3 3 3 8 11 12 3
split_gain=5.27275 5.17728 14.9145 8.71386 9.03304 8.66462 12.67 8.27463 8.23035 7.77539 24.8082 8.84401 8.22875 23.5002
threshold=1982.5000000000002 -1.0010499999999998 -2.5973499999999996 -0.36584999999999995 1880.5000000000002 51.588450000000002 14.500000000000002 1968.5000000000002 1964.5000000000002 1900.5000000000002 209.59249804892187 -2.9882999999999993 -78.872399999999985 1875.5000000000002
decision_type=2 8 10 8 2 10 8 2 2 2 10 10 10 2
left_child=1 2 9 4 -3 6 -4 8 -5 10 11 12 13 -1
right_child=-2 3 5 7 -6 -7 -8 -9 -10 -11 -12 -13 -14 -15
leaf_value=-0.029387919179898171 -0.013621333775564768 -0.015774486263355092 -0.010801767879054595 1.2623816229301221e-05 0.0026588552311279734 0.011749325820961359 0.014106002220565931 0.011410986816829123 -0.013870218637594826 -0.0025174161521966136 0.019868076513982227 -0.012281998043599604 0.0032657405493985315 0.011673227205790442
leaf_weight=52.480053894221783 49.750493231229484 155.23306492809206 108.98697596974671 31313.695037469268 98.899231274612248 502.21977844554931 64.590940952301025 138.70601761527359 87.123343815095723 1253.3139274856076 166.30319948494434 107.1686004512012 913.50323787890375 51.388236984610558
leaf_count=220 388 709 479 139848 479 2330 315 769 463 5870 743 493 4126 225
internal_value=0.000112425 0.000139704 0.00204376 -5.42961e-05 -0.00893027 0.00853076 -0.00103342 2.28368e-05 -3.46991e-05 0.000267539 0.00296868 0.000165995 0.00168876 -0.0104684
internal_weight=35063.4 35013.6 3219.95 31793.7 254.132 675.798 173.578 31539.5 31400.8 2544.16 1290.84 1124.54 1017.37 103.868
internal_count=157457 157069 14801 142268 1188 3124 794 141080 140311 11677 5807 5064 4571 445
is_linear=0
shrinkage=0.05


Tree=159
num_leaves=15
num_cat=0
split_feature=11 11 8 8 3 8 3 11 3 4 1 4 14 1
split_gain=6.6445 24.4021 10.4458 12.9207 9.19077 34.661 10.5401 8.94195 8.4635 15.5999 9.1599 9.60318 8.07187 7.80954
threshold=-1.6131499999999999 -2.1982499999999994 127.46257181134577 174.91848359439385 1906.5000000000002 5294.6998933665645 1838.5000000000002 -81.178099999999986 1890.5000000000002 39.834200000000003 35.500000000000007 55.53990000000001 1.0000000180025095e-35 35.500000000000007
decision_type=8 10 8 8 2 8 2 10 2 10 2 10 2 2
left_child=1 2 12 -4 5 -5 -7 -6 10 -10 11 -8 -1 -9
right_child=-2 -3 3 4 7 6 8 13 9 -11 -12 -13 -14 -15
leaf_value=0.015823814988483634 -0.00034443949959149528 0.016990033033572573 -0.021386482661586645 0.021419853511328649 0.0041073828101351566 -0.0058275636381977724 0.011794412670721073 -0.0088230517522074042 -0.020342278200869656 0.0072219045330023284 -0.009820651366295504 -0.0084966978230402966 0.00089146236278888832 0.0048098479808857727
leaf_weight=168.21931526996195 32062.373483876232 232.66166049614549 51.598154624924064 191.44252941384912 260.45575978793204 512.73651201277971 395.98794312588871 575.80038965493441 74.337330647744238 96.330025907605886 57.009129785001278 53.131428642198443 179.20343888178468 114.10389818996191
leaf_count=732 143740 1082 224 855 1248 2276 1744 2576 342 460 338 238 787 781
internal_value=-0.000134641 0.00212264 0.000741415 -0.000464754 0.000176265 0.00276542 -0.000541358 -0.0035655 0.00351576 -0.00565861 0.00670687 0.00913405 0.00858937 -0.00649631
internal_weight=35025.4 2963.02 2730.36 2382.93 2331.33 1380.97 1189.53 950.36 676.796 170.667 506.129 449.119 347.423 689.904
internal_count=157423 13683 12601 11082 10858 6253 5398 4605 3122 802 2320 1982 1519 3357
is_linear=0
shrinkage=0.05


Tree=160
num_leaves=15
num_cat=0
split_feature=0 3 3 3 5 0 3 3 10 9 2 8 4 9
split_gain=6.37239 4.05735 7.05031 8.75473 7.92054 9.54199 4.92224 11.5136 10.4264 13.6314 12.8819 11.4147 9.66051 7.39021
threshold=13.500000000000002 1982.5000000000002 1968.5000000000002 1964.5000000000002 10.158550000000002 46.500000000000007 1943.5000000000002 1948.5000000000002 51.387650000000008 47.560700000000004 2.5000000000000004 98.679948406904444 59.857000000000006 48.778050000000007
decision_type=2 2 2 2 10 2 2 2 8 10 10 10 10 10
left_child=-1 2 3 6 5 -4 -2 13 9 10 -9 -11 -10 -8
right_child=1 -3 4 -5 -6 -7 7 8 12 11 -12 -13 -14 -15
leaf_value=0.014872090382843817 -0.00023985929065595426 -0.012219131925713297 -0.010753813814143249 -0.01278429592427203 0.018487729753748225 0.014771011729776263 0.0027695731563824552 0.010089060084427275 -0.01301775633523118 -0.0084879753982104698 -0.0088093446044599927 0.014384936684996295 0.0090607273745606162 0.016043478820923572
leaf_weight=50.880044624209404 33271.557893981691 49.328651692718267 70.054985895752907 116.95356181729585 87.840062951669097 41.714876209385693 221.29574260301888 109.45393088459969 208.37274718936533 53.422049662098289 283.61991698201746 264.17791902832687 47.888801027089357 198.3758920384571
leaf_count=230 148241 398 316 621 431 377 1166 479 1377 234 1306 1191 219 937
internal_value=-0.000104921 -0.000135154 -0.000111137 -0.000167439 0.00881961 -0.000431384 -0.000117515 0.00277979 -0.000265191 0.00286866 -0.00331327 0.0102627 -0.00853459 0.00948843
internal_weight=35074.9 35024.1 34974.7 34775.1 199.61 111.77 34658.2 1386.61 966.935 710.674 393.074 317.6 256.262 419.672
internal_count=157523 157293 156895 155771 1124 693 155150 6909 4806 3210 1785 1425 1596 2103
is_linear=0
shrinkage=0.05


Tree=161
num_leaves=15
num_cat=0
split_feature=10 10 12 9 10 3 8 8 12 3 0 1 2 3
split_gain=5.67675 4.96062 11.6774 11.8194 7.81509 12.0675 6.12129 8.44217 6.06012 5.51625 8.06568 6.95888 7.40382 6.29969
threshold=61.309200000000011 40.713200000000008 -6.2601499999999985 53.795500000000004 40.231350000000006 1949.5000000000002 460.92617016165963 6655.9052632384737 37.614300000000007 1968.5000000000002 48.500000000000007 43.500000000000007 16.500000000000004 1864.5000000000002
decision_type=10 8 8 10 10 2 8 8 10 2 2 2 8 2
left_child=1 4 3 -3 -1 6 -6 -8 9 11 -11 -4 -13 -14
right_child=-2 2 8 -5 5 -7 7 -9 -10 10 -12 12 13 -15
leaf_value=-0.00074063131447926658 -0.012139916220940652 0.0037152313710452373 0.00029666230874954969 0.021618776069957202 -0.0023337222534236062 0.0074656876653548133 -0.026337343873761861 -0.0050272751242508825 -0.012227231655714304 0.00018156772558052054 0.025065520586636515 -0.011976336304606573 0.003862462682268899 -0.0042554375905045566
leaf_weight=1848.2670074859634 74.15597216039896 809.25104750879109 30409.047516061924 86.390747610479593 102.36226491630077 79.659075293689966 104.13745381310582 92.767004028894007 78.602445437572896 81.048077583312988 34.76944278087467 193.47982814908028 330.10908782389015 741.88778872834519
leaf_count=8491 338 3752 130783 395 438 376 472 412 373 343 369 2147 2716 6137
internal_value=0.000120913 0.000153817 0.000309505 0.00587664 -0.00211891 -0.00846748 -0.0129106 -0.0176869 0.000149459 0.000187729 0.0102429 0.000144522 -0.0034591 -0.00173067
internal_weight=35065.9 34991.8 32764.6 895.642 2227.19 378.926 299.267 196.904 31868.9 31790.3 115.818 31674.5 1265.48 1072
internal_count=157542 157204 147015 4147 10189 1698 1322 884 142868 142495 712 141783 11000 8853
is_linear=0
shrinkage=0.05


Tree=162
num_leaves=15
num_cat=0
split_feature=0 3 3 0 3 8 1 3 2 3 7 5 5 0
split_gain=5.14401 4.88679 6.25282 9.7287 9.36657 6.70732 4.89414 10.7651 11.1227 10.2798 8.11001 12.5442 11.7553 8.92999
threshold=13.500000000000002 1982.5000000000002 1968.5000000000002 50.500000000000007 1964.5000000000002 169.19034879131502 33.500000000000007 1957.5000000000002 1.5000000000000002 1914.5000000000002 18.068550000000005 2.8864000000000005 21.558050000000005 50.500000000000007
decision_type=2 2 2 2 2 10 2 2 8 2 10 10 8 2
left_child=-1 2 4 5 6 -4 -2 8 9 -8 11 -10 -12 -13
right_child=1 -3 3 -5 -6 -7 7 -9 10 -11 12 13 -14 -15
leaf_value=0.01336231517175503 0.00024576937413432818 -0.013441973079627009 0.013878464087089743 0.025440259353671269 -0.01291132744282672 -0.0053557379815900811 -0.017204430333268426 0.015631849526061378 -0.0006675236298836067 0.00034370624481815581 0.02628955370229041 -0.0053658363207400245 -0.0026536531169520676 -0.023828214154690944
leaf_weight=51.659385472536087 28800.346411682665 47.964180241338909 50.578645065426826 40.702062555588782 121.52847204450518 107.72445371747017 190.84792257845402 72.155338723212481 4963.8248716061935 136.85819082707167 45.567128509283066 296.06565577536821 68.413683691062033 71.713233184535056
leaf_count=233 123186 377 215 414 653 479 927 568 26659 637 280 1429 417 1103
internal_value=-2.03082e-05 -4.76696e-05 -2.16226e-05 0.00840044 -7.46317e-05 0.00165709 -2.21809e-05 -0.0013387 -0.00160403 -0.0102777 -0.00104637 -0.00134691 0.0111144 -0.0100091
internal_weight=35065.9 35014.3 34966.3 199.005 34767.3 158.303 34645.8 5845.45 5773.29 327.706 5445.58 5331.6 113.981 367.779
internal_count=157577 157344 156967 1108 155859 694 155206 32020 31452 1564 29888 29191 697 2532
is_linear=0
shrinkage=0.05


Tree=163
num_leaves=15
num_cat=0
split_feature=1 3 1 3 1 1 11 7 11 10 11 7 3 0
split_gain=5.65727 5.21097 21.9457 4.79144 11.1902 17.0044 13.132 9.18579 8.85817 7.82625 6.67793 6.30878 13.2638 16.6762
threshold=45.500000000000007 1961.5000000000002 33.500000000000007 1944.5000000000002 24.500000000000004 33.500000000000007 9.4989500000000024 29.100250000000006 -76.478899999999982 55.331650000000003 -73.988749999999982 1.3829 1905.5000000000002 36.500000000000007
decision_type=2 2 2 2 2 2 10 10 10 10 10 10 2 2
left_child=1 3 -3 11 6 10 8 9 -5 -8 -6 -1 13 -13
right_child=-2 2 -4 4 5 -7 7 -9 -10 -11 -12 12 -14 -15
leaf_value=0.0002203250921638205 -0.0038388269566495513 -0.012018099822329877 0.010778804146957444 0.0041002260723403397 -0.0015409031130131402 -0.0066592650966422378 0.017427605786278316 -0.010014026557885781 -0.01657729340507472 -0.0037422977906109971 0.014493671923734981 0.0022676365513061214 -0.0053816185045734797 -0.0070863422401875424
leaf_weight=28139.931525211781 978.61511031119153 325.55108391493559 134.08604629151523 63.413242474198341 72.516043312847614 146.28063442744315 117.80316992476583 53.684724271297455 158.54084777459502 54.964423179626465 400.36738532781601 2219.1852552294731 1618.2438117824495 585.30410457309335
leaf_count=120765 10225 1467 657 272 325 726 493 226 667 230 1718 9336 6980 3476
internal_value=-0.000129417 -2.07433e-05 -0.0051956 5.30294e-05 0.00331772 0.00757677 -0.00263564 0.00561228 -0.010819 0.0110031 0.012072 -5.59745e-05 -0.00180703 0.000279083
internal_weight=35068.5 34089.9 459.637 33630.2 1067.57 619.164 448.406 226.452 221.954 172.768 472.883 32562.7 4422.73 2804.49
internal_count=157563 147338 2124 145214 4657 2769 1888 949 939 723 2043 140557 19792 12812
is_linear=0
shrinkage=0.05


Tree=164
num_leaves=15
num_cat=0
split_feature=3 12 3 0 3 3 0 7 4 4 4 12 2 3
split_gain=7.01705 6.24057 24.5784 15.517 13.3446 23.8028 15.3794 15.1976 18.2248 21.2442 13.3712 12.2417 13.054 17.5549
threshold=1982.5000000000002 -3.3769999999999993 1813.5000000000002 44.500000000000007 1908.5000000000002 1930.5000000000002 50.500000000000007 12.533700000000001 57.055950000000003 50.087800000000009 10.789550000000002 106.98350000000001 17.500000000000004 1885.5000000000002
decision_type=2 10 2 2 2 2 2 10 8 10 10 10 8 2
left_child=1 -1 3 -3 6 7 11 -6 9 -9 -7 12 -4 -14
right_child=-2 2 4 -5 5 10 -8 8 -10 -11 -12 -13 13 -15
leaf_value=-0.00039206863731105807 -0.016095032026482433 -0.0025197447008818374 0.0037065601176634664 -0.019705666397889364 -0.00058759950913461463 0.021535028641288305 -0.014263345814268422 -0.0064221609699386091 0.0021860723929992398 -0.030394152347489534 0.0028965629675326101 -0.012851523693145418 0.0060007748553142391 0.02277570890789608
leaf_weight=25502.911127531901 47.728460011072457 1911.9651171639562 3321.8569196462631 121.9977205330506 924.43791047297418 83.564581534825265 90.481391986832023 234.72310892585665 178.00837757252157 149.48856440186501 1556.1699754172005 78.427713021636009 579.99571263045073 205.93379581719637
leaf_count=113311 372 8564 14030 1301 4258 482 1457 1006 780 662 7166 335 2561 929
internal_value=-1.66955e-05 1.44628e-05 0.00111159 -0.0037324 0.00244892 -3.61312e-05 0.00425728 -0.00458593 -0.0109142 -0.0167915 0.00409448 0.00472351 0.0051197 0.0108524
internal_weight=34987.7 34940 9437.05 2033.96 7403.09 3126.39 4276.7 1486.66 562.22 384.212 1639.73 4186.21 4107.79 785.93
internal_count=157214 156842 43531 9865 33666 14354 19312 6706 2448 1668 7648 17855 17520 3490
is_linear=0
shrinkage=0.05


Tree=165
num_leaves=15
num_cat=0
split_feature=1 10 11 8 7 4 3 7 1 2 7 4 2 9
split_gain=6.73493 3.50902 4.66668 10.1925 4.59561 9.08824 8.13116 5.08962 13.3375 8.24183 7.99413 8.75988 7.66447 8.62102
threshold=8.5000000000000018 -37.823399999999992 126.9885 1406.2337030154206 49.119450000000008 51.268150000000013 1942.5000000000002 18.068550000000005 30.500000000000004 11.500000000000002 17.455700000000004 57.707100000000004 1.5000000000000002 49.731850000000009
decision_type=2 8 10 8 10 8 2 10 2 8 10 8 10 10
left_child=-1 -2 4 -4 7 6 -6 10 -9 12 -3 -12 -10 -14
right_child=1 2 3 -5 5 -7 -8 8 9 -11 11 -13 13 -15
leaf_value=0.01505938522741199 0.01126208529551876 -1.4207877416413567e-05 0.0066591884425516671 -0.015124914864806141 -0.013367913591286138 0.017172211029916035 0.010567064127568769 -0.0058542682117324199 -0.0042569381334707189 -0.0081303925872103951 -0.0034100921345970379 0.021345721651317571 -0.00028905908811835938 0.026775308523673047
leaf_weight=53.856721661984921 48.358418106101453 33296.515378620476 70.496473774313927 125.60561088845134 58.596340911462903 91.923547721467912 45.525180035270751 940.2832875624299 41.478992903605103 48.328005437739193 51.181957283988595 70.190195471979678 41.770386936143041 76.247209788300097
leaf_count=246 236 149621 305 580 257 415 211 4066 187 360 222 318 199 401
internal_value=-2.35048e-05 -5.52951e-05 -7.73812e-05 -0.00740224 -3.18271e-05 0.00723791 -0.00288637 -7.72199e-05 -0.00332145 0.007646 3.6159e-05 0.0119008 0.0127996 0.0185425
internal_weight=35060.4 35006.5 34958.1 196.102 34762 196.045 104.122 34566 1148.11 207.825 33417.9 121.372 159.497 118.018
internal_count=157624 157378 157142 885 156257 883 468 155374 5213 1147 150161 540 787 600
is_linear=0
shrinkage=0.05


Tree=166
num_leaves=15
num_cat=0
split_feature=0 3 0 14 8 9 4 4 0 3 8 9 10 3
split_gain=4.17599 4.18629 19.5025 15.498 11.4277 10.4872 10.0908 12.3762 6.72845 8.62591 7.21515 8.10524 10.1791 7.254
threshold=13.500000000000002 1756.5000000000002 46.500000000000007 1.0000000180025095e-35 1293.8422012931103 50.927350000000011 50.941050000000011 55.163500000000006 22.500000000000004 1919.5000000000002 74.242518985045521 48.874850000000009 37.776500000000006 1770.5000000000002
decision_type=2 2 2 2 8 8 8 8 2 2 8 8 10 2
left_child=-1 2 3 5 -5 -2 -6 -8 9 10 -3 12 -12 -13
right_child=1 8 -4 4 6 -7 7 -9 -10 -11 11 13 -14 -15
leaf_value=0.012441546891609485 0.0071762844948044004 0.014326006252340418 -0.020037442700690414 -0.012135357306289939 0.024106948952865987 -0.0040289651345568256 -0.015728294771440606 0.0056653304191090284 0.00066348478295233078 -0.013002746930707186 0.004707189136375892 0.011417160425813462 -0.019175034800396517 -0.001596132601562693
leaf_weight=50.76168566942215 213.3107336461544 51.599841922521591 114.24670780077577 80.440950281918049 49.902063608169556 2100.1243925988674 53.590295322239399 943.50424776226282 29302.485729666892 151.43622787296772 56.702029272913933 94.461306482553482 114.92191521823406 1659.5938020497561
leaf_count=232 1004 213 1427 421 229 9339 253 4082 131765 635 233 379 472 6876
internal_value=0.000306406 0.000281701 -0.00133987 -0.000606854 0.00415479 -0.00294313 0.00561037 0.00422883 0.000465849 -0.00223553 -0.00128894 -0.00185031 -0.0116169 -0.000774514
internal_weight=35037.1 34986.3 3555.12 3440.87 1127.44 2313.44 1047 997.095 31431.2 2128.72 1977.28 1925.68 171.624 1754.06
internal_count=157560 157328 16755 15328 4985 10343 4564 4335 140573 8808 8173 7960 705 7255
is_linear=0
shrinkage=0.05


Tree=167
num_leaves=15
num_cat=0
split_feature=10 12 2 10 12 10 7 4 6 1 0 2 7 7
split_gain=5.87716 10.8729 7.95447 10.2998 7.33337 9.36177 6.54941 5.79902 5.48095 8.52779 5.19604 5.05706 5.70487 6.59627
threshold=41.21840000000001 -97.114999999999981 1.5000000000000002 40.231350000000006 -92.925649999999976 34.053300000000007 -81.689299999999989 40.65120000000001 38.896100000000011 22.500000000000004 27.500000000000004 8.5000000000000018 -73.949049999999986 1.0000000180025095e-35
decision_type=8 8 10 10 10 10 8 8 10 2 2 10 8 10
left_child=2 -2 6 4 5 -4 7 -1 9 -8 -11 12 -5 -14
right_child=1 -3 3 11 -6 -7 8 -9 -10 10 -12 -13 13 -15
leaf_value=0.02292998038880785 0.020693394809975202 0.00012504320423811763 -0.016425447701107536 0.0016751995789815574 0.00010160277583722443 0.00030587273416973564 -0.018402852944762019 -5.336255564754506e-05 0.007019593358488771 0.0093252549224869374 -0.0050697887784821247 -0.017079634491181588 -0.018518882412123981 0.0025898979146241102
leaf_weight=47.859394907951355 44.380679953843355 32521.146224563476 152.25021289847791 135.88843635376543 1146.8864795910195 161.0659087523818 56.561482056975365 45.927947828546166 160.83224668353796 86.39984655380249 133.02401335351169 161.39362671226263 95.002334835939109 48.041248954832554
leaf_count=204 200 145984 751 579 5229 782 238 201 694 373 617 833 413 208
internal_value=-1.18574e-05 0.000165758 -0.00237299 -0.00387697 -0.00179391 -0.00832214 0.00295915 0.0136438 0.000168175 -0.00402906 0.000903863 -0.0104067 -0.00566132 -0.0119814
internal_weight=34996.7 32565.5 2431.13 1900.53 1460.2 313.316 530.605 93.7873 436.818 275.985 219.424 440.326 278.932 143.044
internal_count=157306 146184 11122 8795 6762 1533 2327 405 1922 1228 990 2033 1200 621
is_linear=0
shrinkage=0.05


Tree=168
num_leaves=15
num_cat=0
split_feature=1 3 2 10 6 0 10 1 3 7 1 7 12 12
split_gain=3.70253 5.8513 6.21315 13.0378 5.81986 5.07818 4.29499 4.27166 6.92582 4.3799 10.3653 9.34171 7.29884 5.21243
threshold=42.500000000000007 1972.5000000000002 12.500000000000002 50.632600000000004 47.902650000000008 60.500000000000007 42.910000000000004 41.500000000000007 1977.5000000000002 49.119450000000008 20.500000000000004 37.642050000000005 4.6913500000000008 95.670400000000015
decision_type=2 2 8 8 10 2 8 2 2 10 2 10 10 10
left_child=7 2 4 -4 -2 -5 -3 8 9 11 -11 13 -12 -1
right_child=1 6 3 5 -6 -7 -8 -9 -10 10 12 -13 -14 -15
leaf_value=2.6311800148660623e-05 -0.013816615063332149 -0.0028680686834782801 0.018716003834283148 -0.0018568342506211418 0.00077827059346598161 -0.017368920632092357 0.023468055717579102 0.0060745259700858882 -0.015029358286075895 -0.0085397561124407172 -0.0045902560867764879 -0.018417160263480194 0.013839937086985775 -0.012196507482189936
leaf_weight=32616.111039259471 196.37916530761868 19.752714406698942 56.366054711863399 1201.889880888164 96.824062406085432 35.733574946876615 17.568048155866563 270.23949003405869 56.657496523112059 85.423130251467228 58.597906094044447 49.045862413942814 218.6315179746598 67.458021651953459
leaf_count=140296 1789 218 631 7273 882 2553 207 1284 296 370 261 226 946 301
internal_value=-7.88712e-05 -0.00239504 -0.00292829 -0.00137567 -0.00925504 -0.00257381 0.0133919 3.50734e-05 -1.77902e-05 1.69703e-05 0.00533532 -4.51749e-05 0.00989761 -6.35917e-06
internal_weight=35046.7 1624.51 1587.19 1293.99 293.203 1237.62 37.3208 33422.2 33151.9 33095.3 362.653 32732.6 277.229 32683.6
internal_count=157533 13553 13128 10457 2671 9826 425 143980 142696 142400 1577 140823 1207 140597
is_linear=0
shrinkage=0.05


Tree=169
num_leaves=15
num_cat=0
split_feature=5 8 11 11 3 0 1 8 2 5 3 3 12 3
split_gain=4.61697 4.43983 4.34052 9.42083 8.78664 8.37572 5.85583 6.30458 4.52156 4.25965 16.0099 13.9543 6.20305 6.12904
threshold=-118.22279999999999 3115.8426494640485 -81.178099999999986 -78.879049999999992 1880.5000000000002 32.500000000000007 20.500000000000004 1538.7179037107235 5.5000000000000009 -38.108899999999998 1903.5000000000002 1939.5000000000002 -79.445949999999996 1918.5000000000002
decision_type=8 8 8 8 2 2 2 8 8 8 2 2 10 2
left_child=1 -1 4 -4 -2 6 -6 -8 -7 10 12 -12 -5 -11
right_child=2 -3 3 9 5 8 7 -9 -10 13 11 -13 -14 -15
leaf_value=-0.018773344226113389 -0.011873338969435404 0.00072311739480428682 -0.015727470147298608 0.017186987052507648 -0.00050875823465973793 -0.012493407645891194 0.026153355184494121 0.0042405823834830905 0.0043186296782227514 -0.00045747181353056831 -0.015126785131211525 -0.001058708135783887 0.0015301069168517274 0.0014746570008659357
leaf_weight=46.018657103180885 48.857267387211323 49.80173914693296 79.001638236455619 61.59107406437397 51.711630165576935 40.519536637701094 84.397613197565079 61.1111731082201 99.174475476145744 28640.944582238328 318.22307686042041 374.92395735625178 303.20353977382183 4770.7904518442228
leaf_count=213 208 247 364 266 215 193 350 264 538 126761 1439 1802 1355 23330
internal_value=-0.000298184 -0.0102652 -0.000264988 -0.000325189 0.00487671 0.00783492 0.013985 0.0185749 -0.0015118 -0.000280788 -0.00337448 -0.00776044 0.00492949 -0.00018087
internal_weight=35030.3 95.8204 34934.5 34548.7 385.772 336.914 197.22 145.509 139.694 34469.7 1057.94 693.147 364.795 33411.7
internal_count=157545 460 157085 155317 1768 1560 829 614 731 154953 4862 3241 1621 150091
is_linear=0
shrinkage=0.05


Tree=170
num_leaves=15
num_cat=0
split_feature=1 3 1 3 1 12 0 5 14 8 4 9 4 3
split_gain=6.86129 4.6894 13.7203 5.87645 12.796 8.98316 8.01677 13.2849 6.78208 9.22706 5.98809 8.46501 6.85564 5.648
threshold=8.5000000000000018 1964.5000000000002 33.500000000000007 1944.5000000000002 22.500000000000004 -90.066249999999982 23.500000000000004 2.8864000000000005 1.0000000180025095e-35 596.52525745518017 48.87595000000001 48.834150000000001 59.717100000000009 1951.5000000000002
decision_type=2 2 2 2 2 10 2 10 2 10 10 10 8 2
left_child=-1 3 -3 -2 6 -6 -5 -8 9 13 11 -10 -12 -7
right_child=1 2 -4 4 5 8 7 -9 10 -11 12 -13 -14 -15
leaf_value=0.015097893764653099 -0.00015161675233713582 -0.012937261341058463 0.0059989071228984696 0.0065845353583068719 -0.0036097361049528161 0.029352430452177575 -0.023079147103885603 0.00086419360702475682 0.0036168648039559786 0.0019000916487662265 -0.0054947781571369515 0.021807338812060848 0.013346074019015648 0.0090923113411916293
leaf_weight=54.594506897032261 33305.242971678264 221.24238594807684 143.08709404151887 79.843493983149529 191.99469756148756 81.935232630930841 91.015326522290707 118.26394585520029 240.40429551899433 105.15006255730987 196.00419092271477 72.908160221762955 42.344939770177007 91.760775529779494
leaf_count=252 148576 1026 1112 332 1442 426 393 496 1094 479 907 329 196 473
internal_value=-5.02197e-05 -8.24747e-05 -0.00557509 -2.14812e-05 0.00323561 0.00584541 -0.00577515 -0.0106536 0.00806471 0.014208 0.00457105 0.00890434 -0.00137347 0.0206933
internal_weight=35035.8 34981.2 364.329 34616.9 1311.63 1022.5 289.123 209.279 830.508 278.846 551.662 313.312 238.349 173.696
internal_count=157533 157281 2138 155143 6567 5346 1221 889 3904 1378 2526 1423 1103 899
is_linear=0
shrinkage=0.05


Tree=171
num_leaves=15
num_cat=0
split_feature=12 7 9 1 0 4 4 4 3 8 9 3 1 6
split_gain=3.41572 7.67126 8.9599 7.95662 14.7897 6.76769 7.35892 6.35702 5.87595 6.13137 5.57335 4.78397 11.6207 11.5934
threshold=-73.584099999999992 -73.949049999999986 41.499600000000008 23.500000000000004 24.500000000000004 44.17090000000001 41.706300000000006 40.713200000000008 1941.5000000000002 6441.3659281550154 52.081550000000007 1888.5000000000002 23.500000000000004 54.688050000000004
decision_type=8 10 10 2 2 8 10 8 2 8 10 2 2 10
left_child=1 3 -3 4 7 6 -6 -1 9 -4 -5 12 -2 -14
right_child=11 2 8 10 5 -7 -8 -9 -10 -11 -12 -13 13 -15
leaf_value=0.010858309012273117 0.00095190311930126552 -0.025193603211352812 -0.016248241214473085 0.0036310741296122712 -0.011283195918957654 -0.023983796323564028 0.0071198387010643904 -0.0050796141158525841 0.0053634221233260226 0.0036298053168130786 -0.011208956666333291 0.00086504043897279992 -0.0017017123866146231 0.0073627805456174603
leaf_weight=132.2107275724411 9246.4227627366781 50.469902794808149 96.074008137919009 766.82691633794457 197.07925418764353 68.825444158166647 57.22512249648571 90.538126453757286 85.538155998103321 48.890873266384006 49.449035450816154 12534.764571703505 11282.653991876636 344.6322561679408
leaf_count=546 39074 243 431 3706 857 299 248 375 407 215 236 58121 51200 1661
internal_value=-1.63488e-05 -0.00222793 -0.00945362 -0.000622255 -0.00519304 -0.0117445 -0.00692485 0.00449543 -0.00427098 -0.00991689 0.00248551 9.36913e-05 -0.000369892 -0.00142086
internal_weight=35051.6 1643.13 280.973 1362.15 545.879 323.13 254.304 222.749 230.503 144.965 816.276 33408.5 20873.7 11627.3
internal_count=157619 7563 1296 6267 2325 1404 1105 921 1053 646 3942 150056 91935 52861
is_linear=0
shrinkage=0.05


Tree=172
num_leaves=15
num_cat=0
split_feature=3 3 7 3 10 6 2 0 1 2 2 1 0 0
split_gain=4.82516 5.03115 6.37649 5.87059 5.73587 4.84629 4.70819 4.4191 8.9043 9.30104 6.50799 7.23574 10.2321 5.28896
threshold=1637.5000000000002 1684.5000000000002 15.198250000000002 1676.5000000000002 61.309200000000011 60.568200000000004 6.5000000000000009 25.500000000000004 21.500000000000004 4.5000000000000009 11.500000000000002 25.500000000000004 32.500000000000007 29.500000000000004
decision_type=2 2 10 2 10 10 8 2 2 10 8 2 2 2
left_child=6 2 3 7 5 -3 -1 8 9 -2 11 -9 -13 -12
right_child=1 4 -4 -5 -6 -7 -8 10 -10 -11 13 12 -14 -15
leaf_value=-0.0012938572559605837 -0.0082485850863267679 3.8208773888429025e-05 -0.019048201077268574 -0.0098560104584191274 -0.012672555149359303 0.0093387087813435743 0.013186988327127745 -0.016732268570009229 0.015372916608241997 0.012006473513645817 0.012980559026606081 0.016967182275617252 -0.012334975952646385 -0.0023244125811098791
leaf_weight=90.318069294095039 153.36640006303787 33643.580193664413 42.578385716304183 190.23228145763278 68.448221780359745 120.65404156874865 115.29708430916071 119.11401098966599 93.85605400800705 64.507855325937271 56.969597294926643 36.412585854530334 43.403389237821102 195.50154160428792
leaf_count=393 654 150909 268 943 309 537 509 536 396 277 245 163 285 1196
internal_value=-1.32146e-05 -6.03942e-05 -0.00352733 -0.002457 4.36865e-05 7.69522e-05 0.00727533 -0.00040798 0.00402409 -0.00174624 -0.00350957 -0.00983241 0.00175406 0.00182843
internal_weight=35034.2 34828.6 995.942 953.364 33832.7 33764.2 205.615 763.131 311.73 217.874 451.401 198.93 79.816 252.471
internal_count=157620 156718 4963 4695 151755 151446 902 3752 1327 931 2425 984 448 1441
is_linear=0
shrinkage=0.05


Tree=173
num_leaves=15
num_cat=0
split_feature=7 10 9 8 2 9 5 9 3 9 8 14 3 5
split_gain=5.61037 9.21734 7.02772 6.73865 12.0708 11.595 21.8965 9.87634 12.5555 9.23657 8.74349 7.86029 14.3064 14.1943
threshold=1.3829 60.392800000000001 59.654050000000005 74.242518985045521 16.500000000000004 48.874850000000009 3.2260000000000004 59.654050000000005 1908.5000000000002 61.749750000000006 2.4676285159897486 1.0000000180025095e-35 1940.5000000000002 96.892900000000012
decision_type=10 10 10 8 10 10 10 10 2 10 10 2 2 8
left_child=1 2 -1 4 5 10 -7 8 -8 11 -2 12 -5 -13
right_child=3 -3 -4 9 -6 6 7 -9 -10 -11 -12 13 -14 -15
leaf_value=0.00023664385528095663 0.0025105028769207452 -0.017824628535751223 0.013302139351078858 -0.0024310972438606388 -0.013871979817308666 -0.021049824152058905 0.0059804952604114283 0.016304740321035027 -0.0079229649033656941 0.0093969502510829767 0.017064919605374606 -0.007676411373550563 0.0098988090376904841 0.003199822686936075
leaf_weight=29490.232169901021 222.14636005926877 50.453921414911747 83.290364257991314 1901.1297384798527 96.147866120561957 92.433117097243667 369.30819106381387 92.097795547917485 258.57828529924154 137.62721943482757 186.95120812579989 1411.3339690621942 248.23810253664851 367.42073357105255
leaf_count=131989 953 246 387 8704 727 453 1624 396 1117 621 809 6517 1199 1671
internal_value=-3.05423e-05 0.000239562 0.000282406 -0.00151227 0.0015777 0.00299765 -0.00050201 0.00263359 0.0001869 -0.00251651 0.00964702 -0.0029794 -0.000928941 -0.00541921
internal_weight=35007.4 29624 29573.5 5383.41 1317.66 1221.51 812.417 719.984 627.886 4065.75 409.098 3928.12 2149.37 1778.75
internal_count=157413 132622 132376 24791 6079 5352 3590 3137 2741 18712 1762 18091 9903 8188
is_linear=0
shrinkage=0.05


Tree=174
num_leaves=15
num_cat=0
split_feature=0 14 3 2 12 12 3 3 1 3 5 12 5 5
split_gain=4.43813 6.61802 9.1945 10.1902 6.88137 6.2569 5.15768 9.98405 5.10655 6.41622 4.32037 11.1906 8.53112 13.1903
threshold=21.500000000000004 1.0000000180025095e-35 1906.5000000000002 1.0000000180025095e-35 -5.0468999999999991 -75.559499999999986 1702.5000000000002 1770.5000000000002 15.500000000000002 1680.5000000000002 0.12345000000000002 -0.11255 3.2260000000000004 3.1553000000000004
decision_type=2 2 2 10 8 10 2 2 2 2 8 10 8 10
left_child=1 4 3 6 -1 -5 -3 -8 9 -2 11 -10 13 -12
right_child=8 2 -4 5 -6 -7 7 -9 10 -11 12 -13 -14 -15
leaf_value=0.010600765209876184 0.0084607814105919395 -0.010862010369310796 -0.011923214360283256 0.0045257917725932961 -0.0053287947249164623 0.025022438982038077 0.017072746642930427 -0.0031519492206429794 0.0012077660263526977 -0.0095600227151255122 -0.00291461736923115 0.017424802377396267 3.3649555839090205e-05 -0.024064053308781003
leaf_weight=53.561588883399963 44.520645938813686 69.274993628263474 80.046611070632935 90.933200657367706 1194.3087873011827 59.602207601070404 66.796091228723526 190.09307900071144 3760.887062812224 241.4623558241874 655.05095523223281 89.681692705489695 28346.144890896976 64.367155798245221
leaf_count=221 214 289 337 375 4971 254 271 785 17479 1050 3054 422 127284 477
internal_value=-8.73428e-05 -0.00248821 0.00199562 0.00471883 -0.00448862 0.014624 -0.000433496 0.00296019 4.45696e-05 -0.00638497 0.000104274 0.00167355 -0.00010463 -0.00540659
internal_weight=35006.7 1804.62 556.746 476.7 1247.87 150.535 326.164 256.889 33202.1 285.983 32916.1 3850.57 29065.6 719.418
internal_count=157483 7503 2311 1974 5192 629 1345 1056 149980 1264 148716 17901 130815 3531
is_linear=0
shrinkage=0.05


Tree=175
num_leaves=15
num_cat=0
split_feature=11 11 6 6 7 5 3 4 11 2 2 3 14 5
split_gain=5.08127 10.9585 6.74156 10.8061 10.3862 14.9635 11.4499 10.1973 10.1247 8.89942 8.8539 9.86681 17.2121 14.9008
threshold=-1.6131499999999999 -2.5973499999999996 55.953500000000005 53.798750000000005 18.0609 10.523550000000002 1948.5000000000002 60.392800000000001 12.569000000000001 1.0000000180025095e-35 33.500000000000007 1938.5000000000002 1.0000000180025095e-35 10.316800000000002
decision_type=8 10 8 10 8 10 2 10 10 8 8 2 2 8
left_child=1 -1 3 10 5 -4 -7 9 -5 -6 11 12 -2 -13
right_child=2 -3 4 8 7 6 -8 -9 -10 -11 -12 13 -14 -15
leaf_value=0.0006151870833832891 -0.00045484045570394509 0.0093981128646712722 -0.0043845763182808898 -0.014601970916158764 -0.0055234644463264589 0.014698306847105873 -0.0087548933953713586 -0.013041402722373505 -4.6884976412140012e-05 9.6252893626728143e-05 0.0056158346441001379 -0.0035731067295257076 -0.0075224291968023884 0.0078624203899736594
leaf_weight=2563.5266230814159 2350.7247411212884 392.92250980064273 205.06475733965635 284.69705980550498 704.99689221661538 359.82493607513607 46.796939275227487 132.24626292195171 196.76434577722102 24885.782282779925 417.99018479511142 539.56482159160078 1342.3142575481907 563.58710979204625
leaf_count=11834 10684 1826 929 1290 2992 1613 224 618 904 110981 2197 2533 6043 2586
internal_value=-0.000138498 0.00183778 -0.000321944 -0.0018785 1.58766e-05 0.00634994 0.0117153 -0.000139562 -0.00889269 -6.27564e-05 -0.00119933 -0.00181413 -0.00305039 0.00230514
internal_weight=34986.8 2956.45 32030.4 5695.64 26334.7 611.687 406.622 25723 481.461 25590.8 5214.18 4796.19 3693.04 1103.15
internal_count=157254 13660 143594 26237 117357 2766 1837 114591 2194 113973 24043 21846 16727 5119
is_linear=0
shrinkage=0.05


Tree=176
num_leaves=15
num_cat=0
split_feature=3 1 5 5 10 6 7 6 1 2 7 1 3 7
split_gain=5.2044 22.086 12.4124 9.63338 12.2143 8.46094 7.85852 12.1325 7.87749 9.24409 7.6205 7.44086 6.741 8.66439
threshold=1919.5000000000002 19.500000000000004 10.400800000000002 11.949150000000001 55.643050000000009 52.339800000000004 -0.13319999999999996 50.944900000000004 32.500000000000007 9.5000000000000018 11.9686 28.500000000000004 1909.5000000000002 12.533700000000001
decision_type=2 2 8 8 10 10 8 10 2 10 10 2 2 10
left_child=12 -2 -3 -4 5 6 -5 8 -8 -10 -6 -9 -1 -14
right_child=1 2 3 4 10 -7 7 11 9 -11 -12 -13 13 -15
leaf_value=8.6609319643997222e-05 -0.0142942155707356 -0.001048848351682088 0.01677621865175585 0.014656491592141531 -0.020014212868548688 0.014204799368223464 0.0062043511467222492 -0.024147948062280433 0.0017817460596644 -0.015252055281261157 -0.0015538054804127253 0.0015734675862762023 -0.0015675527348748169 -0.011062383024311352
leaf_weight=26702.361967601813 192.24570424109697 1891.9626232120208 123.04668000154197 134.27802406903356 53.442804491147399 188.58187997248024 1340.6643114741892 45.232564054429531 1024.658911133185 66.242279994301498 250.97162547148764 45.380676106549799 2685.8761305110529 245.25659457407892
leaf_count=118023 823 9001 568 652 258 900 5912 190 5788 648 1155 254 12102 1069
internal_value=9.56206e-05 0.00152682 0.00216862 0.00402385 0.0034229 0.00444659 0.00365289 0.00295637 0.00366622 0.000491443 -0.00582877 -0.0133109 -0.000163946 -0.0024316
internal_weight=34990.2 5356.71 5164.46 3272.5 3149.45 2845.04 2656.46 2522.18 2431.57 1090.9 304.414 90.6132 29633.5 2931.13
internal_count=157343 26149 25326 16325 15757 14344 13444 12792 12348 6436 1413 444 131194 13171
is_linear=0
shrinkage=0.05


Tree=177
num_leaves=15
num_cat=0
split_feature=0 2 8 0 14 0 9 5 2 5 1 11 7 0
split_gain=3.32833 3.18958 12.2778 10.9701 8.7294 7.60395 5.31147 6.22855 5.8932 5.27131 6.99647 4.43597 4.23742 7.45038
threshold=13.500000000000002 17.500000000000004 956.44339960092873 36.500000000000007 1.0000000180025095e-35 39.500000000000007 53.002400000000009 11.970150000000002 19.500000000000004 2.8864000000000005 20.500000000000004 15.399600000000001 27.829400000000003 46.500000000000007
decision_type=2 10 8 2 2 2 10 10 10 8 2 8 8 2
left_child=-1 -2 5 -4 6 -3 8 -8 -5 10 -10 -11 13 -6
right_child=1 2 3 4 12 -7 7 -9 9 11 -12 -13 -14 -15
leaf_value=0.010886083266403591 -0.00014669134949534617 0.0077985546013299104 -0.0095742853648261746 0.011400612420148365 0.0037329058575500604 -0.0092765120484933471 -0.015137882337701337 0.0070762249229882959 0.025766314655422552 -0.013716068661281784 -0.0010878364948674602 0.0011748064407726697 0.0082708438076800096 0.034283385618472197
leaf_weight=49.800211876630783 33384.266701255925 66.39599971473217 106.41278228163719 210.70204440876842 39.199953958392143 286.66615277342498 59.064171956852078 37.126446437090635 27.922196369618177 37.023955043405294 45.988221034407616 389.43626755848527 210.11768236290663 36.907164249569178
leaf_count=229 147111 303 455 1040 190 2273 398 286 141 288 423 2516 1366 326
internal_value=-2.13387e-05 -4.31056e-05 0.00215724 0.00456127 0.00608413 -0.00581948 0.00326302 -0.00682176 0.00477655 0.00165624 0.0123841 -0.000674497 0.013308 0.0225993
internal_weight=34987 34937.2 1552.96 1199.9 1093.49 353.062 807.263 96.1906 711.073 500.371 73.9104 426.46 286.225 76.1071
internal_count=157345 157116 10005 7429 6974 2576 5092 684 4408 3368 564 2804 1882 516
is_linear=0
shrinkage=0.05


Tree=178
num_leaves=15
num_cat=0
split_feature=8 8 6 5 0 3 10 0 0 4 4 12 0 5
split_gain=4.65765 13.0171 9.03541 11.1936 5.28243 7.57084 4.41819 4.16027 4.83622 4.02345 8.78672 6.70871 6.29945 3.86541
threshold=6655.9052632384737 6222.3084097981582 48.882450000000006 -4.2764499999999996 39.500000000000007 1916.5000000000002 25.578850000000006 13.500000000000002 20.500000000000004 19.025700000000004 31.732150000000004 78.715700000000012 34.500000000000007 -1.0679999999999998
decision_type=10 10 10 10 2 2 8 2 2 8 8 10 2 8
left_child=1 7 3 -2 5 -5 -7 -1 -9 12 11 -11 -10 -12
right_child=2 -3 -4 4 -6 6 -8 8 9 10 13 -13 -14 -15
leaf_value=0.011834493066215689 -0.013785035579889247 -0.021879939262920537 0.017511147998097009 0.012891480410564647 0.016398352990572667 -0.015437009802094392 0.0031912094326507694 -0.0036088099918599927 0.01094811930051634 -0.018149537914902761 0.0017201894320161887 0.0017752258946838061 -0.0047459579968927995 -0.00029224840983225261
leaf_weight=51.377358660101891 77.017028569243848 49.539146210998297 88.012590521946549 56.833796307444572 64.63899052515626 49.699837118387222 48.108600869774818 1019.3663489371538 171.49269619584084 98.838609505444765 2568.267286580056 60.432631735689938 82.040752019733191 30545.052597258706
leaf_count=237 375 223 404 233 375 204 200 4223 740 443 11930 267 428 137317
internal_value=-0.000206442 -0.000268555 0.00512941 0.000576829 0.00635166 0.000755219 -0.00728817 -0.000224986 -0.000249759 -0.000145536 -0.000195069 -0.0112348 0.00589399 -0.00013522
internal_weight=35030.7 34646.4 384.311 296.298 219.281 154.642 97.8084 34596.9 34545.5 33526.1 33272.6 159.271 253.533 33113.3
internal_count=157599 155808 1791 1387 1012 637 404 155585 155348 151125 149957 710 1168 149247
is_linear=0
shrinkage=0.05


Tree=179
num_leaves=15
num_cat=0
split_feature=10 11 5 1 1 2 11 3 11 6 12 10 3 1
split_gain=3.66155 6.97943 5.2806 5.31917 4.81206 6.64815 4.52028 9.2635 9.04866 7.2409 6.37997 5.63202 7.15491 24.4246
threshold=-37.823399999999992 126.9885 0.12345000000000002 22.500000000000004 11.500000000000002 14.500000000000002 60.714750000000002 1867.5000000000002 37.617100000000008 57.655700000000003 95.670400000000015 34.686500000000009 1920.5000000000002 24.500000000000004
decision_type=8 10 10 2 2 10 10 2 10 8 10 8 2 2
left_child=-1 4 -3 -4 5 -2 8 -8 11 -10 -9 12 13 -6
right_child=1 2 3 -5 6 -7 7 10 9 -11 -12 -13 -14 -15
leaf_value=0.011768337231119849 0.01840535446730926 -0.020101180358261604 -0.013698073844536245 0.0038490487109540659 0.016060980015712597 -0.0039812267794842888 -0.0093482974048009568 0.014573962765048052 -0.016156041609387009 0.005386087277803717 -0.0019082248539896375 0.00027607084240760543 -0.0088239789629142515 -0.016723324518763152
leaf_weight=48.186218080110848 63.066519692540169 50.387112823314965 49.232288889586926 98.420229891315103 117.99651193618774 45.242380015552044 62.677359331399202 184.70285299886018 126.57959071733057 41.949438350275159 76.383666329085827 33643.5253680842 352.79465880058706 76.944192019291222
leaf_count=231 282 242 210 447 498 199 277 827 594 192 343 151194 1691 367
internal_value=0.000192689 0.000170034 -0.00874799 -0.00293788 0.000225793 0.00989116 0.000189927 0.00589509 0.000132771 -0.0107913 0.00995925 0.000192893 -0.00474588 0.00276881
internal_weight=35038.1 34989.9 198.04 147.653 34791.9 108.309 34683.6 323.764 34359.8 168.529 261.087 34191.3 547.735 194.941
internal_count=157594 157363 899 657 156464 481 155983 1447 154536 786 1170 153750 2556 865
is_linear=0
shrinkage=0.05


Tree=180
num_leaves=15
num_cat=0
split_feature=11 11 8 14 9 9 2 11 6 5 7 8 8 2
split_gain=3.91889 5.54762 4.59304 13.0841 6.84974 6.80297 5.83205 7.79645 3.0412 5.24937 3.56822 10.8687 10.6791 11.4494
threshold=-81.178099999999986 -78.879049999999992 35.960800426070385 1.0000000180025095e-35 41.499600000000008 43.320350000000012 2.5000000000000004 -87.602099999999993 -26.155099999999994 -3.7328499999999996 18.068550000000005 12.322128236417919 54.631014505634674 6.5000000000000009
decision_type=8 8 10 2 10 10 10 10 8 10 10 8 8 10
left_child=2 -2 3 -1 6 -6 -4 -8 9 -3 -10 -12 -13 -14
right_child=1 8 4 -5 5 -7 7 -9 10 -11 11 12 13 -15
leaf_value=0.010166111027682006 -0.011624012973926017 -0.0028744984323090523 0.026927222207242904 -0.015307047734775599 -0.0099166015605225057 0.010176883600390194 -0.004637573601264087 0.01841263829648809 6.6342353345788998e-05 0.014204728898741829 -0.013188728141978377 0.017465687269215078 0.0025208835937185385 -0.0073545622438010274
leaf_weight=87.389339486137033 83.057739783078432 72.326606026850641 44.397776067256927 75.411404218524694 69.60002423170954 59.542433718219399 65.987367544323206 48.152826376259327 32964.514473008923 78.685666505247355 183.60734278336167 56.185868218541145 648.63253720290959 505.34229606948793
leaf_count=391 383 352 187 335 322 284 324 226 148153 367 806 243 2811 2476
internal_value=2.1e-05 -4.06232e-05 0.0045536 -0.00201714 0.00816146 -0.000529921 0.0145076 0.00638213 -6.02736e-06 0.0066452 -3.91099e-05 -0.00249885 -0.000688918 -0.00185534
internal_weight=35042.8 34592.4 450.481 162.801 287.68 129.142 158.538 114.14 34509.3 151.012 34358.3 1393.77 1210.16 1153.97
internal_count=157660 155591 2069 726 1343 606 737 550 155208 719 154489 6336 5530 5287
is_linear=0
shrinkage=0.05


Tree=181
num_leaves=15
num_cat=0
split_feature=7 7 4 12 12 0 0 5 4 14 10 0 10 8
split_gain=4.04941 6.0467 8.64935 6.39227 7.29809 6.59468 4.69765 4.80961 6.64026 7.87132 6.50606 5.60315 4.64455 4.49657
threshold=-97.009599999999992 -76.597899999999981 28.990950000000002 -75.559499999999986 -98.574649999999977 40.500000000000007 46.500000000000007 -71.061099999999996 40.268850000000008 1.0000000180025095e-35 40.65120000000001 30.500000000000004 37.776500000000006 917.3458199758802
decision_type=8 8 10 8 10 2 2 10 10 2 10 2 10 10
left_child=12 2 -2 4 -3 -6 7 8 9 -4 13 -11 -1 -10
right_child=1 3 6 -5 5 -7 -8 -9 10 11 -12 -13 -14 -15
leaf_value=-0.010585723404312712 -0.0082223034754679274 0.0075923571290030835 0.021737186846120138 -0.00016948248794804857 -0.012822153865406739 0.0034024028643720285 -0.0058835658656813524 0.019277692287672222 -0.016532386123480746 0.011193607460557906 0.0086006729714364592 -0.0083952088786560866 0.0031656219984528659 0.0015016583449821434
leaf_weight=170.4595395475626 91.660187734290957 61.958207650110126 86.690687134861946 33752.603053185623 259.88565775752068 71.38272665720433 47.805544562637806 73.238641455769539 50.764018431305885 56.690888017416 88.67227129638195 50.39725549519062 79.409884398803115 61.642027571797371
leaf_count=819 409 311 362 151605 1096 429 389 305 212 235 374 226 363 268
internal_value=-0.00020348 -0.000156012 0.00470765 -0.000245257 -0.0064264 -0.00933137 0.00722604 0.00875112 0.0059634 0.0120994 -0.000509525 0.00210443 -0.00630474 -0.00790976
internal_weight=35003.3 34753.4 607.562 34145.8 393.227 331.268 515.901 468.096 394.857 193.779 201.078 107.088 249.869 112.406
internal_count=157403 156221 2780 153441 1836 1525 2371 1982 1677 823 854 461 1182 480
is_linear=0
shrinkage=0.05


Tree=182
num_leaves=15
num_cat=0
split_feature=3 1 7 1 2 11 0 3 11 3 10 0 3 1
split_gain=4.83428 18.8585 7.39792 4.45412 10.7206 15.8941 11.9538 10.7676 10.9466 9.97897 10.5501 9.8622 9.30107 24.1176
threshold=1961.5000000000002 33.500000000000007 -87.602099999999993 27.500000000000004 13.500000000000002 -4.1416999999999993 31.500000000000004 1815.5000000000002 -6.2601499999999985 1930.5000000000002 53.002400000000009 34.500000000000007 1822.5000000000002 28.500000000000004
decision_type=2 2 10 2 8 10 2 2 10 2 10 2 2 2
left_child=3 -2 -3 -1 12 7 -7 11 -9 10 -8 -6 13 -5
right_child=1 2 -4 4 5 6 9 8 -10 -11 -12 -13 -14 -15
leaf_value=0.0005274313039496792 -0.01186399190873532 -0.010827051560569033 0.011854423317921197 0.010232804840846333 -0.00027435355142652241 0.015309327497827345 -0.0035192893324876868 -0.0010133560988313955 -0.022115837514606704 0.014786255316376277 0.010098580699790022 0.0086842097529952651 -0.0016110020868186051 -0.012240045860210358
leaf_weight=21270.249574536458 317.55555558018386 28.655520596541464 152.8792714253068 133.44934223592281 660.4030395001173 247.3885827511549 483.25367152737454 6360.8624662142247 42.11990334559232 126.15847175056115 178.2773247892037 552.5082367612049 3874.601097679697 569.02047874219716
leaf_count=90710 1442 345 1032 566 2718 1084 3098 30390 227 980 1156 3218 17500 2926
internal_value=7.55157e-06 -0.00478177 0.00755496 7.95695e-05 -0.000640286 0.000395699 0.00614732 -0.000400059 -0.0012206 0.00296198 0.000339272 0.00388115 -0.00259157 -0.00780575
internal_weight=34997.4 499.09 181.535 34498.3 13228 8650.97 1035.08 7615.89 6402.98 787.689 661.531 1212.91 4577.07 702.47
internal_count=157392 2819 1377 154573 63863 42871 6318 36553 30617 5234 4254 5936 20992 3492
is_linear=0
shrinkage=0.05


Tree=183
num_leaves=15
num_cat=0
split_feature=2 11 14 9 1 1 0 12 1 8 7 11 2 14
split_gain=3.50824 7.8017 6.9805 6.96585 6.31591 3.31825 3.47067 3.17068 5.94379 8.55155 7.27061 7.30882 7.04489 8.94517
threshold=26.500000000000004 0.99180000000000013 1.0000000180025095e-35 56.156600000000005 20.500000000000004 58.500000000000007 62.500000000000007 -74.004449999999977 35.500000000000007 7856.6268665139023 -76.597899999999981 8.7107500000000027 4.5000000000000009 1.0000000180025095e-35
decision_type=10 10 2 10 2 2 2 8 2 8 10 10 8 2
left_child=5 2 -2 -3 -4 7 -7 8 10 -10 12 -12 13 -1
right_child=1 3 4 -5 -6 6 -8 -9 9 -11 11 -13 -14 -15
leaf_value=0.012030970506464518 -0.005434395554648544 -0.022224759455186049 0.026722311591278552 0.007545532862009297 -0.0035016992956755943 0.0016218575952983189 -0.019235293416489326 0.00024247326202948816 0.012374458967138039 -0.010144035291361472 -0.010983175926756598 0.0060640936648087883 -0.0044530540739783249 -0.0025620286795930282
leaf_weight=176.61996321380138 115.47327271383256 67.497781067155302 20.508139446377754 14.577129974029956 23.032558258622885 30.720122029073536 24.96165815461427 33193.357223814353 126.29554551467299 42.035034747794271 371.53464299440384 61.595569744706154 500.1901333630085 213.20940710604191
leaf_count=736 1200 949 128 190 301 822 2198 144859 741 244 1594 265 2214 895
internal_value=7.45615e-05 -0.00569977 0.00109248 -0.0164949 0.0146644 0.00011789 -0.0103405 0.000140629 -0.00209916 0.00627111 -0.00324155 -0.00839823 -0.000602619 0.00431409
internal_weight=34981.6 241.089 159.014 82.0749 43.5407 34740.5 55.6818 34684.8 1491.48 168.331 1323.15 433.13 890.02 389.829
internal_count=157336 2768 1629 1139 429 154568 3020 151548 6689 985 5704 1859 3845 1631
is_linear=0
shrinkage=0.05


Tree=184
num_leaves=15
num_cat=0
split_feature=5 9 3 11 0 0 4 5 8 8 3 7 2 8
split_gain=3.39233 3.47977 9.45343 8.31277 15.6035 7.18031 6.43856 5.65051 5.05255 4.8308 4.81958 4.51266 4.75535 4.4906
threshold=-118.22279999999999 35.20835000000001 1852.5000000000002 37.617100000000008 36.500000000000007 38.500000000000007 31.732150000000004 73.848050000000015 6655.9052632384737 862.29022012900384 1910.5000000000002 -0.13319999999999996 7.5000000000000009 11994.25783092892
decision_type=8 8 2 10 2 2 8 8 10 10 2 10 8 8
left_child=-1 2 -2 6 9 -4 -3 -6 -8 -5 -11 12 -10 -7
right_child=1 3 5 4 7 13 8 -9 11 10 -12 -13 -14 -15
leaf_value=-0.0082568300682942328 -0.01094583354620827 -0.012733362250201328 0.0093721958096457652 -0.019573909113674907 -0.00065763658504424251 -0.01385437221524996 0.00020653369151848951 0.019819485347733992 -0.0062373270566096232 0.0046080414015415667 -0.011503739182239405 0.018430852959350964 0.010825304666727945 0.0052109201672617044
leaf_weight=99.156335165724158 72.03057552780956 75.718986576423049 399.70386163890362 125.47502271831036 79.398100508376956 45.903233040124178 33753.467929807957 36.988146113231778 66.049380840733647 58.506310746073723 109.89309103786945 50.525778942741454 58.761022739112377 43.053557376377285
leaf_count=472 314 345 1709 536 449 274 151675 198 285 245 456 231 306 250
internal_value=0.000165673 0.000194256 0.00403263 0.000129415 -0.00677706 0.00658409 0.000216675 0.00780216 0.000253061 -0.0126803 -0.00601114 0.00827161 0.00218143 -0.00536434
internal_weight=35074.6 34975.5 560.691 34414.8 410.261 488.661 34004.5 116.386 33928.8 293.874 168.399 175.336 124.81 88.9568
internal_count=157745 157273 2547 154726 1884 2233 152842 647 152497 1237 701 822 591 524
is_linear=0
shrinkage=0.05


Tree=185
num_leaves=15
num_cat=0
split_feature=10 11 8 11 14 7 11 12 1 3 1 9 9 10
split_gain=3.53568 4.23749 5.0628 3.73354 7.58585 5.66566 5.62517 5.17333 4.54165 4.18555 19.1928 6.44063 8.04638 6.36481
threshold=-37.823399999999992 136.37360000000004 15167.747100195398 60.714750000000002 1.0000000180025095e-35 88.73220000000002 37.617100000000008 95.670400000000015 23.500000000000004 1961.5000000000002 31.500000000000004 47.560700000000004 41.357900000000008 51.517600000000009
decision_type=8 10 8 10 2 8 10 10 2 2 2 10 8 10
left_child=-1 3 -3 6 7 -6 9 -5 -7 -2 -11 12 -12 -13
right_child=1 2 -4 4 5 8 -8 -9 -10 10 11 13 -14 -15
leaf_value=0.011347984727774867 6.4777576536903701e-05 0.0016119984606479808 -0.014827690985762896 0.0030860528133516106 0.020778579097314745 0.01125870590571252 -0.0085942999383001994 -0.013494825511234139 -0.0069335258786231676 -0.013670262320921956 0.01135006847581429 0.02005121638576008 -0.014692804154166295 -0.0030408275048952713
leaf_weight=48.376394198276103 33801.575443363283 78.277368286624551 84.755506562069058 137.79406244214624 73.776000300422311 52.204583413898945 171.43744272738695 47.603732068091631 46.987807666882873 242.40889097563922 34.012732756324112 77.869390056468546 47.490737494081259 36.136438102461398
leaf_count=235 151495 344 400 614 322 226 806 215 225 1106 235 484 432 247
internal_value=-1.07351e-05 -3.29497e-05 -0.00762081 6.99038e-06 0.00494669 0.0119035 -4.72967e-05 -0.00207081 0.00292358 4.90388e-07 -0.00474775 0.00655711 -0.00372972 0.0133703
internal_weight=34980.7 34932.3 163.033 34769.3 358.366 172.968 34410.9 185.398 99.1924 34239.5 437.918 195.509 81.5035 114.006
internal_count=157386 157151 744 156407 1602 773 154805 829 451 153999 2504 1398 667 731
is_linear=0
shrinkage=0.05


Tree=186
num_leaves=15
num_cat=0
split_feature=4 4 14 6 5 5 1 3 9 10 2 3 7 3
split_gain=3.67506 9.95187 8.40925 7.76087 7.82574 9.87759 7.73862 8.04504 10.6615 7.52609 8.98703 12.0014 6.58801 6.53492
threshold=56.668500000000002 58.38900000000001 1.0000000180025095e-35 59.329550000000005 10.400800000000002 18.9222 18.500000000000004 1866.5000000000002 59.326600000000006 55.574000000000005 4.5000000000000009 1882.5000000000002 12.375000000000002 1895.5000000000002
decision_type=10 10 2 10 10 10 2 2 10 10 10 2 10 2
left_child=9 2 -2 6 -5 -6 -3 -8 -9 -1 11 -11 -12 -10
right_child=1 3 -4 4 5 -7 7 8 13 10 12 -13 -14 -15
leaf_value=0.00012176003410358524 0.0033388437967843722 0.011270047379386597 0.020619965126676451 -0.010398188272338928 0.015960194042116779 -0.0017856309258677189 -0.01138689033298125 0.015659551080969263 0.0075394963843237149 0.0087579114047360487 -0.016297125049725643 -0.0085627599633625526 -0.00273794171412391 -0.0094387282840789136
leaf_weight=33067.990636644885 183.17208740767092 63.545478142797947 105.08522125706077 44.847268400713801 176.71816025488079 124.28150752838701 249.26063736714423 66.129053794778883 63.032484702765942 192.99875817541033 189.53680351190269 168.62748898100108 173.33355430606753 173.2952380431816
leaf_count=148460 883 293 478 196 796 556 1239 300 280 878 899 743 826 793
internal_value=0.000109122 0.00275032 0.0105678 0.000238054 0.00603458 0.00897828 -0.00310765 -0.00509996 0.000466122 9.90355e-06 -0.00496165 0.000655752 -0.0103016 -0.00467541
internal_weight=35041.9 1249.37 288.257 961.11 345.847 301 615.263 551.717 302.457 33792.5 724.497 361.626 362.87 236.328
internal_count=157620 5814 1361 4453 1548 1352 2905 2612 1373 151806 3346 1621 1725 1073
is_linear=0
shrinkage=0.05


Tree=187
num_leaves=15
num_cat=0
split_feature=5 3 1 3 6 8 8 8 3 5 3 8 5 6
split_gain=4.8237 13.6271 17.3014 14.9588 8.38872 8.06329 7.66338 7.93651 7.24199 12.1969 11.3771 10.0628 9.86494 9.52761
threshold=1.1039000000000001 1908.5000000000002 19.500000000000004 1893.5000000000002 39.742750000000008 174.91848359439385 111.75546757415199 63.966505506684278 1918.5000000000002 3.2260000000000004 1859.5000000000002 93.216958140215979 3.1553000000000004 42.73210000000001
decision_type=8 2 2 2 10 10 10 10 2 8 2 10 10 8
left_child=1 3 -3 5 -5 6 7 -1 9 10 11 -2 -12 -11
right_child=8 2 -4 4 -6 -7 -8 -9 -10 13 12 -13 -14 -15
leaf_value=0.00052348550615285516 0.0068715279040566365 -0.019692483762390092 -0.00052075511998858658 0.017310061715528912 0.0021277495000895093 0.0084414626760039198 -0.01579407235999054 0.018471841535528954 0.0015874256994499237 -0.0080775389055187542 -0.0088528972446675971 -0.014264778765378509 -0.033547861996876954 -0.00036209541822934351
leaf_weight=1605.9519671890885 146.4432664019987 107.10522902756929 1604.1992473518476 265.74573127180338 142.61437867209315 380.9238686170429 48.946136448532343 44.11482017301023 4284.7185924975201 386.52321165055037 174.66541573498398 65.113885784521699 44.47538560628891 25746.792386187706
leaf_count=7297 650 466 7684 1253 629 1713 216 203 20945 1753 821 310 398 113253
internal_value=-9.87422e-05 0.00148696 -0.00193428 0.00383655 0.0123547 0.00206241 0.00055063 0.0012188 -0.000315436 -0.000623326 -0.00877922 -0.000304077 -0.0162514 -0.0004823
internal_weight=35048.3 4199.6 1711.3 2488.3 408.36 2079.94 1699.01 1650.07 30848.7 26564 430.698 211.557 219.141 26133.3
internal_count=157591 19461 8150 11311 1882 9429 7716 7500 138130 117185 2179 960 1219 115006
is_linear=0
shrinkage=0.05


Tree=188
num_leaves=15
num_cat=0
split_feature=4 12 11 8 6 1 7 4 7 0 5 0 10 7
split_gain=3.85903 8.63495 8.31077 8.35278 6.80937 7.76334 6.64486 5.48995 9.19136 9.06297 6.54814 6.41186 5.33165 10.9875
threshold=56.668500000000002 14.892200000000001 10.951400000000001 299.37637591579067 59.333900000000007 22.500000000000004 16.618000000000006 55.53990000000001 18.9222 42.500000000000007 12.9641 28.500000000000004 54.049450000000007 12.569000000000001
decision_type=10 10 10 10 10 2 10 10 8 2 10 2 10 8
left_child=7 2 -2 -4 5 6 -3 12 9 10 11 -9 -1 -14
right_child=1 4 3 -5 -6 -7 -8 8 -10 -11 -12 -13 13 -15
leaf_value=-0.00025170921276251645 -0.00075611973507657023 0.0081797271412174747 0.018275929189922706 0.0030728935296178411 0.005602374334473921 -0.010328399122019794 -0.010192529466499579 -0.0098468275197951469 -0.011675200689295132 -0.015913193210441979 0.017172338385886637 0.0063391591054439145 -0.0030479671749050227 0.010316602174802146
leaf_weight=32573.036823327187 222.21032516192645 137.69395072758198 184.3623529644683 179.32128876913339 214.91338611207902 250.70207155868411 52.337875854223967 79.912835478782654 256.89647926203907 46.993099726736546 55.416781485080719 137.85219796001911 262.76360711827874 327.73592816386372
leaf_count=146134 1018 624 847 806 970 1268 240 333 1219 305 230 568 1207 1566
internal_value=-0.000149372 0.00256591 0.00687293 0.0113307 -0.0013724 -0.00486904 0.00263097 -0.000250747 -0.00500273 0.00072267 0.00447473 7.07663e-05 -0.000165093 0.00446454
internal_weight=34982.1 1241.54 585.894 363.684 655.647 440.734 190.032 33740.6 577.071 320.175 273.182 217.765 33163.5 590.5
internal_count=157335 5773 2671 1653 3102 2132 864 151562 2655 1436 1131 901 148907 2773
is_linear=0
shrinkage=0.05


Tree=189
num_leaves=15
num_cat=0
split_feature=8 2 1 8 8 8 8 8 12 11 11 7 8 9
split_gain=3.41251 14.0462 8.98034 7.83756 7.19548 9.19889 6.12722 5.66917 11.4999 5.58257 5.52425 6.36834 5.10176 6.98532
threshold=101.11467674896382 19.500000000000004 23.500000000000004 106.98216700344359 35.960800426070385 74.242518985045521 0.17152913590193028 4.4504370658640253 9.050550000000003 13.082600000000001 12.333850000000002 5.3282000000000007 50.335510333249353 59.341050000000003
decision_type=8 10 2 8 10 10 10 10 10 8 10 10 10 10
left_child=1 2 4 -2 6 -6 10 -8 -9 -3 11 -1 13 -4
right_child=3 9 12 -5 5 -7 7 8 -10 -11 -12 -13 -14 -15
leaf_value=0.0059371568454591938 -0.016416643206974835 -0.024171990716763927 -0.0039403357193397437 -5.3606999663825603e-05 0.019174840230181109 0.00094601849474267399 -0.011232575697411864 -0.0064025293499016785 0.01530911520328954 0.0026858637954498728 0.00010130926528386191 0.02576081660402417 0.0052514719302374007 0.012464350468939903
leaf_weight=145.38673700392246 53.343793906271458 49.571081790141761 693.63752466114238 32887.500448437873 177.54016688466072 109.86466205120087 88.460009783506393 130.71661674976349 83.208196043968201 21.703317727893591 143.42988756299019 47.912780076265335 273.58906866749749 51.931808516383171
leaf_count=609 240 484 3189 147848 747 462 371 544 350 167 598 200 1263 233
internal_value=3.27063e-05 0.00201876 0.0028905 -9.00502e-05 0.00639755 0.0127215 0.00325398 -0.00187114 0.0026293 -0.0171972 0.00770324 0.0128055 -0.000359535 -0.00250191
internal_weight=34957.8 2016.95 1945.68 32940.8 926.519 287.405 639.114 302.385 213.925 71.2744 336.729 193.3 1019.16 745.569
internal_count=157305 9217 8566 148088 3881 1209 2672 1265 894 651 1407 809 4685 3422
is_linear=0
shrinkage=0.05


Tree=190
num_leaves=15
num_cat=0
split_feature=5 3 3 8 11 2 5 3 8 3 11 8 3 0
split_gain=3.71551 3.80687 14.2603 10.9572 10.7624 12.7861 9.42463 11.6644 12.7968 9.50158 8.84056 8.30551 8.04169 8.00911
threshold=-118.22279999999999 1844.5000000000002 1837.5000000000002 219.00108580116185 16.049350000000004 42.500000000000007 6.958050000000001 1756.5000000000002 434.01861912179328 1746.5000000000002 12.482750000000001 24.448034407888056 1825.5000000000002 25.500000000000004
decision_type=8 2 2 10 8 8 8 2 10 2 8 8 2 2
left_child=-1 2 4 -4 5 6 -2 9 11 -8 12 -9 13 -7
right_child=1 -3 3 -5 -6 10 7 8 -10 -11 -12 -13 -14 -15
leaf_value=-0.0090851418189034118 -0.0013679592832762043 0.00031456135630554701 -0.0073480206904554188 0.011710929675526624 0.00065284171659068223 -0.0009477081310081258 -0.0041899518485263932 0.0042561871747741932 0.009848722182777353 0.016510406230683707 -0.012803987202038567 -0.015969677902164914 -0.0082839105960026867 0.016483570018649404
leaf_weight=94.521838744170964 1181.20964924898 22875.002736557741 1062.4841716326773 63.382619432173669 8320.4748404053971 91.889030769467354 375.35000595450401 47.768931161612272 47.037973739206791 44.583669330924749 40.718632495030761 526.7792018763721 48.673800151795149 195.66472999518737
leaf_count=456 5308 103933 4532 282 36244 381 2009 207 221 211 207 2336 212 971
internal_value=-9.37687e-05 -6.42451e-05 -0.000782916 -0.00608939 -0.000225687 -0.00302101 -0.00446626 -0.00788813 -0.0121312 -0.00134155 0.00529683 -0.0142015 0.00808472 0.0112139
internal_weight=35015.5 34921 12046 1125.87 10920.2 2599.68 2222.73 1041.52 621.586 419.934 376.946 574.548 336.228 287.554
internal_count=157510 157054 53121 4814 48307 12063 10292 4984 2764 2220 1771 2543 1564 1352
is_linear=0
shrinkage=0.05


Tree=191
num_leaves=15
num_cat=0
split_feature=10 7 2 5 12 2 3 3 3 0 11 9 2 0
split_gain=4.65763 4.44698 14.2632 9.67281 10.3228 7.84602 13.5608 11.2576 10.4163 9.40108 17.1009 13.2235 9.41745 12.695
threshold=-37.823399999999992 -76.597899999999981 32.500000000000007 -76.051949999999991 12.568700000000002 1.0000000180025095e-35 1809.5000000000002 1805.5000000000002 1809.5000000000002 25.500000000000004 -76.478899999999982 48.882450000000006 9.5000000000000018 54.500000000000007
decision_type=8 10 8 10 10 10 2 2 2 2 10 10 10 2
left_child=-1 5 3 4 -3 8 7 -7 -2 10 -8 -12 -11 -14
right_child=1 2 -4 -5 -6 6 9 -9 -10 12 11 -13 13 -15
leaf_value=0.012996998687092956 0.0022439124877512684 -0.0080039271343526047 0.0056130361229696302 -0.00089416549252768838 0.0029920600733768571 -0.00084203831012384363 0.0079646343851900031 -0.01295856488774578 -0.0012948109458154841 0.00011828865607808994 -0.016971368812424288 0.002872524650171797 0.0041518785290220184 -0.012607730969955197
leaf_weight=48.775613302364945 2567.9364336822182 991.86078171618283 702.79917151294649 5797.9710374940187 259.09511609841138 3451.1132824532688 1325.9094663411379 183.26000421866775 10579.593723640777 5543.4619435360655 113.13441875576973 214.71461224555969 3019.8600337952375 98.31318353721872
leaf_count=240 11300 4478 3684 26321 1191 15433 5578 772 47733 23979 481 942 12983 1887
internal_value=-1.92424e-06 -2.75622e-05 -0.00108199 -0.0017635 -0.00571522 0.000274653 0.00109989 -0.00152058 -0.00060128 0.00202431 0.00545743 -0.00455729 0.00135776 0.00354648
internal_weight=34897.8 34849 7751.73 7048.93 1250.96 27097.3 13949.8 3634.37 13147.5 10315.4 1653.76 327.849 8661.64 3118.17
internal_count=157002 156762 35674 31990 5669 121088 62055 16205 59033 45850 7001 1423 38849 14870
is_linear=0
shrinkage=0.05


Tree=192
num_leaves=15
num_cat=0
split_feature=0 11 14 2 3 10 10 5 3 0 3 8 11 11
split_gain=3.88307 8.34157 8.16303 4.67758 3.93338 3.70402 3.73166 9.41419 12.3369 9.13269 7.63999 6.12255 5.43958 15.0307
threshold=19.500000000000004 18.656700000000004 1.0000000180025095e-35 1.0000000180025095e-35 1802.5000000000002 -37.823399999999992 37.501350000000009 -3.7328499999999996 1852.5000000000002 23.500000000000004 1881.5000000000002 6655.9052632384737 5.8514000000000008 5.3282000000000007
decision_type=2 10 2 10 2 8 8 8 2 2 2 10 8 10
left_child=1 2 -1 4 -4 -2 7 9 -9 -7 -10 12 13 -8
right_child=5 -3 3 -5 -6 6 11 8 10 -11 -12 -13 -14 -15
leaf_value=-0.0061530514225744074 0.011613354052077002 -0.020600086462363318 0.0072536108790536334 0.016360798000368316 -0.0071786582749347452 0.0085981138066406945 0.0010851448955717029 -0.016411329898217999 0.016227493381861666 -0.0099173917993679306 0.0011676782163312148 0.010925279945927284 -0.00026034434948519542 0.019753890934649711
leaf_weight=376.91829393804073 48.424696112982929 47.383497819304466 83.35273477435112 51.63218966126442 67.065460056066513 61.325150266289711 5373.98508283915 67.305469798855484 81.499334320425987 473.4151921980083 517.22257040813565 109.35472520254552 27517.602573645767 90.144049858674407
leaf_count=1574 234 207 344 222 277 254 25115 298 355 2301 2335 514 122922 426
internal_value=-8.05638e-05 -0.00392006 -0.00191267 0.00583934 0.000731538 -8.29209e-06 -3.14631e-05 -0.00274628 0.00122675 -0.00756056 0.00367594 6.86479e-05 2.60523e-05 0.00146405
internal_weight=34966.6 626.352 578.969 202.05 150.418 34340.3 34291.9 1200.77 666.027 534.74 598.722 33091.1 32981.7 5464.13
internal_count=157378 2624 2417 843 621 154754 154520 5543 2988 2555 2690 148977 148463 25541
is_linear=0
shrinkage=0.05


Tree=193
num_leaves=15
num_cat=0
split_feature=3 2 0 3 7 5 10 10 5 5 10 3 10 4
split_gain=6.4082 10.2965 10.2621 8.68069 18.9541 8.1849 8.06857 7.54413 7.11666 14.5588 11.7371 12.6266 14.8211 9.51363
threshold=1919.5000000000002 1.5000000000000002 31.500000000000004 1921.5000000000002 12.569000000000001 96.892900000000012 48.856900000000003 53.392800000000001 0.12345000000000002 -0.10924999999999999 43.558050000000009 1855.5000000000002 34.053300000000007 56.471450000000011
decision_type=2 10 2 2 10 10 10 10 8 10 8 2 10 10
left_child=8 2 6 4 -3 -5 -2 -4 9 -1 11 -10 -13 -12
right_child=1 3 7 5 -6 -7 -8 -9 10 -11 13 12 -14 -15
leaf_value=0.0014228974511686029 0.010288238779373675 0.013858697132515417 0.0019039856660157473 -0.0015492551303154952 -0.015375258327575123 0.01152125595138237 -0.00061955683417299679 -0.016878861690014187 -0.017023584109003263 0.020256269872417965 -0.00051155446530850397 0.0059174281892564861 -0.010311686814291593 0.0048031560531840121
leaf_weight=2599.3253142107278 774.26773384213448 234.66798110026866 1109.0146700050682 2833.0030709994026 53.085964608937502 105.15280956681818 212.76156623661518 36.18214959744364 192.85433349199593 87.086299174465239 25431.679974628612 256.16681725811213 268.60182792134583 850.92425977811217
leaf_count=11851 3420 1092 6220 13651 236 477 908 195 900 400 111985 1140 1223 3972
internal_value=2.14012e-05 0.00160953 0.004288 -0.000176364 0.0078168 -0.00100675 0.00797137 0.00103102 -0.000266131 0.0021786 -0.000510804 -0.00673151 -0.00246302 -0.000335964
internal_weight=35044.8 5358.14 2132.23 3225.91 287.754 2938.16 987.029 1145.2 29686.6 2686.41 27000.2 717.623 524.769 26282.6
internal_count=157670 26199 10743 15456 1328 14128 4328 6415 131471 12251 119220 3263 2363 115957
is_linear=0
shrinkage=0.05


Tree=194
num_leaves=15
num_cat=0
split_feature=12 12 3 11 10 6 0 10 8 8 8 3 3 4
split_gain=3.85598 5.28582 6.85073 8.38132 3.77671 3.2139 5.39549 4.83026 4.53149 3.38849 8.89025 10.5069 7.27162 7.64526
threshold=-122.32154999999999 -97.114999999999981 1926.5000000000002 -91.242949999999979 34.053300000000007 60.713200000000008 28.500000000000004 60.392800000000001 216.49914554719169 481.15719911614923 618.76152348919697 1797.5000000000002 1853.5000000000002 50.700500000000012
decision_type=8 8 2 10 10 10 2 10 10 10 10 2 2 10
left_child=-1 2 -2 -4 -5 7 -7 9 -8 -3 -11 -12 13 -13
right_child=1 5 3 4 -6 6 8 -9 -10 10 11 12 -14 -15
leaf_value=0.009298093262325613 0.0056054420360044854 0.00012619140428767368 0.0030291357994958988 -0.025122978857974321 -0.0066933258267042111 0.016611574104618897 -0.011066687850827414 -0.011886909109373397 0.0078640939158825165 -0.0081508566382119656 -0.015093661674923216 0.00026308647450715562 -0.00040377168525028732 0.021191425867769148
leaf_weight=90.539303694851696 69.678227216005325 32254.485977258533 65.112731721252203 64.208752198144794 71.395303353667259 57.241563245654106 40.022586924955249 65.711971121840179 47.124593172222376 432.37308660522103 91.942274354398251 91.327273305505514 1476.3968325536698 64.471716843545437
leaf_count=430 308 144769 312 338 348 240 187 315 219 2006 484 412 6767 286
internal_value=-2.57142e-05 -5.52212e-05 -0.00677287 -0.0111885 -0.0175273 1.12451e-06 0.0069757 -3.21124e-05 -0.0012728 -2.58262e-06 -0.00191209 -0.000272029 0.000735483 0.0103491
internal_weight=34982 34891.5 270.395 200.717 135.604 34621.1 144.389 34476.7 87.1472 34411 2156.51 1724.14 1632.2 155.799
internal_count=157421 156991 1306 998 686 155685 646 155039 406 154724 9955 7949 7465 698
is_linear=0
shrinkage=0.05


Tree=195
num_leaves=15
num_cat=0
split_feature=3 1 6 4 11 3 11 11 10 9 11 3 11 11
split_gain=3.26639 15.0854 11.7329 10.9477 21.3047 9.08662 10.0402 9.777 17.0454 19.808 10.5925 8.56786 13.7945 8.33482
threshold=1903.5000000000002 23.500000000000004 50.847850000000001 52.943450000000006 18.068350000000006 1891.5000000000002 -6.2661999999999987 5.8514000000000008 50.210550000000005 53.234800000000007 10.734950000000003 1880.5000000000002 -78.879049999999992 16.049350000000004
decision_type=2 2 10 10 10 2 8 8 10 10 8 2 10 10
left_child=5 2 -2 -4 -5 6 11 8 -7 -10 -9 12 -1 -8
right_child=1 -3 3 4 -6 7 13 10 9 -11 -12 -13 -14 -15
leaf_value=-0.014290004163628498 -0.00253287559729411 0.00022836187717663092 -0.018250802340634576 0.0099221553700763188 -0.01924458294528452 -0.0021233204830912603 -0.00056434185001061636 -0.014299546133573128 0.02435833824286248 -0.0049776558456851826 0.0021639345545003659 0.018779378366051137 0.0068584510125130936 0.0036134207881455198
leaf_weight=74.232342928647995 1885.8230864927173 7699.2139269798063 241.66527193784714 126.94479617476463 89.589685596525669 189.47410863544792 20011.733750338666 81.785694530233741 200.30089250952005 69.794530631974339 2526.8008170067333 91.799317458644509 418.28370184637606 1249.6358455382288
leaf_count=315 8171 37117 1017 533 379 864 87965 365 1007 338 11179 413 1860 5816
internal_value=-8.34584e-05 -0.000843768 -0.00433744 -0.011348 -0.00275224 0.000223468 -0.000135286 0.00276218 0.00933007 0.0169572 0.00154289 0.00622008 0.00323769 -0.000315629
internal_weight=34957.1 10043.2 2344.02 458.2 216.534 24913.8 21845.7 3068.16 459.57 270.095 2608.59 584.315 492.516 21261.4
internal_count=157339 47217 10100 1929 912 110122 96369 13753 2209 1345 11544 2588 2175 93781
is_linear=0
shrinkage=0.05


Tree=196
num_leaves=15
num_cat=0
split_feature=1 2 10 8 3 12 10 10 10 3 14 3 1 0
split_gain=3.9431 8.94016 14.5333 14.832 12.3554 15.9034 9.9413 15.1137 10.6969 9.85415 9.9858 11.1705 9.43645 8.8827
threshold=26.500000000000004 11.500000000000002 50.90775 149.61627921837052 1756.5000000000002 -2.5973499999999996 31.198550000000004 47.3718 40.65120000000001 1815.5000000000002 1.0000000180025095e-35 1752.5000000000002 43.500000000000007 28.500000000000004
decision_type=2 8 10 8 2 10 8 8 10 2 2 2 2 2
left_child=-1 6 9 -4 -5 -6 -2 8 -8 10 11 -3 -7 -9
right_child=1 2 3 4 5 12 7 13 -10 -11 -12 -13 -14 -15
leaf_value=0.00054994355803418863 -0.012812410063541039 -0.0068782962278817602 -0.014097513255110994 -0.0085033776289821575 -0.0014874385197390209 0.016515236128487164 -0.002195397975509052 0.0060346722166623283 0.0089610250926980325 -0.00097433659002478263 0.0091703727956988033 0.0042702136951632691 -0.0021839825184669726 -0.0034443477732029465
leaf_weight=19543.095945542678 190.49873841647059 320.37402202375233 64.970133836381137 86.831016713753343 217.90607364382595 503.78691984526813 358.63407263718545 244.79319342970848 492.66793404798955 7601.6407165448181 487.78881933353841 641.40558529552072 72.449967791326344 4155.365331273526
leaf_count=83381 865 1731 504 598 1197 2538 1665 1040 2262 36822 2363 2985 717 18743
internal_value=7.83671e-05 -0.000518502 0.000369577 0.00619952 0.0079761 0.00994258 -0.00214533 -0.00171123 0.00431857 -0.000252037 0.00349746 0.000492116 0.0141698 -0.00289208
internal_weight=34982.2 15439.1 9997.15 945.944 880.974 794.143 5441.96 5251.46 851.302 9051.21 1449.57 961.78 576.237 4400.16
internal_count=157411 74030 49455 5554 5050 4452 24575 23710 3927 43901 7079 4716 3255 19783
is_linear=0
shrinkage=0.05


Tree=197
num_leaves=15
num_cat=0
split_feature=0 1 12 3 2 3 4 2 0 12 3 3 4 7
split_gain=2.84015 3.47389 8.54254 8.15748 6.59985 6.58179 7.57373 5.87943 5.11789 4.66862 5.17731 3.44138 7.54081 7.45757
threshold=13.500000000000002 16.500000000000004 -2.6852499999999995 1664.5000000000002 8.5000000000000018 1756.5000000000002 51.268150000000013 13.500000000000002 30.500000000000004 10.734950000000003 1780.5000000000002 1680.5000000000002 49.868850000000009 10.734950000000003
decision_type=2 2 8 2 8 2 8 8 2 8 2 2 8 8
left_child=-1 2 -2 -4 9 7 -7 -6 -8 -5 -11 12 -3 -14
right_child=1 11 3 4 5 6 8 -9 -10 10 -12 -13 13 -15
leaf_value=0.010365816685633742 -0.016887471482667993 -0.017163243877688587 0.012129939566740765 0.013804655392603102 -0.00044164603879887939 -0.014262424458604163 -0.0029966009917740911 -0.022495564472641678 0.011871503677270119 -0.010640022319642681 0.0058698159211023407 0.00017525596466830902 0.0094795634120551312 -0.0032256338432843264
leaf_weight=46.365646511316299 80.488891839981079 63.966379124671221 79.274823781102896 56.206684276461601 44.778845518827438 72.900010764598846 139.09768219292164 78.461578480899334 72.463318923488259 61.929658353328705 93.462454006075859 33216.099840793759 114.88706146553159 796.08595921937376
leaf_count=216 345 345 364 235 190 313 570 395 316 259 382 149192 603 3846
internal_value=3.2074e-05 1.24557e-05 -0.00324647 -0.00124849 -0.00328693 -0.00689175 -0.00231246 -0.0156629 0.00268148 0.00365407 -0.00117297 8.85669e-05 -0.00280908 -0.0014541
internal_weight=35016.5 34970.1 779.064 698.575 619.3 407.701 284.461 123.24 211.561 211.599 155.392 34191 974.939 910.973
internal_count=157571 157355 3369 3024 2660 1784 1199 585 886 876 641 153986 4794 4449
is_linear=0
shrinkage=0.05


Tree=198
num_leaves=15
num_cat=0
split_feature=3 6 10 3 9 11 3 12 6 5 12 1 8 2
split_gain=5.2037 7.21006 19.4621 9.627 7.27712 9.89194 7.19447 9.98478 8.361 12.7047 8.86163 8.2355 20.358 7.74157
threshold=1880.5000000000002 55.953500000000005 58.010850000000012 1817.5000000000002 59.329550000000005 18.656700000000004 1903.5000000000002 -75.559499999999986 52.190550000000009 12.569000000000001 -73.584099999999992 19.500000000000004 9583.6620685219441 3.5000000000000004
decision_type=2 10 10 2 10 10 2 8 10 10 8 2 8 8
left_child=1 -1 3 -3 -4 -6 7 -2 10 -10 -9 12 -8 -12
right_child=6 2 4 -5 5 -7 11 8 9 -11 13 -13 -14 -15
leaf_value=-0.00059193322728536609 0.014447176340696262 0.0024222370352890185 -0.012361833236884445 0.025373754398740435 0.011437602306316838 -0.012658213676911105 -0.015064907386224253 -0.015092713853269383 -0.012102526352553945 0.0062855734615861114 0.006825738564724522 0.00027801783509969413 0.0076588056663296272 0.001694866642549367
leaf_weight=18918.12243220536 142.53628560435027 77.239277281798422 103.7928360439837 110.98818758502603 106.56410287320614 45.125586664304137 250.4308544844389 52.017561916261911 228.28589473385364 135.21825216524303 880.082509172149 9708.1701452308334 139.55966292694211 4151.6789272064343
leaf_count=82913 634 372 511 490 493 207 1074 231 1027 581 3900 45818 602 18928
internal_value=0.000106667 -0.000441547 0.00571933 0.0170928 -0.00329273 0.0036299 0.000782965 0.00221864 0.00184698 -0.00529134 0.00237613 -1.45653e-05 -0.00695621 0.00261575
internal_weight=35049.8 19361.8 443.71 188.227 255.483 151.69 15688 5589.82 5447.28 363.504 5083.78 10098.2 389.991 5031.76
internal_count=157781 84986 2073 862 1211 700 72795 25301 24667 1608 23059 47494 1676 22828
is_linear=0
shrinkage=0.05


Tree=199
num_leaves=15
num_cat=0
split_feature=3 1 9 6 7 5 0 2 6 4 9 0 0 9
split_gain=4.27113 9.28806 11.3704 10.1889 9.09278 11.3019 7.59224 10.1156 6.84526 11.6626 8.46086 16.9298 8.56959 11.2164
threshold=1931.5000000000002 21.500000000000004 18.081650000000003 38.896100000000011 13.595600000000003 -3.0521499999999997 55.500000000000007 41.500000000000007 57.710150000000006 59.857000000000006 48.138450000000013 32.500000000000007 25.500000000000004 51.22570000000001
decision_type=2 2 8 10 10 10 2 10 10 8 10 2 2 10
left_child=6 3 -3 -2 5 -5 -1 -8 10 -10 -4 12 -12 -14
right_child=1 2 8 4 -6 -7 7 -9 9 -11 11 -13 13 -15
leaf_value=-0.00030189221212433205 -0.017706054637717544 0.020973598407506493 -9.7061933621482964e-05 0.0079724438771430813 0.012128404393447095 -0.01488613629579618 -0.012937635336903525 0.019603261263040031 -0.016277553921382183 0.0062078972154736602 0.010908902129736227 0.010684177188879908 0.0067337931952022468 -0.011662231644501095
leaf_weight=31940.856004241854 99.840714901685715 62.811943143606186 1166.8953592441976 73.381552919745445 81.304171189665794 116.10035058110952 185.80896042007953 9.1303018722683174 107.86369900032878 90.094557761214674 82.165204122662544 688.23463281290606 109.69561855494976 223.23570235073566
leaf_count=137638 437 320 6551 319 344 487 5078 234 515 421 343 3630 455 929
internal_value=-0.000198909 0.00163167 0.00272125 -0.0055674 -0.000181822 -0.00611761 -0.000365109 -0.00973127 0.0020919 -0.0064134 0.00288307 0.0059805 -0.00195087 -0.00556292
internal_weight=35037.4 2901.62 2531 370.627 270.786 189.482 32135.8 194.939 2468.18 197.958 2270.23 1103.33 415.097 332.931
internal_count=157701 14751 13164 1587 1150 806 142950 5312 12844 936 11908 5357 1727 1384
is_linear=0
shrinkage=0.05


Tree=200
num_leaves=15
num_cat=0
split_feature=3 6 12 3 10 6 5 0 3 7 6 3 3 7
split_gain=6.54787 3.99704 6.2965 9.47748 4.23614 8.27608 11.1363 9.74959 12.8545 8.85019 8.39217 10.7602 9.76467 15.0222
threshold=1982.5000000000002 -26.155099999999994 106.98350000000001 1927.5000000000002 47.800550000000008 42.36140000000001 5.5729000000000015 31.500000000000004 1944.5000000000002 -72.751699999999985 48.370050000000006 1748.5000000000002 1842.5000000000002 18.9222
decision_type=2 8 10 2 8 8 10 2 2 8 10 2 2 10
left_child=1 -1 4 -4 5 6 -3 8 10 -9 11 -7 -13 -14
right_child=-2 2 3 -5 -6 7 -8 9 -10 -11 -12 12 13 -15
leaf_value=0.0074777246316008713 -0.015475867806522908 0.00085269153849623625 -0.017895039821236202 0.005373149969404952 -0.00029374194971214273 0.024543683701219302 -0.0092869021537530898 -0.013668043501193451 0.01947150362958891 0.001462209634408961 -0.0052644007910938933 -0.0052166270454695974 0.011120610281727172 -0.0090477201447449734
leaf_weight=152.75240954197943 49.462204894050956 1346.9704887773842 97.407201612368226 57.871345969848335 30807.503368987236 55.842642888426781 318.1022412609309 87.724620424211025 148.44224368035793 920.16978769004345 171.31570553779602 180.83840438723564 490.32777750492096 96.852752074599266
leaf_count=715 399 6174 441 259 138304 240 1446 438 619 4544 703 740 2087 397
internal_value=-0.000139673 -0.000109114 -0.000146715 -0.00959953 -9.88043e-05 0.00146806 -0.00117165 0.00350293 0.006621 -9.50092e-05 0.00435835 0.00643668 0.00453061 0.00760549
internal_weight=34981.6 34932.1 34779.4 155.279 34624.1 3816.59 1665.07 2151.51 1143.62 1007.89 995.177 823.862 768.019 587.181
internal_count=157506 157107 156392 700 155692 17388 7620 9768 4786 4982 4167 3464 3224 2484
is_linear=0
shrinkage=0.05


Tree=201
num_leaves=15
num_cat=0
split_feature=9 3 9 9 2 6 9 3 6 12 12 5 2 3
split_gain=3.39705 11.4257 7.57517 11.1733 11.8029 15.3446 7.1461 8.00059 8.30561 8.89893 12.5986 8.21464 7.68042 6.46317
threshold=52.516950000000008 1656.5000000000002 53.002400000000009 52.999750000000006 3.5000000000000004 52.665450000000007 52.081550000000007 1933.5000000000002 52.13235000000001 -1.4765499999999998 4.3133500000000007 8.1288500000000017 6.5000000000000009 1823.5000000000002
decision_type=10 2 10 10 10 8 10 2 8 10 10 10 8 2
left_child=6 -2 3 4 -3 -6 -1 8 12 -10 -11 -12 -8 -4
right_child=1 2 13 -5 5 -7 7 -9 9 10 11 -13 -14 -15
leaf_value=8.1660026863551355e-05 -0.018235858683677744 -0.012678402821134312 -0.0039852257759555856 -0.022752122597375683 -0.011707931452699674 0.01837091749462871 0.0040167272417480733 -0.0050423784966866685 0.016287914595551477 -0.015224024046035116 0.012233466839799773 -0.0028528889295401211 0.027362401813987705 0.0010158055462777087
leaf_weight=30283.615492285229 77.834636308252811 123.60429498367012 834.3040067339316 73.352008104324341 52.465408815070987 88.12807656172663 72.790089203044772 150.79323080088943 93.424067595973611 80.061520012095571 163.1614380357787 165.77488719299436 67.061608552932739 2630.8063336489722
leaf_count=135551 412 565 4106 351 243 426 317 716 436 380 738 748 333 12006
internal_value=3.14633e-05 -0.00135948 -0.00092044 -0.00784964 -0.00240213 0.00708616 0.00020591 0.00483174 0.00723226 0.00389495 0.000436751 0.00490263 0.0172343 -0.000204266
internal_weight=34957.2 3880.49 3802.66 337.55 264.198 140.593 31076.7 793.067 642.274 502.422 408.998 328.936 139.852 3465.11
internal_count=157328 18109 17697 1585 1234 669 139219 3668 2952 2302 1866 1486 650 16112
is_linear=0
shrinkage=0.05


Tree=202
num_leaves=15
num_cat=0
split_feature=1 2 12 8 10 0 6 12 4 6 4 4 6 0
split_gain=5.74521 12.1651 13.5674 9.29846 8.82865 9.69803 6.85501 5.78844 6.637 6.17534 7.33481 7.82613 7.05076 8.10211
threshold=37.500000000000007 12.500000000000002 -2.4788499999999996 474.79253421838706 49.488750000000003 46.500000000000007 51.049500000000009 17.747350000000004 10.789550000000002 43.609750000000012 54.879900000000013 47.805800000000012 60.181000000000004 29.500000000000004
decision_type=2 8 8 8 10 2 8 10 8 8 10 10 8 2
left_child=7 3 -3 4 5 -2 -4 -1 -9 -10 11 -11 -12 -14
right_child=1 2 6 -5 -6 -7 -8 8 9 10 12 -13 13 -15
leaf_value=0.00036636687747767491 0.023971664106428384 0.01494519069993934 0.014288275101789314 -0.010332270006156942 -0.0073397185535951683 -0.004634598584344664 -0.0015521459688299787 0.0078882402895923496 -0.010024077220437565 -0.0026010865156159352 -0.013045608871590651 0.008505795872481535 0.0089573945779490433 -0.0089275049149731955
leaf_weight=30099.052467369474 48.181086018681526 118.7066424395889 50.358145749662071 593.29687961749732 103.82636585179716 42.718482756055892 2435.3783338363282 114.35823950171471 291.28001924231648 432.06868631578982 209.14207750558853 224.98488302156329 101.65246491134167 112.10635107755661
leaf_count=129164 211 987 510 3850 757 371 15101 511 1294 1859 930 993 430 540
internal_value=4.81293e-06 -0.00194425 -0.000279226 -0.00730408 0.00202532 0.0121167 -0.00111975 0.000215257 -0.00281053 -0.00380336 -0.00197378 0.00134099 -0.00695187 -0.00038369
internal_weight=34977.1 3392.47 2604.44 788.023 194.726 90.8996 2485.74 31584.6 1485.59 1371.23 1079.95 657.054 422.901 213.759
internal_count=157508 21787 16598 5189 1339 582 15611 135721 6557 6046 4752 2852 1900 970
is_linear=0
shrinkage=0.05


Tree=203
num_leaves=15
num_cat=0
split_feature=8 12 6 10 10 6 10 4 4 7 11 0 3 6
split_gain=3.17714 3.17444 2.94444 5.76174 3.86915 8.66039 6.1721 11.9205 9.88224 7.87897 16.2406 11.6389 6.82429 6.44407
threshold=15167.747100195398 -122.32154999999999 60.568200000000004 60.392800000000001 59.438750000000006 59.853950000000005 55.574000000000005 56.668500000000002 58.418950000000002 12.533700000000001 18.068350000000006 31.500000000000004 1809.5000000000002 59.329300000000011
decision_type=10 8 10 10 10 10 10 8 8 10 10 2 2 10
left_child=1 -1 3 4 6 -6 13 -8 -9 -10 12 -12 -11 -3
right_child=-2 2 -4 -5 5 -7 7 8 9 10 11 -13 -14 -15
leaf_value=0.0083539121245830225 -0.011032578667839913 -9.0710996154327365e-05 0.0060036196502927831 -0.014297120344651228 0.0152843209995146 -0.0027327975575084187 -0.010077390296884705 0.0073839687622041395 -0.0088747424267451702 -0.0021304338492162747 -0.017615044327877496 0.004782535349797579 0.02014079710735877 -0.013971617204686754
leaf_weight=88.434371672570705 47.680319698527455 32877.992864456959 169.36028155777603 52.836829241365194 106.06912803277373 130.8866571993567 443.19674583151937 275.08294185437262 326.30764522682875 43.806365516036749 101.47364000976086 98.104659432545304 96.323512371629477 63.825945327058434
leaf_count=414 234 147731 762 265 493 579 2046 1314 1525 234 430 521 427 288
internal_value=-0.000209395 -0.000188282 -0.000214786 -0.000248659 -0.000218928 0.00589416 -0.000264534 -0.00351089 -0.000273144 -0.00355881 0.00175695 -0.00717249 0.013782 -0.000126067
internal_weight=34921.4 34873.7 34785.3 34615.9 34563.1 236.956 34326.1 1384.3 941.099 666.016 339.708 199.578 140.13 32941.8
internal_count=157263 157029 156615 155853 155588 1072 154516 6497 4451 3137 1612 951 661 148019
is_linear=0
shrinkage=0.05


Tree=204
num_leaves=15
num_cat=0
split_feature=0 8 5 7 12 1 7 4 12 5 12 5 5 10
split_gain=3.48191 12.1793 10.3564 8.62442 7.77091 6.88086 6.7835 4.92575 3.94921 3.88691 6.70283 5.2291 10.8744 8.75576
threshold=53.500000000000007 660.01425074639258 -0.46044999999999997 -75.158349999999984 -4.5692999999999993 42.500000000000007 16.353750000000002 53.167650000000002 -83.925799999999981 17.942600000000002 -73.584099999999992 3.3425000000000007 1.8368000000000002 47.800550000000008
decision_type=2 10 10 10 10 2 8 10 10 8 8 10 10 10
left_child=9 2 4 -3 8 -4 -5 -7 -2 11 -11 12 -1 -13
right_child=1 3 5 6 -6 7 -8 -9 -10 10 -12 13 -14 -15
leaf_value=0.00088651163928279465 -0.0028449612520405989 -0.0080504436675401629 -0.028419115003350794 0.032240458384259055 0.014414989696873746 -0.011045964420706435 -0.0029336972246161372 0.014387606277842356 -0.019545754704230839 -0.0096416480249878946 -5.5004616247985357e-05 0.0071696559010063447 -0.0063484187588089911 0.0012554419076533426
leaf_weight=4151.978207372129 251.45735075417906 21.268462621606886 59.182610515505075 29.174727539531887 39.128072498366237 32.414470316376537 14.708008472807704 10.203290568664668 23.411968653090298 163.63482365012169 25766.003493886441 768.37061719596386 573.21932065486908 3097.7278524711728
leaf_count=18080 5320 261 1098 384 833 783 213 202 452 693 109797 3320 2510 13629
internal_value=0.000122731 -0.00401603 -0.00725839 0.0135214 -0.00230084 -0.019661 0.0232237 -0.0023063 -0.00549669 0.000182684 -0.000122888 0.00110308 -1.42244e-05 0.00246172
internal_weight=35001.9 480.949 415.798 65.1512 313.997 101.8 43.8827 42.6178 274.869 34520.9 25929.6 8591.3 4725.2 3866.1
internal_count=157575 9546 8688 858 6605 2083 597 985 5772 148029 110490 37539 20590 16949
is_linear=0
shrinkage=0.05


Tree=205
num_leaves=15
num_cat=0
split_feature=2 8 3 6 0 11 12 11 7 3 3 5 12 10
split_gain=3.78577 8.32274 10.4119 13.1054 11.658 10.3834 9.6989 10.9843 9.33906 5.92397 5.67947 5.57745 12.2948 9.14321
threshold=17.500000000000004 61.895652723209295 1866.5000000000002 50.301550000000006 49.500000000000007 -73.949049999999986 13.087750000000002 -0.13319999999999996 -83.905949999999976 1811.5000000000002 1898.5000000000002 11.744450000000002 3.2260000000000004 51.900850000000005
decision_type=10 8 2 8 2 10 8 10 10 2 2 10 10 8
left_child=-1 -2 4 8 11 9 7 10 -4 -6 -5 12 13 -3
right_child=1 2 3 6 5 -7 -8 -9 -10 -11 -12 -13 -14 -15
leaf_value=-0.00011122770347724362 -0.011140372350809821 0.016310394613874537 0.014367045404986862 0.0149365205836455 0.011360232252499009 -0.02657084423789411 0.0064938592156995644 0.031085630979267448 -0.0087098084947297497 -0.011426071822359994 -0.0090744632877382495 0.01311377625835564 -0.017228022223548949 -1.8313037533831392e-05
leaf_weight=33435.230942971073 86.837654897011817 86.056653313338757 39.73245610948652 28.902533719316125 37.106131179258227 53.342657114379108 309.12868039123714 94.174800220876932 149.07497488427907 36.988753100857139 30.905258880928159 80.89495425671339 65.833744704723358 447.0841708034277
leaf_count=147497 695 402 283 198 442 809 1912 708 1042 403 233 465 376 2018
internal_value=1.2474e-06 0.002404 0.00334974 0.00794825 -0.000466036 -0.013234 0.0123264 0.021943 -0.00294258 -2.57046e-05 0.00336428 0.00223705 0.00039182 0.00311182
internal_weight=34981.3 1546.06 1459.23 651.919 807.307 127.438 463.111 153.983 188.807 74.0949 59.8078 679.87 598.975 533.141
internal_count=157483 9986 9291 4376 4915 1654 3051 1139 1325 845 431 3261 2796 2420
is_linear=0
shrinkage=0.05


Tree=206
num_leaves=15
num_cat=0
split_feature=8 2 8 9 8 9 9 2 12 4 0 2 2 12
split_gain=4.2113 12.6307 8.76915 7.6902 11.6067 8.96585 8.00299 11.3767 14.2366 7.64726 7.42279 12.2765 6.22794 5.96978
threshold=101.11467674896382 16.500000000000004 61.895652723209295 59.654050000000005 0.7409185273087594 48.874850000000009 43.558050000000009 6.5000000000000009 16.365300000000001 48.892750000000014 26.500000000000004 10.500000000000002 10.500000000000002 3.2260000000000004
decision_type=8 10 8 10 10 10 10 10 10 10 2 8 10 10
left_child=1 3 -3 5 -5 6 12 -8 -9 -7 -11 -12 -1 -13
right_child=-2 2 -4 4 -6 9 7 8 -10 10 11 13 -14 -15
leaf_value=0.0039861243234475315 -0.00015509442611615006 -0.017263668073378712 0.0093201805063251267 -0.0039485365147953902 0.026096411673256017 -0.016764121502573958 0.0035049668860077025 0.031098034227686935 0.00057945825264479249 0.0073635194863694402 -0.0056392788603338755 -0.0040477935492468338 -0.012275922840299333 0.014627717387406289
leaf_weight=308.33105985540897 32924.385771788657 109.54925029305741 26.748044811189175 44.423433050513268 64.361503422260284 48.350472133606672 216.7852557040751 96.889660535380244 57.920696761459112 265.92900988459587 563.00865266099572 51.776719619520009 51.873875394463539 116.57823116425425
leaf_count=1316 148132 814 192 192 284 209 928 430 244 1124 2500 243 237 545
internal_value=-1.85151e-05 0.00218459 -0.0115216 0.00328548 0.0151194 0.00240103 0.00656632 0.0115173 0.0210525 -0.000582606 0.000516062 -0.00210345 0.00112163 0.00906422
internal_weight=34946.9 2022.53 136.297 1886.23 108.785 1777.44 731.801 371.596 154.81 1045.64 997.293 731.364 360.205 168.355
internal_count=157390 9258 1006 8252 476 7776 3155 1602 674 4621 4412 3288 1553 788
is_linear=0
shrinkage=0.05


Tree=207
num_leaves=15
num_cat=0
split_feature=6 2 5 6 1 6 9 2 8 9 12 8 8 9
split_gain=3.74042 9.25051 10.0908 8.94509 9.27832 8.85471 12.671 8.77293 10.2308 8.57394 11.6499 8.04087 10.3878 9.48138
threshold=48.778050000000007 23.500000000000004 10.686550000000002 49.260550000000009 22.500000000000004 49.260550000000009 48.856900000000003 7.5000000000000009 1676.8637128815406 51.208050000000007 -3.0673999999999997 1406.2337030154206 549.36724520882012 52.351400000000005
decision_type=10 8 10 10 2 10 10 10 8 10 10 10 10 10
left_child=-1 2 5 4 -4 6 -2 -7 9 -9 -11 12 -5 -14
right_child=1 -3 3 11 -6 7 -8 8 -10 10 -12 -13 13 -15
leaf_value=0.00033528754775546298 0.0013838135932591443 0.0045255255329267382 0.026468729073529547 0.00084730555319222469 -0.00087269936473070636 -0.00034487107484594483 -0.017123910491781889 0.0097427463494785139 -0.013993641165897958 0.012244915827170424 -0.008679328615666046 0.011465502901469211 -0.0245322761699104 -0.0035532765355457286
leaf_weight=29784.826839883812 138.17443120293319 619.80248633772135 47.435477674007416 1354.2181115876883 55.189533431082964 1533.2620319537818 243.43358091451228 97.242225504945964 287.13559686020017 61.352342192083597 387.24395553767681 121.82577951997519 58.73699395172298 198.74011698737741
leaf_count=133445 610 3559 200 6020 247 6680 1089 465 1339 278 1922 530 261 893
internal_value=0.000119046 -0.00111519 -0.00189422 0.000970268 0.0140209 -0.00380149 -0.0106874 -0.00261073 -0.00667563 -0.00246747 -0.00541714 4.65604e-05 -0.000946537 -0.0097624
internal_weight=34988.6 5203.79 4583.99 1836.15 102.625 2747.84 381.608 2366.24 832.974 545.839 448.596 1733.52 1611.7 257.477
internal_count=157538 24093 20534 8151 447 12383 1699 10684 4004 2665 2200 7704 7174 1154
is_linear=0
shrinkage=0.05


Tree=208
num_leaves=15
num_cat=0
split_feature=8 1 7 3 2 7 2 8 10 3 3 10 2 6
split_gain=5.1626 9.70813 12.1376 10.71 11.634 8.28644 7.92728 11.2685 7.04903 6.56395 10.2401 10.252 10.1205 10.132
threshold=238.85055348743285 25.500000000000004 23.286400000000004 1887.5000000000002 3.5000000000000004 -0.16829999999999998 16.500000000000004 149.61627921837052 51.477350000000008 1916.5000000000002 1940.5000000000002 47.498750000000008 6.5000000000000009 50.544400000000003
decision_type=8 2 10 2 10 10 8 8 10 2 2 10 10 10
left_child=1 2 6 4 -3 -6 9 8 -8 12 -11 -12 -1 -14
right_child=-2 3 -4 -5 5 -7 7 -9 -10 10 11 -13 13 -15
leaf_value=0.0039190923299304336 -5.2336996322284035e-05 0.0019303643056269094 -0.0076421630117928839 0.0015181156698230351 0.0044139852500946816 -0.02067336438474475 -0.020570416823988677 0.014725111912908935 0.0023633189056901549 -0.0051371653511969491 0.018509209942339965 -0.00022602512069846365 0.020766330830333961 0.0062731135776513784
leaf_weight=562.00085724890232 31884.506224866025 143.0277030877769 176.9671993330121 857.29258894128725 32.789858259260654 156.69572522491217 68.606686726212502 35.60510341078043 47.854582443833351 253.95557622611523 114.11486116051674 159.23888348042965 245.60753379762173 266.84414899349213
leaf_count=2375 143326 640 768 4178 168 999 407 187 256 1046 477 667 1017 1126
internal_value=0.000138146 0.00207234 0.00424531 -0.00146581 -0.00880869 -0.0163251 0.00551744 -0.00490231 -0.0121816 0.00655491 0.00189014 0.0083239 0.00876787 0.0137385
internal_weight=35005.1 3120.6 1930.8 1189.81 332.513 189.486 1753.83 152.066 116.461 1601.76 527.309 273.354 1074.45 512.452
internal_count=157637 14311 8326 5985 1807 1167 7558 850 663 6708 2190 1144 4518 2143
is_linear=0
shrinkage=0.05


Tree=209
num_leaves=15
num_cat=0
split_feature=0 2 2 11 4 1 12 11 8 2 0 12 9 10
split_gain=4.67379 4.4684 3.96323 4.71038 8.57848 6.18152 4.24954 10.8246 7.02748 8.40153 12.3151 6.78609 6.47089 7.50267
threshold=63.500000000000007 41.500000000000007 26.500000000000004 -0.090349999999999986 52.21540000000001 20.500000000000004 -10.124949999999998 -8.1789999999999967 2028.1840195636075 14.500000000000002 43.500000000000007 -122.32154999999999 48.882450000000006 41.010700000000007
decision_type=2 10 10 10 10 2 8 8 8 10 2 10 10 10
left_child=2 -2 6 5 -5 -4 8 -8 9 10 -1 -10 13 -13
right_child=1 -3 3 4 -6 -7 7 -9 11 -11 -12 12 -14 -15
leaf_value=0.00065767152563525502 -0.017965457702159623 0.0089596062732410272 0.0081774119530889297 -0.023666124093869687 0.0066763175365138934 -0.010048713013007405 0.018271161409387237 0.0001315709359526889 0.0083791777419773856 -0.012171416000038937 0.021020658317288415 -0.011747926036888212 0.00065062368683625478 -0.00057598357212099258
leaf_weight=746.87655901908875 44.212104235775769 6.8957012668251982 77.164798192679882 53.321548445150256 23.502551227807999 69.329631663858891 62.4520219322294 32677.499139581807 70.942520499229431 87.336071956902742 62.630991447716951 498.70713311620057 259.07357277348638 214.58905939571559
leaf_count=3142 3190 196 462 617 272 710 283 143050 318 451 356 2260 1142 950
internal_value=-2.86597e-05 -0.0128344 -2.56947e-06 -0.00636158 -0.0149219 -0.000619187 4.20217e-05 0.000177306 -0.0022194 0.00101967 0.00270198 -0.00497056 -0.00609378 -0.00849432
internal_weight=34954.5 51.1078 34903.4 223.319 76.8241 146.494 34680.1 32740 1940.16 896.844 809.508 1043.31 972.37 713.296
internal_count=157399 3386 154013 2061 889 1172 151952 143333 8619 3949 3498 4670 4352 3210
is_linear=0
shrinkage=0.05


Tree=210
num_leaves=15
num_cat=0
split_feature=3 5 9 9 8 6 9 5 8 2 8 9 8 12
split_gain=3.0716 6.66371 8.07505 7.87408 7.15212 10.5653 6.79039 10.9706 8.179 7.7066 6.85481 5.78156 7.43456 5.55491
threshold=1932.5000000000002 10.734950000000003 59.326600000000006 59.883800000000008 6222.3084097981582 35.966850000000008 40.651500000000006 -71.026099999999985 4122.1520781143872 8.5000000000000018 1857.0750069038975 47.498750000000008 223.06026800811102 18.069600000000005
decision_type=2 10 10 10 10 10 8 10 10 10 10 10 10 10
left_child=13 4 11 -4 6 -6 7 9 10 -2 -8 -3 -13 -1
right_child=1 2 3 -5 5 -7 8 -9 -10 -11 -12 12 -14 -15
leaf_value=-7.9973027604460603e-05 0.019920118547128718 0.0012672084117272937 -0.016354503296911276 0.0032653588665831979 0.0047667294768001869 -0.020971896885769399 -0.00037198330649967952 -0.0096808654230867951 0.014413499310471431 -0.0027982745963382434 -0.012334354713005501 0.0025603757184185128 0.015103898781698353 -0.0037717400886207158
leaf_weight=31164.527716468088 123.58138073980808 290.62634644564241 61.667663011699915 123.06867085583508 57.967896028421819 75.275626261718571 1301.4139414178208 48.490919753909111 65.831396190449595 44.379851205274463 112.05682159867138 206.58857504185289 289.49463056493551 1033.4212674312294
leaf_count=138589 563 1329 296 577 292 371 7128 221 315 258 552 982 1341 4726
internal_value=-6.22534e-05 0.00152002 0.00482113 -0.00424186 -0.000266498 -0.0106136 0.000660762 0.00853007 -0.000589107 0.0142583 -0.00147919 0.00700172 0.0101819 -0.000200731
internal_weight=34998.4 2800.44 971.446 184.736 1829 133.244 1695.75 216.452 1479.3 167.961 1413.47 786.71 496.083 32197.9
internal_count=157540 14225 4525 873 9700 663 9037 1042 7995 821 7680 3652 2323 143315
is_linear=0
shrinkage=0.05


Tree=211
num_leaves=15
num_cat=0
split_feature=3 12 3 0 12 12 9 10 1 0 9 8 9 9
split_gain=3.72859 4.75359 3.77817 3.96841 8.26019 5.34119 4.12522 3.52922 3.29457 3.28766 2.81624 3.84172 3.65809 4.25514
threshold=1637.5000000000002 -6.2626499999999989 1684.5000000000002 25.500000000000004 -0.12744999999999998 0.58595000000000008 55.167100000000005 61.309200000000011 22.500000000000004 26.500000000000004 60.997000000000007 685.39267694077751 60.174250000000008 59.952000000000005
decision_type=2 10 2 2 10 10 10 10 2 2 10 8 10 10
left_child=1 -1 3 4 -2 9 -7 10 -8 -5 12 -12 13 -4
right_child=2 -3 7 5 -6 6 8 -9 -10 -11 11 -13 -14 -15
leaf_value=0.011278438856418632 -0.0028643401348624458 -0.003694288867832417 9.6228955462896628e-06 -0.012267106721435295 0.013605159127438116 -0.016799544769619715 0.008002480430524303 -0.0097474307685705662 -0.009790122450043591 -0.00019741186268020392 0.00048924878800926132 0.015449464812181211 -0.0074451132482675503 0.012477362585660378
leaf_weight=135.7808064520359 338.07551714777946 68.285026475787163 33339.965312971268 47.294822290539742 76.74091100692749 125.43575922306627 31.751347079873085 72.497988784685731 32.617024418897927 353.40418447274715 115.09681160002947 49.749481348320842 144.24131809920073 48.575917564332485
leaf_count=572 1419 323 149723 201 358 788 189 325 217 1859 515 223 662 217
internal_value=-4.3606e-05 0.00638569 -8.49825e-05 -0.00307508 0.000668156 -0.00564038 -0.0121268 5.79877e-06 -0.00119699 -0.00213746 3.25515e-05 0.00618724 -1.37482e-06 3.52205e-05
internal_weight=34979.5 204.066 34775.4 1005.32 414.816 590.503 189.804 33770.1 64.3684 400.699 33697.6 164.846 33532.8 33388.5
internal_count=157591 895 156696 5031 1777 3254 1194 151665 406 2060 151340 738 150602 149940
is_linear=0
shrinkage=0.05


Tree=212
num_leaves=15
num_cat=0
split_feature=9 9 3 14 3 3 4 2 9 7 5 1 3 12
split_gain=4.0574 11.4818 11.772 9.21351 10.9718 10.0214 19.2669 8.85042 7.14733 6.91526 6.17376 6.85945 6.48599 5.55615
threshold=58.752500000000005 57.700400000000009 1862.5000000000002 1.0000000180025095e-35 1927.5000000000002 1893.5000000000002 59.857000000000006 11.500000000000002 60.174250000000008 15.198250000000002 6.4267000000000012 25.500000000000004 1893.5000000000002 24.111950000000004
decision_type=10 10 2 2 2 2 8 8 10 10 10 2 2 10
left_child=1 -1 7 4 10 8 -7 -3 9 -5 -2 -12 -13 -8
right_child=3 2 -4 5 -6 6 13 -9 -10 -11 11 12 -14 -15
leaf_value=-4.4979852333351553e-05 -0.011017731030892547 0.010614045503331516 0.021901594249435927 -0.0027489853711974918 0.016575761175312221 -0.023025762090110966 -0.0066070961078985293 -0.011391045011771477 -0.011892328772198965 0.017525362483387118 0.0057156422984473258 -0.014064425746898916 0.0055424552968540014 0.0089511499437639735
leaf_weight=33545.59587600315 109.81562288850546 80.325933594256639 100.99978924915195 74.731752150692046 79.56401324737817 176.60809476953 140.8859250927344 63.965931756421924 46.725850619375706 64.230608085170388 288.21377811580896 90.508614613674581 54.250694461166859 69.438366545364261
leaf_count=150881 498 370 457 346 383 784 628 372 222 299 1280 473 257 310
internal_value=-6.5118e-05 3.69324e-05 0.010398 -0.00290395 0.00130615 -0.00736936 -0.0117697 0.000659828 0.00205277 0.00764807 -0.00144165 0.00136637 -0.00693563 -0.00113932
internal_weight=34985.9 33790.9 245.292 1194.97 622.353 572.621 386.932 144.292 185.688 138.962 542.789 432.973 144.759 210.324
internal_count=157560 152080 1199 5480 2891 2589 1722 742 867 645 2508 2010 730 938
is_linear=0
shrinkage=0.05


Tree=213
num_leaves=15
num_cat=0
split_feature=3 8 8 6 5 5 3 10 10 5 12 8 8 10
split_gain=4.03571 4.20208 15.6137 6.13953 5.54338 7.4387 4.36195 7.15069 7.84366 7.34216 8.46214 9.1722 7.70022 7.07713
threshold=1982.5000000000002 6655.9052632384737 6222.3084097981582 48.882450000000006 -4.2764499999999996 -0.10924999999999999 1887.5000000000002 55.574000000000005 57.758700000000012 15.761700000000003 24.747500000000006 3.0749149823511082 137.66165401456297 51.507250000000006
decision_type=2 10 10 10 10 10 2 10 10 8 10 10 10 10
left_child=1 2 6 4 -3 -6 -1 13 -9 -10 11 -11 -13 -8
right_child=-2 3 -4 -5 5 -7 7 8 9 10 -12 12 -14 -15
leaf_value=-0.00040767549743498033 -0.012191215568398306 -0.0089609370865104173 -0.023782249836930707 0.015240519064868414 0.017341951912387476 -0.0011523081963498787 0.00070366565192453163 -0.0088657422900121942 0.0087799259459737673 -0.019023924115873052 0.0098308592819800773 0.01335898700976928 -0.0083690723709402386 0.0052357353562469322
leaf_weight=20817.996625515632 47.356547203846276 75.849264281801879 48.874403733760118 89.753706326708198 63.183403481729329 150.45692384708673 11945.930418756325 374.60267203859985 159.54493266064674 91.953451097011566 66.225706588476896 48.374907540157437 81.065366093069315 909.42026233160868
leaf_count=91733 386 371 223 401 289 677 55295 1706 716 406 300 221 356 4369
internal_value=3.58752e-05 5.94236e-05 4.77503e-07 0.00515963 0.00125124 0.0053336 4.79353e-05 0.000741005 -0.00372618 0.000774601 -0.00394814 -0.00854288 0.000452329 0.00103191
internal_weight=34970.6 34923.2 34544 379.243 289.49 213.64 34495.1 13677.1 821.767 447.164 287.619 221.394 129.44 12855.4
internal_count=157449 157063 155325 1738 1337 966 155102 63369 3705 1999 1283 983 577 59664
is_linear=0
shrinkage=0.05


Tree=214
num_leaves=15
num_cat=0
split_feature=2 8 3 8 8 2 3 2 12 8 12 12 11 0
split_gain=6.51564 12.2209 17.5046 8.32056 8.72667 8.28181 11.2798 9.25562 8.73782 9.32278 8.05479 5.9768 5.86267 10.5678
threshold=17.500000000000004 696.65601506037785 1866.5000000000002 74.242518985045521 56.427553614450126 5.5000000000000009 1934.5000000000002 9.5000000000000018 10.995700000000001 18.939339517609202 -0.15409999999999999 4.6913500000000008 15.630250000000002 45.500000000000007
decision_type=10 8 2 8 10 8 2 10 10 10 10 10 8 2
left_child=3 -2 12 4 5 -1 7 8 9 -7 -8 -9 13 -3
right_child=1 2 -4 -5 -6 6 10 11 -10 -11 -12 -13 -14 -15
leaf_value=-0.0011750314591994016 -0.0052348860239294125 0.0024552074594125627 0.012529018828552988 -0.000159863818650789 0.01386629891947494 0.029898865783569269 -0.018386759377258987 -0.0063410617259137053 0.0038033009415090954 0.0034155445121068981 0.0029680641015825335 0.0085591326941063771 0.0032144135717986316 -0.01985622048727656
leaf_weight=825.39945802278817 314.86239161156118 124.35139933973551 503.67424841877073 31709.309836003464 160.50556903891265 108.46112785488367 48.922093994915485 99.78864453965798 108.43281324952841 52.48761838581413 110.53186005493626 135.8109950311482 535.33323043910787 67.946888267062604
leaf_count=3554 2395 586 3314 139943 716 464 223 480 467 234 500 607 3046 699
internal_value=0.000169206 0.00332107 0.00555765 2.12193e-05 0.00346077 0.00217091 0.00624031 0.00981162 0.0158161 0.0225944 -0.0049028 0.00224578 0.000525915 -0.00655625
internal_weight=34905.8 1546.17 1231.31 33359.7 1650.34 1489.83 664.435 504.981 269.382 160.949 159.454 235.6 727.632 192.298
internal_count=157228 10040 7645 147188 7245 6529 2975 2252 1165 698 723 1087 4331 1285
is_linear=0
shrinkage=0.05


Tree=215
num_leaves=15
num_cat=0
split_feature=10 6 1 7 0 14 2 5 7 2 3 3 1 3
split_gain=5.83609 6.53211 4.68424 3.4137 2.87986 8.00455 10.1333 4.89833 3.88222 3.21423 6.14458 5.50395 3.84344 3.69799
threshold=60.174250000000008 61.003600000000006 21.500000000000004 8.5439000000000025 20.500000000000004 1.0000000180025095e-35 1.0000000180025095e-35 -88.979599999999991 13.384950000000002 2.5000000000000004 1838.5000000000002 1788.5000000000002 16.500000000000004 1719.5000000000002
decision_type=10 10 2 10 2 2 10 10 8 8 2 2 2 2
left_child=1 4 -2 -4 5 8 -7 -8 -1 11 12 -10 -11 -14
right_child=2 -3 3 -5 -6 6 7 -9 9 10 -12 -13 13 -15
leaf_value=0.0041001587188972269 -0.01923387379467148 0.015104068797688497 -0.010528098924287042 0.0037008622846405308 0.00025866426722847202 -0.0023689858010191266 0.021980718254884166 0.0020137745400672547 -0.020419422080762202 -0.0073864939550714829 -0.010837949086359598 -0.00090853147216504455 0.01227741784897339 -0.00092498175370949213
leaf_weight=81.351460888981819 46.653494413942099 53.44592993054539 53.60870046261698 81.837164977565408 33651.558874642476 248.01127776503563 63.947064787149429 55.411309361457825 77.773250341415405 90.068240657448769 197.58458785712719 60.42705887556076 64.491196796298027 135.70591688156128
leaf_count=345 206 238 262 379 151922 1023 267 236 331 379 826 248 275 547
internal_value=0.000159202 0.000208313 -0.00831313 -0.00256086 0.000176707 -0.00234725 0.00351644 0.0143305 -0.00540536 -0.00672924 -0.00448534 -0.0130818 0.000258779 0.00405686
internal_weight=34961.9 34779.8 182.099 135.446 34726.3 1074.77 367.37 119.358 707.402 626.05 487.85 138.2 290.265 200.197
internal_count=157484 156637 847 641 156399 4477 1526 503 2951 2606 2027 579 1201 822
is_linear=0
shrinkage=0.05


Tree=216
num_leaves=15
num_cat=0
split_feature=7 2 2 7 7 2 8 12 1 2 14 2 11 4
split_gain=4.10124 8.0195 3.95088 3.76774 4.46989 8.13315 5.84683 3.94419 3.89837 11.5329 7.50964 9.98807 8.102 8.88805
threshold=-97.009599999999992 2.5000000000000004 8.5000000000000018 49.119450000000008 88.73220000000002 9.5000000000000018 1205.2993899291264 106.98350000000001 33.500000000000007 1.5000000000000002 1.0000000180025095e-35 2.5000000000000004 18.068350000000006 46.249700000000011
decision_type=8 10 10 10 10 8 10 10 2 8 2 8 10 10
left_child=1 -1 -3 7 -5 6 -6 8 -2 -10 12 -12 -11 -14
right_child=3 2 -4 4 5 -7 -8 -9 9 10 11 -13 13 -15
leaf_value=0.0073634799481801481 0.00013355169090475966 -0.016926715445178753 -0.0018959388542033155 0.012565240941340204 0.011946812071538767 -0.011649813714004861 -0.004629816106535881 -0.011349788604420581 -0.0097852450721181636 -0.0021313272901435014 -0.013149124452793906 0.003349653657394857 -0.0054125341972017906 0.024848552970038788
leaf_weight=63.562187865376472 28355.512297280133 104.4219932788983 76.050915133208036 105.82774693612009 127.88157528918236 70.186882304958999 69.542878668755293 58.238644714467227 353.20186570333317 4013.3937340672128 78.461922474205494 1410.4070835155435 31.318553848192096 38.428212985396385
leaf_count=277 121554 475 414 478 551 356 313 274 1712 22072 385 8133 186 277
internal_value=-0.000127694 -0.00633573 -0.0114138 -8.04273e-05 0.00478484 0.00104824 0.00621892 -0.000136092 -0.000110434 -0.00127457 -0.000702021 0.00231742 -0.00180895 0.0130823
internal_weight=34956.4 244.035 180.473 34712.4 373.439 267.611 197.424 34339 34280.7 5925.21 5572.01 1488.87 4083.14 69.7468
internal_count=157457 1166 889 156291 1698 1220 864 154593 154319 32765 31053 8518 22535 463
is_linear=0
shrinkage=0.05


Tree=217
num_leaves=15
num_cat=0
split_feature=7 2 2 12 7 4 3 8 8 9 8 2 7 7
split_gain=3.45356 5.83102 5.87733 8.18438 5.04514 16.1139 3.8414 3.62032 7.01952 9.2047 6.9483 3.13764 2.85545 6.06942
threshold=-97.009599999999992 2.5000000000000004 7.5000000000000009 -118.23434999999999 -90.065099999999987 40.65120000000001 1940.5000000000002 10139.780564788411 6655.9052632384737 48.138450000000013 6222.3084097981582 4.5000000000000009 49.119450000000008 37.642050000000005
decision_type=8 10 10 10 8 8 2 10 10 10 10 10 10 10
left_child=1 -1 6 -4 5 -2 -3 8 10 -10 12 -9 13 -6
right_child=4 2 3 -5 7 -7 -8 11 9 -11 -12 -13 -14 -15
leaf_value=0.0064108668059743874 0.023750319865174736 -0.0040799970344752318 0.010764082585294042 -0.013952023421962259 0.00011171881157183257 -0.0056251316303393781 -0.025254118013053928 -0.015780711881092573 -0.0046302255622445729 0.01561308503506648 -0.016132823684279082 -0.00010849225599194057 0.0049855010146297877 -0.014643314306207298
leaf_weight=61.421088123694062 68.593869485892355 45.020149965770543 54.204214792698622 41.070426536723971 33963.85712234024 85.899286288768053 46.838672893121839 46.665685683488846 74.967294817790389 140.09982180409133 45.851420097053051 61.839015001431108 279.45956648141146 49.839631801471114
leaf_count=268 317 195 282 219 152766 402 225 208 345 637 211 310 1258 244
internal_value=0.000120489 -0.005528 -0.00968723 -0.00046251 0.000163963 0.00864467 -0.0174616 0.000121201 0.000152266 0.00876317 9.32663e-05 -0.00825581 0.000124352 8.15061e-05
internal_weight=35065.6 248.555 187.133 95.2746 34817.1 154.493 91.8588 34662.6 34554.1 215.067 34339 108.505 34293.2 34013.7
internal_count=157887 1189 921 501 156698 719 420 155979 155461 982 154479 518 154268 153010
is_linear=0
shrinkage=0.05


Tree=218
num_leaves=15
num_cat=0
split_feature=3 1 3 8 8 5 3 5 4 5 6 5 1 9
split_gain=6.85257 19.1894 9.76441 12.0673 9.6689 9.322 13.3722 9.48432 11.398 9.6592 9.22734 11.0049 9.75566 8.77215
threshold=1919.5000000000002 19.500000000000004 1909.5000000000002 169.19034879131502 481.15719911614923 -1.0679999999999998 1840.5000000000002 -0.13314999999999996 51.268150000000013 0.61280000000000012 42.130100000000006 -2.2311499999999995 22.500000000000004 51.501100000000001
decision_type=2 2 2 10 10 8 2 8 10 8 8 10 2 10
left_child=2 -2 5 -4 -5 6 10 8 -7 13 -1 -12 -13 -9
right_child=1 -3 3 4 -6 7 -8 9 -10 -11 11 12 -14 -15
leaf_value=0.014027923126762588 -0.013130429059676686 0.0022248232065508757 -0.0019056116604989686 -0.021862202914314066 -0.0039662049392081861 0.010129636067621937 0.0071234959093759292 0.02081807331996334 -0.01204974770667357 -0.00027669969384189544 -0.0079043033914487099 -0.0055931089921291456 0.019272979563937448 0.0033967035736039565
leaf_weight=58.958455260843039 192.05440101772547 5141.7522159675136 2620.6848422959447 124.34903073403984 181.70057384669781 54.931175172328949 1009.4876178707927 72.238274300470948 294.75822293199599 24239.451821172144 438.02022237144411 61.297672979533672 63.786275029182434 388.62117786053568
leaf_count=259 830 25314 11785 557 829 249 4638 332 1351 106968 1957 261 301 1773
internal_value=-2.13217e-05 0.00162494 -0.000318786 -0.00305012 -0.0121324 -1.71218e-05 0.00362141 -0.000256806 -0.00820616 -0.000137716 -0.00210665 -0.00421919 0.00799609 0.00687974
internal_weight=34942.1 5333.81 29608.3 2926.73 306.05 26681.6 1631.55 25050 349.689 24700.3 622.063 563.104 125.084 460.859
internal_count=157404 26144 131260 13171 1386 118089 7416 110673 1600 109073 2778 2519 562 2105
is_linear=0
shrinkage=0.05


Tree=219
num_leaves=15
num_cat=0
split_feature=3 1 4 2 4 10 3 1 1 2 2 5 6 2
split_gain=5.3283 9.16523 7.62183 5.31241 4.49803 5.56772 4.37045 9.13066 6.8448 8.14641 6.80426 8.71996 6.47495 6.18886
threshold=1964.5000000000002 33.500000000000007 35.221550000000008 2.5000000000000004 49.768800000000006 40.750200000000007 1943.5000000000002 24.500000000000004 27.500000000000004 11.500000000000002 1.5000000000000002 2.8864000000000005 51.315950000000008 4.5000000000000009
decision_type=2 2 10 10 10 8 2 2 2 10 10 8 10 10
left_child=6 2 -2 -3 5 -5 -1 10 12 13 -8 -12 -9 -10
right_child=1 3 -4 4 -6 -7 7 8 9 -11 11 -13 -14 -15
leaf_value=-1.4512897488825461e-05 0.0054128354539087278 -0.0094421736703864528 -0.016105951613262694 0.010062612550944903 0.018679067607204374 -0.012979807250002744 0.0084617601816227 0.017733453793091492 0.00094025885249078556 -0.0093036451543347942 -0.012218361479971717 0.0016444804451105337 0.0010765350738264463 0.012203784446110701
leaf_weight=33228.358885852154 41.411958914250135 38.022845799103379 176.69399260729551 39.769359136931598 41.660183431580663 26.698443396016955 98.718374028801918 169.116938425228 310.54363864753395 95.326957368291914 197.63888421095908 228.26995383948088 88.299989387392998 184.84419744554907
leaf_count=148409 199 300 827 303 297 208 414 731 1987 688 864 966 372 899
internal_value=3.55228e-05 -0.00581991 -0.0119087 0.00360631 0.00895241 -5.43658e-05 0.000100491 0.00284446 0.00599908 0.00284537 -0.00228844 -0.00504793 0.0125093 0.00545351
internal_weight=34965.4 364.257 218.106 146.151 108.128 66.4678 34601.1 1372.76 848.132 590.715 524.627 425.909 257.417 495.388
internal_count=157464 2134 1026 1108 808 511 155330 6921 4677 3574 2244 1830 1103 2886
is_linear=0
shrinkage=0.05


Tree=220
num_leaves=15
num_cat=0
split_feature=2 11 0 3 3 1 0 4 6 11 3 1 3 9
split_gain=4.03926 6.4139 3.71083 4.3459 3.48633 3.14458 3.31838 2.97927 8.89709 8.18109 5.91882 4.69071 10.0748 4.47608
threshold=32.500000000000007 0.99180000000000013 62.500000000000007 1977.5000000000002 1815.5000000000002 8.5000000000000018 16.500000000000004 31.732150000000004 10.669450000000003 100.52000000000002 1869.5000000000002 24.500000000000004 1913.5000000000002 48.520150000000008
decision_type=10 10 2 2 2 2 2 8 10 10 2 2 2 8
left_child=2 -2 5 4 -4 -1 -7 8 10 13 -8 12 -12 -10
right_child=1 -3 3 -5 -6 6 7 -9 9 -11 11 -13 -14 -15
leaf_value=0.010542558371289474 0.019709554635645089 -0.0074082504677092965 0.006430502823356595 0.010310583422813352 -0.020995716567191545 -0.0077124542838616778 -0.0093100869428905525 2.3135208402502721e-05 -0.019443938747307533 0.004517076785491579 0.012429353442906617 0.012201971799147126 -0.013921618378642876 -0.0010086093811526599
leaf_weight=49.988367453217506 41.259190414100885 20.747938962653279 4.7387630362063637 4.7003746191039673 37.388681015465409 121.3299854695797 65.020076433196664 34203.834430928342 133.86285800486803 59.415862031280994 49.481283873319626 116.67111189477146 56.160507708787918 44.782492697238922
leaf_count=233 654 456 333 168 2740 512 280 150217 604 255 215 537 246 193
internal_value=-4.18185e-05 0.011042 -6.77888e-05 -0.0118388 -0.0168337 -4.52238e-05 -6.64485e-05 -3.53129e-05 -0.00370167 -0.0104561 0.00221077 0.00607061 -0.00156532 -0.0153894
internal_weight=35009.4 62.0071 34947.4 46.8278 42.1274 34900.5 34850.6 34729.2 525.394 238.061 287.333 222.313 105.642 178.645
internal_count=157643 1110 156533 3241 3073 153292 153059 152547 2330 1052 1278 998 461 797
is_linear=0
shrinkage=0.05


Tree=221
num_leaves=15
num_cat=0
split_feature=10 1 9 2 14 8 8 9 10 8 10 8 9 10
split_gain=3.14851 7.846 4.04996 7.72416 4.76134 6.123 3.41321 3.34446 7.57015 9.99339 6.62212 13.5868 6.45177 13.163
threshold=60.174250000000008 22.500000000000004 59.914200000000008 1.5000000000000002 1.0000000180025095e-35 1619.9266589530066 398.71583040340983 58.752500000000005 56.044350000000009 146.86351502830755 59.310150000000007 1.2444184804404863 57.700400000000009 58.010850000000012
decision_type=10 2 10 8 2 8 10 10 10 10 10 10 10 10
left_child=2 -2 7 -4 -5 6 -6 12 -9 10 -10 -12 -1 -14
right_child=1 -3 3 4 5 -7 -8 8 9 -11 11 -13 13 -15
leaf_value=-0.00019328409753685679 -0.017902434305821436 0.0016220089296144716 -0.0098784974161024563 0.013966545506804325 0.0035139044739880411 0.014491669979022624 -0.010922706321832839 -0.014243964588360492 -0.015177481273765697 0.0098743607586879948 -0.0064522001579277082 0.018828931410828097 0.017948383535099019 -0.0036586935946851828
leaf_weight=33587.47617157409 65.889903776347637 120.96597607713193 56.55442002043128 146.6161200562492 67.781376462429762 45.4678840264678 61.353775206953287 116.3020350523293 96.042176898568869 134.29952407069504 214.71805269923061 48.730158174410462 124.02695241849869 127.0483791269362
leaf_count=151057 293 572 241 668 306 205 286 523 447 607 1024 224 582 650
internal_value=-0.000177482 -0.00632803 -0.000140869 0.00487564 0.00790003 0.00189407 -0.00389008 -0.000198678 -0.00380807 -0.00089132 -0.00522164 -0.000777329 -0.000131392 0.00755158
internal_weight=35013.3 186.856 34826.4 377.774 321.219 174.603 129.135 34448.6 610.092 493.79 359.49 263.448 33838.6 251.075
internal_count=157685 865 156820 1706 1465 797 592 155114 2825 2302 1695 1248 152289 1232
is_linear=0
shrinkage=0.05


Tree=222
num_leaves=15
num_cat=0
split_feature=2 0 3 9 2 0 1 8 0 4 4 8 1 10
split_gain=3.78438 9.40497 7.83752 20.4561 12.1856 11.7766 8.85042 7.67587 8.03493 7.9826 11.1288 7.07639 6.93304 6.23723
threshold=3.5000000000000004 25.500000000000004 1784.5000000000002 55.822700000000005 4.5000000000000009 26.500000000000004 20.500000000000004 291.7342227763919 31.500000000000004 51.499600000000008 52.943450000000006 172.07421783489693 20.500000000000004 50.847850000000001
decision_type=10 2 2 8 10 2 2 8 2 8 10 8 2 10
left_child=-1 13 3 7 -5 -6 -7 11 -9 -10 -11 12 -3 -2
right_child=1 2 -4 4 5 6 -8 8 9 10 -12 -13 -14 -15
leaf_value=-0.00046749778678083882 0.0058313027938726586 0.0052740321714595606 0.00065679042779270109 0.015579182678750079 -0.01791057017819617 0.0056150305736199875 -0.003100796997035889 -0.021348729510933862 -0.016700884857039619 0.010287064084423727 -0.015569401543011655 0.014078796820065348 -0.015881011989422881 -0.0022032151653900343
leaf_weight=20214.969781607855 1225.2918983846903 56.270267598330975 11329.751627040561 104.05431403033435 73.62257207930088 477.219512604177 683.57383486814797 183.75513149797916 93.449442455545068 94.666054084897041 45.388847531750798 36.701160348951817 66.564883565530181 288.40272015333176
leaf_count=89761 5086 279 51888 455 306 2174 3504 801 607 562 274 201 382 1230
internal_value=-2.32732e-05 0.000584989 0.000155536 -0.00278577 0.000637551 -0.000850253 0.000516825 -0.0104848 -0.0139119 -0.00683694 0.0010091 -0.000970288 -0.00680845 0.00429173
internal_weight=34973.7 14758.7 13245 1915.27 1338.47 1234.42 1160.79 576.796 417.259 233.504 140.055 159.536 122.835 1513.69
internal_count=157510 67749 61433 9545 6439 5984 5678 3106 2244 1443 836 862 661 6316
is_linear=0
shrinkage=0.05


Tree=223
num_leaves=15
num_cat=0
split_feature=3 4 9 8 9 12 1 3 2 2 4 3 3 8
split_gain=3.41799 6.78847 12.115 10.5848 12.5461 10.1398 15.4645 10.1107 7.62761 7.30561 6.98604 9.86619 6.96443 6.03726
threshold=1943.5000000000002 52.081550000000007 47.498750000000008 162.7258628114817 40.417450000000009 2.7003000000000008 23.500000000000004 1956.5000000000002 4.5000000000000009 2.5000000000000004 38.046950000000002 1946.5000000000002 1958.5000000000002 5294.6998933665645
decision_type=2 10 10 10 10 10 2 2 10 10 10 2 2 10
left_child=13 2 3 10 9 6 -4 -6 12 -5 11 -2 -3 -1
right_child=1 8 5 4 7 -7 -8 -9 -10 -11 -12 -13 -14 -15
leaf_value=-1.1502181025411208e-05 0.015962939527851362 0.0097757507341527713 -0.013591922812425834 0.019333308149492894 -0.0011320149924821088 0.017317956635519407 0.0093142032552473008 -0.01846147493623709 -0.0099206467002065507 -0.00098594077594411542 0.014817478318014478 -0.0085832311661328143 -0.0084106184320901084 -0.0063932941892497572
leaf_weight=32875.576227048412 41.297848475165665 127.19406643975526 79.700793325901031 46.191331242211163 165.39801038615406 216.79876975063235 269.51007850980386 157.4728990746662 198.60682237613946 127.97616136353463 131.350510654971 103.31207450013608 63.593814303167164 354.81662250868976
leaf_count=146821 288 548 340 198 751 1018 1374 861 1041 641 612 1048 309 1592
internal_value=2.98747e-05 0.00218466 0.00386497 -0.00023931 -0.00454992 0.00928705 0.00363324 -0.0101679 -0.00349996 0.0058393 0.00730743 -0.000485525 0.00349098 -8.34482e-05
internal_weight=34958.8 1728.4 1339.01 772.999 497.038 566.01 349.211 322.871 389.395 174.167 275.96 144.61 190.788 33230.4
internal_count=157442 9029 7131 4399 2451 2732 1714 1612 1898 839 1948 1336 857 148413
is_linear=0
shrinkage=0.05


Tree=224
num_leaves=15
num_cat=0
split_feature=3 5 1 10 3 6 11 3 12 11 5 12 11 1
split_gain=3.90371 17.9159 16.9009 11.5946 7.6184 8.81838 9.43704 11.1828 17.1837 8.96139 8.32782 7.67402 13.3219 10.1813
threshold=1918.5000000000002 79.02500000000002 19.500000000000004 38.25735000000001 1938.5000000000002 57.397700000000007 13.647 1950.5000000000002 2.3372500000000005 13.7399 11.254800000000001 11.940900000000001 7.9822000000000015 35.500000000000007
decision_type=2 8 2 10 2 10 10 2 8 10 10 10 10 2
left_child=-1 2 -2 -4 11 6 7 8 -6 -7 -10 12 13 -5
right_child=1 -3 3 4 5 9 -8 -9 10 -11 -12 -13 -14 -15
leaf_value=-0.0003981545258050184 -0.015672235040497501 0.0043686187192027151 -0.0068615683431842676 -0.0073152713699995448 0.015082864718454223 0.010495782035082071 0.011689201790364796 -0.0029340857429012465 -0.015723912275302971 -0.012040223407273504 0.0076926515707514027 -0.0077385640866112831 0.0087774220384240279 0.010443695962495459
leaf_weight=29350.137646845542 173.53678740561008 2335.8893748577684 555.45344499219209 419.64633972384036 262.70798591896892 43.339708650484681 350.66540198773146 483.44184812018648 72.703099363483489 141.74936615116894 48.404198966920376 369.15004341024905 301.93531612493098 80.448403014801443
leaf_count=130056 755 12037 2686 1836 1196 207 1657 2380 344 668 230 1664 1330 551
internal_value=-0.00016655 0.00103605 -0.00133273 -0.000443145 0.00098403 0.0034473 0.00499889 0.00209123 0.00825278 -0.00625435 -0.00660097 -0.00197517 0.000801288 -0.0041667
internal_weight=34989.2 5639.07 3303.18 3129.65 2574.19 1403.01 1217.92 867.257 383.815 185.089 121.107 1171.18 802.03 500.095
internal_count=157597 27541 15504 14749 12063 6682 5807 4150 1770 875 574 5381 3717 2387
is_linear=0
shrinkage=0.05


Tree=225
num_leaves=15
num_cat=0
split_feature=12 12 6 0 0 4 12 12 3 12 12 5 3 6
split_gain=3.22454 6.1585 5.49187 9.38597 4.6793 2.61931 3.83559 2.59288 2.75102 9.33787 5.58906 10.6972 10.6806 11.8182
threshold=106.98350000000001 72.922100000000015 35.213450000000009 33.500000000000007 33.500000000000007 62.287800000000011 15.4427 -122.32154999999999 1903.5000000000002 -87.629199999999983 11.940900000000001 10.960050000000001 1927.5000000000002 59.410650000000011
decision_type=10 10 8 2 2 10 8 8 2 8 10 10 2 8
left_child=1 5 3 -2 -3 7 -7 -1 9 -9 11 -10 13 -12
right_child=2 4 -4 -5 -6 6 -8 8 10 -11 12 -13 -14 -15
leaf_value=0.0078046705773624761 0.012651890156110211 0.0021620039934315059 -0.012980890750731652 -0.012656835999255303 0.019499632989185788 0.0017523730334858458 -0.015831690024071653 0.014947344081901065 -0.0006318605603769775 0.00023619554170574566 -0.013236736250001439 0.0074332383252030719 0.0004278953996720682 0.0019955231060936503
leaf_weight=87.291118374094367 65.282689571380615 100.53978608548641 105.4439592435956 44.558052744716406 50.13436970859766 53.860439196228981 43.260799061506987 88.352515291422606 8066.1010974175297 24556.535120969173 399.74264126736671 413.18237067200243 699.77573039848357 175.99607244739309
leaf_count=414 287 431 479 214 238 244 201 388 38282 108595 1758 1879 3252 797
internal_value=2.58845e-05 6.53628e-05 -0.00580781 0.00201698 0.00953983 1.85951e-05 -0.00744608 4.39205e-05 1.97036e-05 0.000301013 -0.000690169 -0.000222294 -0.00374903 -0.00866975
internal_weight=34950.1 34734.8 215.285 109.841 150.674 34584.1 97.1212 34487 34399.7 24644.9 9754.8 8479.28 1275.51 575.739
internal_count=157459 156479 980 501 669 155810 445 155365 154951 108983 45968 40161 5807 2555
is_linear=0
shrinkage=0.05


Tree=226
num_leaves=15
num_cat=0
split_feature=8 3 1 12 12 8 8 12 3 11 11 1 8 7
split_gain=3.67439 3.467 12.7626 8.96113 8.20317 7.79498 11.9276 7.12059 6.65938 6.51998 11.2831 6.42062 5.33043 5.77209
threshold=15167.747100195398 1918.5000000000002 19.500000000000004 9.1850000000000005 25.122250000000005 7309.2843389753971 5294.6998933665645 22.557750000000002 1942.5000000000002 100.52000000000002 144.31555000000003 28.500000000000004 1579.3542042570468 26.070300000000003
decision_type=10 2 2 8 8 10 10 10 2 10 10 2 10 10
left_child=1 5 3 8 7 6 9 -4 -3 12 -11 -6 13 -1
right_child=-2 2 4 -5 11 -7 -8 -9 -10 10 -12 -13 -14 -15
leaf_value=-5.4921608909432694e-05 -0.011561287982251169 -0.02675052001250532 0.00050103548154274951 0.0024219722934373578 0.0075631412144279821 0.013511235804983052 -0.017063307162925197 -0.012407189317002021 -0.002691854740160194 -0.022270681766358408 0.0049176193695022316 0.0019667228460955445 0.0086520726643890596 -0.0081984019848935046
leaf_weight=28685.695738292765 47.801023319363594 67.737367108464241 3117.7886199420318 76.014176871627569 791.8552607037127 84.374443545937538 84.20652724057436 90.603609311394393 50.119255542755127 66.517832465469837 57.547883269377053 1446.8531222729944 154.35571083426476 199.26311182044446
leaf_count=127038 232 292 14764 329 3554 365 389 422 223 300 262 7947 698 923
internal_value=6.73178e-05 8.98105e-05 0.00122271 -0.0107692 0.00168735 -0.000128747 -0.000177302 6.19081e-05 -0.0183943 -0.000116885 -0.0107275 0.00399568 -6.42008e-05 -0.000116733
internal_weight=35020.7 34972.9 5640.97 193.871 5447.1 29332 29247.6 3208.39 117.857 29163.4 124.066 2238.71 29039.3 28885
internal_count=157738 157506 27531 844 26687 129975 129610 15186 515 129221 562 11501 128659 127961
is_linear=0
shrinkage=0.05


Tree=227
num_leaves=15
num_cat=0
split_feature=1 3 2 12 10 4 3 10 12 4 10 3 3 3
split_gain=2.53389 9.41378 8.79721 10.879 6.90023 6.66651 5.81953 5.71144 4.80177 6.46738 5.18726 13.2158 4.21932 3.97323
threshold=38.500000000000007 1954.5000000000002 12.500000000000002 -2.4788499999999996 51.498850000000012 51.627550000000006 1926.5000000000002 36.137900000000009 14.207400000000002 43.852350000000008 57.704550000000005 1882.5000000000002 1883.5000000000002 1851.5000000000002
decision_type=2 2 8 8 8 10 2 8 10 8 8 2 2 2
left_child=-1 2 8 -4 6 7 12 -3 9 -2 -11 -12 -5 -6
right_child=1 5 3 4 13 -7 -8 -9 -10 10 11 -13 -14 -15
leaf_value=0.00017617947587891055 0.0060393368495815312 -0.0033046187394307862 0.014085629159714189 0.0099755479919385742 0.0015022049892528138 -0.0067003597783185324 0.024946033055695042 0.020472611576685444 0.0049933168409856217 -0.017104160261724118 -0.018162102844370434 0.0036842191421506409 -0.0096166837365931658 -0.0033875312900786651
leaf_weight=32017.795429622754 49.823547389823943 26.40267478954047 99.261778272688389 40.810247166547924 556.8582546999678 33.252365360967815 23.596695777960122 88.351430220529437 55.001312535256147 187.306924556382 99.652054851874709 151.5450452119112 30.391428105533123 1511.0215181121603
leaf_count=137738 318 225 761 324 3549 293 235 962 374 1389 734 963 268 9397
internal_value=4.66227e-05 -0.0013497 -0.00202498 -0.00062682 -0.00142497 0.0101668 0.0105366 0.0153234 -0.00761676 -0.00917764 -0.0110946 -0.00568267 0.00133788 -0.002069
internal_weight=34971.1 2953.28 2805.27 2261.94 2162.68 148.006 94.7984 114.754 543.329 488.328 438.504 251.197 71.2017 2067.88
internal_count=157530 19792 18312 14534 13773 1480 827 1187 3778 3404 3086 1697 592 12946
is_linear=0
shrinkage=0.05


Tree=228
num_leaves=15
num_cat=0
split_feature=12 0 2 2 12 3 3 3 11 3 14 3 9 9
split_gain=4.63863 7.56734 11.5641 8.32754 7.81032 7.76619 7.45974 6.67993 6.65189 15.0038 11.3778 9.66253 9.20242 9.60578
threshold=19.038100000000004 23.500000000000004 1.5000000000000002 3.5000000000000004 20.028050000000004 1953.5000000000002 1930.5000000000002 1941.5000000000002 16.375650000000004 1904.5000000000002 1.0000000180025095e-35 1852.5000000000002 59.024100000000011 53.862350000000006
decision_type=10 2 10 10 10 2 2 2 10 2 2 2 10 8
left_child=8 2 -2 4 -3 -6 -5 -8 -1 11 -11 -10 13 -12
right_child=1 3 -4 6 5 -7 7 -9 9 10 12 -13 -14 -15
leaf_value=0.00015603654626115466 -0.024958770510839445 -0.012185295042360125 0.0014331848605145718 -0.0075019302537710879 0.0097059570793913003 -0.0086604701594196181 0.015377997429320389 -0.0021693496949527591 0.0021871131294098605 0.0061013836532355752 -0.0050760587698604606 0.013977008694986715 -0.016219974867532457 0.016690802672573817
leaf_weight=32184.567064085044 68.959408164024353 44.378304431214929 73.964866265654564 533.40137845650315 318.81585759948939 53.127475957386196 56.270625058561563 174.37196461297572 324.86504398938268 284.32500515319407 258.92025223793462 376.53765229135752 136.58278836496174 42.024545410647988
leaf_count=144707 297 193 316 2497 1439 240 266 826 1577 1288 1194 1666 614 197
internal_value=0.000190064 -0.00269134 -0.0128013 -0.00127428 0.00428754 0.00677448 -0.00433694 0.00299721 0.000305051 0.00362592 -0.00143363 0.00872837 -0.00638288 -0.0011858
internal_weight=34931.1 1323.29 142.924 1180.37 416.322 371.943 764.044 230.643 33607.8 1423.26 721.853 701.403 437.528 300.945
internal_count=157317 6074 613 5461 1872 1679 3589 1092 151243 6536 3293 3243 2005 1391
is_linear=0
shrinkage=0.05


Tree=229
num_leaves=15
num_cat=0
split_feature=2 12 8 4 9 10 12 5 8 10 8 7 14 2
split_gain=3.78249 10.913 3.60682 3.45057 3.63065 3.7291 8.23643 5.62113 5.40413 6.41247 4.28233 4.04207 3.77558 3.37562
threshold=32.500000000000007 -0.46264999999999995 15167.747100195398 -18.961799999999997 -1.0000000180025095e-35 13.750050000000002 -3.7133499999999997 30.324300000000004 1857.0750069038975 35.193050000000007 238.85055348743285 37.642050000000005 1.0000000180025095e-35 26.500000000000004
decision_type=10 10 10 8 8 8 10 10 10 10 10 8 2 10
left_child=2 -2 3 -1 -5 6 -6 13 9 10 -9 -11 -8 -7
right_child=1 -3 -4 4 5 7 12 8 -10 11 -12 -13 -14 -15
leaf_value=0.0066862437197035759 0.022175222349873788 -0.011770773257268571 -0.011732868219747297 -0.0098619297547181614 -0.0060712390539952518 -5.8462015795016184e-05 0.0027710096350770956 0.0050164351460680462 0.0048649271135928537 -0.0036730590048625385 -0.010429915767089007 -0.019327885057698918 0.022464783956539683 -0.0067047399462699265
leaf_weight=165.08331480622292 42.306841911748052 22.329050933010876 47.027547895908356 76.147516438737512 61.941249894909561 33860.043086845893 47.047171417623758 104.90312633570284 83.017258853651583 75.478854889050126 50.094603708013892 115.41381735354662 50.209855634719133 172.13291352242231
leaf_count=768 669 470 223 353 291 150862 210 457 367 346 221 531 218 1602
internal_value=-0.00011969 0.0104379 -0.000145204 -0.000122854 -0.000159085 -0.000132061 0.0070623 -0.000169374 -0.00572791 -0.00839725 -0.000597221 -0.0140733 0.0150357 -9.59967e-05
internal_weight=34973.2 64.6359 34908.5 34861.5 34696.4 34620.3 159.198 34461.1 428.908 345.89 154.998 190.893 97.257 34032.2
internal_count=157588 1139 156449 156226 155458 155105 719 154386 1922 1555 678 877 428 152464
is_linear=0
shrinkage=0.05


Tree=230
num_leaves=15
num_cat=0
split_feature=1 3 2 3 3 1 11 14 0 3 3 3 3 0
split_gain=4.19138 10.2826 12.1571 9.19559 8.09447 7.43817 4.97794 4.88663 5.48405 6.76327 5.15374 7.44122 5.45589 4.82728
threshold=36.500000000000007 1957.5000000000002 45.500000000000007 1975.5000000000002 1864.5000000000002 43.500000000000007 -4.2509999999999986 1.0000000180025095e-35 50.500000000000007 1778.5000000000002 1846.5000000000002 1824.5000000000002 1776.5000000000002 37.500000000000007
decision_type=2 2 8 2 2 2 8 2 2 2 2 2 2 2
left_child=3 2 -2 -1 7 -3 -6 8 13 -10 11 12 -9 -4
right_child=1 5 4 -5 6 -7 -8 10 9 -11 -12 -13 -14 -15
leaf_value=0.00054212957542834389 -0.0067560934345140752 0.018117194289195931 0.0085661464133043371 -0.016837618786208302 0.012339180944185499 -0.002274544805812807 -0.0025278521349284349 0.00016837589635888318 -0.0082222488050025869 0.021404713512951336 0.020261447171343643 -0.0095016057183309639 0.01717767954852149 -0.0022025862661652533
leaf_weight=31005.543084355071 905.97648320812732 95.308131963014603 106.58723716437817 56.312196541577578 38.468910310417414 66.473515128251165 1853.0409481315874 87.238105062395334 15.124215640127657 43.712547162547708 55.593489557504654 53.388388542458415 83.614392509683967 565.42998363077641
leaf_count=133178 6750 474 447 290 233 952 10263 581 266 691 289 273 423 2690
internal_value=0.000304125 -0.00122178 -0.00176774 0.000499808 -0.000174944 0.0104101 -0.00209955 0.00339782 0.00115849 0.0136351 0.00877897 0.00450622 0.00942042 -0.000296373
internal_weight=35031.8 3969.96 3808.17 31061.9 2902.2 161.782 1891.51 1010.69 730.854 58.8368 279.834 224.241 170.852 672.017
internal_count=157800 24332 22906 133468 16156 1426 10496 5660 4094 957 1566 1277 1004 3137
is_linear=0
shrinkage=0.05


Tree=231
num_leaves=15
num_cat=0
split_feature=3 1 2 3 3 10 9 11 4 7 4 3 3 2
split_gain=3.62481 3.3636 8.25478 8.92498 17.6547 10.1353 9.77618 9.46322 9.06567 16.7254 19.2449 10.6707 8.65393 10.0116
threshold=1982.5000000000002 26.500000000000004 19.500000000000004 1899.5000000000002 1813.5000000000002 50.210550000000005 39.962500000000013 2.0924 50.294850000000004 12.569000000000001 50.941050000000011 1886.5000000000002 1797.5000000000002 3.5000000000000004
decision_type=2 2 8 2 2 10 8 8 10 10 10 2 2 10
left_child=1 2 3 4 5 6 -1 -8 11 10 -10 -6 13 -7
right_child=-2 -3 -4 -5 8 12 7 -9 9 -11 -12 -13 -14 -15
leaf_value=-0.01778962555406375 -0.011772108104617762 -0.00069653237343084086 -0.0014223170604018417 -0.001191177327536418 0.0011983784098513793 0.005957579576212302 0.015703688104069878 0.00038116870725482554 0.022354469943110061 0.017623649914189222 0.0017431457324477457 0.0071679774682319956 -0.014754589294487593 -0.0061601896837282033
leaf_weight=51.448790669441223 47.15472187846899 15386.084829166066 5151.5123943127692 3735.7232002913952 4357.5631763786077 214.89566694200039 84.556529566645622 2817.3993392586708 107.44345189630985 264.64033484458923 1059.558051392436 887.06363897025585 176.30804666876793 617.09898035228252
leaf_count=222 391 73766 22984 15960 17938 911 352 11674 447 1110 4504 3819 722 2762
internal_value=-0.000166531 -0.000144124 0.000291448 0.000906781 0.00164437 -0.000996879 0.000488465 0.000932064 0.00320999 0.00671458 0.00398547 0.00223146 -0.00527246 -0.00296392
internal_weight=34958.5 34911.3 19525.2 14373.7 10638 3961.71 2953.4 2901.96 6676.27 1431.64 1167 5244.63 1008.3 831.995
internal_count=157562 157171 83405 60421 44461 16643 12248 12026 27818 6061 4951 21757 4395 3673
is_linear=0
shrinkage=0.05


Tree=232
num_leaves=15
num_cat=0
split_feature=0 1 3 2 4 11 3 3 1 0 3 2 9 7
split_gain=5.35444 3.83452 10.5969 10.5943 17.1678 15.2944 12.9122 9.53311 10.8621 7.51058 8.08136 7.44795 14.4702 8.43888
threshold=13.500000000000002 27.500000000000004 1957.5000000000002 2.5000000000000004 48.208450000000006 -6.2601499999999985 1957.5000000000002 1945.5000000000002 24.500000000000004 29.500000000000004 1928.5000000000002 6.5000000000000009 53.143950000000011 2.7948500000000007
decision_type=2 2 2 8 10 10 2 2 2 2 2 10 10 10
left_child=-1 2 7 4 5 -3 11 -2 -9 -6 -11 12 -5 -13
right_child=1 3 -4 6 9 -7 -8 8 -10 10 -12 13 -14 -15
leaf_value=0.014286052765940822 0.00041668599765694238 -0.0041077698366483988 -0.0087930958664124495 -0.00024485954174211189 0.0037228564875164713 0.0089829367661443515 0.0097641461140920791 0.0016960173679482907 0.016530989540495433 -0.019822536711749526 -0.0044360357160073095 -0.0013503345151333768 0.0084418280613320334 -0.0091485166952823913
leaf_weight=46.081815883517265 20598.708002202213 972.15599215961993 285.33457763772458 9106.4622045191936 55.479307428002357 268.12717414367944 303.62833480956033 345.92633100599051 176.50537057965994 253.42150261206552 144.69615694042295 1509.8174702567048 486.00161743396893 434.15406593633816
leaf_count=219 87964 4270 1278 42356 236 1195 2020 1474 764 1151 655 8918 2356 2766
internal_value=6.68215e-05 3.99062e-05 0.000456246 -0.000618314 -0.0042925 -0.00118015 -8.63208e-05 0.000589399 0.00713278 -0.0123935 -0.01471 -0.000362025 0.0002119 -0.00316736
internal_weight=34986.5 34940.4 21406.5 13533.9 1693.88 1240.28 11840.1 21121.1 522.432 453.597 398.118 11536.4 9592.46 1943.97
internal_count=157622 157403 91480 65923 7507 5465 58416 90202 2238 2042 1806 56396 44712 11684
is_linear=0
shrinkage=0.05


Tree=233
num_leaves=15
num_cat=0
split_feature=6 6 5 8 8 1 0 8 14 2 8 12 1 1
split_gain=4.00145 5.17803 3.41257 3.14534 3.25421 3.24608 3.62542 6.47744 9.86627 12.5316 10.2773 5.18475 5.10755 4.68375
threshold=60.568200000000004 60.181000000000004 8.4569500000000009 10139.780564788411 9169.1493065718914 9.5000000000000018 22.500000000000004 98.679948406904444 1.0000000180025095e-35 1.5000000000000002 61.895652723209295 4.3133500000000007 17.500000000000004 14.500000000000002
decision_type=10 10 10 10 10 2 2 10 2 10 8 10 2 2
left_child=1 3 -2 4 5 -1 7 8 10 -10 -7 13 -9 -12
right_child=2 -3 -4 -5 -6 6 -8 12 9 -11 11 -13 -14 -15
leaf_value=0.0096898554755677612 -0.0039799127601176654 -0.013432503646067141 0.010703911808797229 -0.0079289265967027456 0.010870096399039304 0.01492953788658289 -6.6119078901134997e-05 0.0022205030109194055 -5.271323808419582e-05 0.014831851135932696 -0.015284083247270722 -0.014589052614872616 -0.013557219199752871 -0.0025163179073869947
leaf_weight=62.838554516434669 42.039278253912926 54.147789508104324 128.14301539584994 111.31099639646709 46.560915097594261 56.871052831411362 31678.427371019498 62.904633909463882 560.67158389091492 169.03859676420689 56.27560830116272 86.457352034747601 173.50505618751049 1677.5516915172338
leaf_count=292 184 242 581 542 218 240 143663 268 2317 696 238 369 725 6956
internal_value=-0.000193701 -0.000233101 0.00703956 -0.000204812 -0.000175423 -0.000196568 -0.000220164 -0.00192401 -0.00116856 0.00369901 -0.00307979 -0.00379859 -0.00951329 -0.0031003
internal_weight=34966.7 34796.6 170.182 34742.4 34631.1 34584.5 34521.7 2843.28 2606.87 729.71 1877.16 1820.28 236.41 1733.83
internal_count=157531 156766 765 156524 155982 155764 155472 11809 10816 3013 7803 7563 993 7194
is_linear=0
shrinkage=0.05


Tree=234
num_leaves=15
num_cat=0
split_feature=5 12 8 14 5 5 12 5 0 1 10 0 12 1
split_gain=5.15919 5.50141 4.20829 11.9537 11.3384 8.28981 8.95571 8.58611 9.98293 8.03632 7.48142 15.3434 6.47872 5.93386
threshold=0.12345000000000002 -0.12744999999999998 1406.2337030154206 1.0000000180025095e-35 -0.17609999999999998 -3.1895999999999995 -4.9078999999999988 -1.4969499999999998 35.500000000000007 27.500000000000004 41.889150000000008 32.500000000000007 -0.14684999999999995 34.500000000000007
decision_type=8 10 8 2 10 10 10 10 2 2 10 2 10 2
left_child=1 2 3 -1 -5 6 10 -7 12 -10 -4 -12 -9 -11
right_child=-2 -3 5 4 -6 7 -8 8 9 13 11 -13 -14 -15
leaf_value=0.007928442419769163 -0.00011577597571721106 0.01184876527519608 -0.0039526468410529935 0.0011574165217862668 -0.018198303637956371 0.0083571800841950091 -0.011988843794339721 -0.0085975366451385461 0.018703267373115156 -0.010348993800768983 0.013508009251889639 -0.0061218000217878928 0.0020789981026487409 0.0078481775708232736
leaf_weight=737.61282063508406 30949.735224017408 111.82154078874737 648.00074226222932 651.24273688718677 65.346579562872648 451.29173541069031 196.31606617569923 298.58272659778595 84.477631572633982 55.791221588850021 200.83246372640133 165.04832558427006 244.93571604788303 89.624405626673251
leaf_count=3307 138926 518 3092 2959 293 2150 926 1304 390 290 885 844 1067 590
internal_value=0.00010305 0.00178797 0.00143955 0.00354798 -0.00105385 0.00016169 -0.00275043 0.00303727 -0.000199346 0.00812372 -0.000764297 0.00479469 -0.00388315 0.000459382
internal_weight=34950.7 4000.92 3889.1 1454.2 716.589 2434.9 1210.2 1224.7 773.412 229.893 1013.88 365.881 543.518 145.416
internal_count=157541 18615 18097 6559 3252 11538 5747 5791 3641 1270 4821 1729 2371 880
is_linear=0
shrinkage=0.05


Tree=235
num_leaves=15
num_cat=0
split_feature=3 14 4 3 1 9 9 3 3 3 2 2 3 9
split_gain=4.5875 8.72312 11.5888 9.38226 9.54066 9.01109 11.1101 9.11797 8.44927 8.50845 11.4515 7.79472 7.1719 6.72079
threshold=1844.5000000000002 1.0000000180025095e-35 47.378750000000004 1802.5000000000002 35.500000000000007 52.999750000000006 52.400650000000006 1839.5000000000002 1791.5000000000002 1760.5000000000002 21.500000000000004 12.500000000000002 1680.5000000000002 43.558050000000009
decision_type=2 2 10 2 2 10 10 2 2 2 8 8 2 10
left_child=1 5 3 8 13 6 7 -1 9 12 -11 -9 -3 -5
right_child=-2 2 -4 4 -6 -7 -8 11 -10 10 -12 -13 -14 -15
leaf_value=-0.00073865998483283357 0.00048367202853823074 0.00029588858568866864 -0.0047711278939201671 -0.0049206503267533713 0.011740862976537271 -0.0062056441255395238 0.012693768076535359 -0.00092770468052732937 0.014917831970690876 -0.0097266804368842316 0.005987928487650028 -0.012561640396935015 0.0092683367183765356 0.0087664543572786423
leaf_weight=7324.0000732596964 22891.004720399156 331.30383928399533 563.06626205565408 666.76006845757365 104.32491407543421 897.94496991857886 126.19620300643146 270.96653055818751 182.74102777708322 213.40729762800038 211.54341039434075 295.74277192633599 668.08201476745307 84.56694595143199
leaf_count=31940 104345 1524 2759 2739 543 4297 577 1129 786 900 937 1290 2990 365
internal_value=6.9351e-05 -0.00072441 0.00158814 0.00306881 -0.00114537 -0.00151111 -0.000971159 -0.00122124 0.00529905 0.00387549 -0.00198632 -0.00722023 0.00635807 -0.00319271
internal_weight=34831.7 11940.6 3025.8 2462.73 855.652 8914.85 8016.91 7890.71 1607.08 1424.34 424.951 566.709 999.386 751.327
internal_count=157121 52776 13543 10784 3647 39233 34936 34359 7137 6351 1837 2419 4514 3104
is_linear=0
shrinkage=0.05


Tree=236
num_leaves=15
num_cat=0
split_feature=5 3 2 10 3 1 3 6 0 1 9 3 2 1
split_gain=4.86469 12.0182 12.9151 10.3911 8.90896 8.36133 8.91036 6.85941 6.70658 5.49657 6.55668 5.88918 5.0988 8.26929
threshold=1.8368000000000002 1910.5000000000002 23.500000000000004 56.339150000000011 1893.5000000000002 28.500000000000004 1926.5000000000002 45.508700000000012 42.500000000000007 29.500000000000004 53.49410000000001 1890.5000000000002 1.5000000000000002 25.500000000000004
decision_type=8 2 8 10 2 2 2 10 2 2 10 2 10 2
left_child=1 3 5 4 9 -3 -7 8 -6 11 -11 12 13 -1
right_child=-2 2 -4 -5 7 6 -8 -9 -10 10 -12 -13 -14 -15
leaf_value=0.0034049948916682021 -2.559734412457775e-05 -0.005521382398321042 0.013026073581835197 -0.013153930891690441 0.015793652853103822 -0.0079513150716968104 0.0057695318564639627 -0.0020907223607134931 -0.0031150882221049696 -0.0059371096852692167 0.009431766072380417 -0.010033041855885853 0.0033500267449551313 0.02038458433795895
leaf_weight=185.98204612731934 30700.054377791937 988.98471821844578 120.62781001161784 67.440427795983851 328.86568740010262 143.89077589847147 411.27359814243391 81.449722407385707 47.311082696542144 284.51420848583803 70.749698835425079 51.849991422146559 1333.5087494067848 108.03770549595356
leaf_count=802 137770 4285 834 322 1459 707 2123 355 317 1528 384 236 5809 476
internal_value=0.000193743 0.00178034 -0.00151596 0.00391931 0.00448234 -0.00280401 0.00206045 0.0106528 0.0133783 0.00300431 -0.00253689 0.00419258 0.00476207 0.0105451
internal_weight=34924.5 4224.49 1664.78 2559.71 2492.27 1544.15 555.164 457.626 376.177 2034.64 355.264 1679.38 1627.53 294.02
internal_count=157407 19637 7949 11688 11366 7115 2830 2131 1776 9235 1912 7323 7087 1278
is_linear=0
shrinkage=0.05


Tree=237
num_leaves=15
num_cat=0
split_feature=1 10 10 0 11 5 4 9 6 1 4 9 1 6
split_gain=3.12781 3.01151 8.90982 6.99615 9.05317 7.37271 9.46534 7.06339 7.02678 5.59653 6.56297 8.25264 5.99713 6.78291
threshold=57.500000000000007 47.800550000000008 43.558050000000009 31.500000000000004 24.111950000000004 0.8922500000000001 46.816400000000009 47.560700000000004 48.207450000000009 15.500000000000002 42.798600000000008 47.497000000000007 24.500000000000004 40.228200000000008
decision_type=2 8 10 2 10 8 10 10 8 2 10 10 2 10
left_child=1 2 9 4 5 8 -7 -8 -4 -1 -11 -12 13 -13
right_child=-2 -3 3 -5 -6 6 7 -9 -10 10 11 12 -14 -15
leaf_value=-0.012492916515233495 -0.0093026655109836095 -0.00018008667636988527 0.0093543958880621687 0.00075888055524549582 -0.0093016223413441707 0.019629827752494097 -0.005944672616345039 0.010661810275903266 -0.013053637741765368 0.0013451339065751959 -0.011311491318185185 0.015885181989289048 -0.0050050888789887702 -0.0038602863684022506
leaf_weight=70.219884265214205 70.756328806746751 30648.637163432315 51.887483209371567 568.40666893869638 50.706362769007683 230.06921574473381 80.599858000874519 171.31625911593437 48.599790215492249 2319.0861447220668 236.11779023520648 80.647117748856544 194.9789089281112 65.306813007220626
leaf_count=320 3324 134943 221 2754 211 963 336 708 210 10527 1073 343 942 289
internal_value=-3.25202e-05 -8.35094e-06 0.00124932 0.00484321 0.00837422 0.0101707 0.0126509 0.00530217 -0.00185092 -0.000229142 0.000151848 -0.00452822 0.000536112 0.00764965
internal_weight=34887.3 34816.6 4167.94 1201.59 633.179 582.473 481.985 251.916 100.487 2966.36 2896.14 577.051 340.933 145.954
internal_count=157164 153840 18897 5403 2649 2438 2007 1044 431 13494 13174 2647 1574 632
is_linear=0
shrinkage=0.05


Tree=238
num_leaves=15
num_cat=0
split_feature=8 9 9 0 9 2 3 3 8 3 5 3 2 2
split_gain=5.9474 8.46249 14.5124 6.91673 6.82276 4.96409 4.75471 7.04729 15.0364 12.9304 14.9931 9.21972 5.82763 8.74579
threshold=474.79253421838706 58.752500000000005 55.920850000000009 55.500000000000007 60.997000000000007 11.500000000000002 1728.5000000000002 1843.5000000000002 732.10265924258363 1874.5000000000002 -0.063499999999999987 1887.5000000000002 2.5000000000000004 4.5000000000000009
decision_type=10 10 10 2 10 10 2 2 10 2 10 2 8 8
left_child=-1 2 3 6 -3 -5 -2 8 -8 10 -9 -11 -13 -14
right_child=1 4 -4 5 -6 -7 7 9 -10 11 -12 12 13 -15
leaf_value=0.00018218645077967155 -0.015603791656067886 -0.014373545406003906 0.014289292923489589 -0.0060636185366269267 0.0028324421863852325 0.021713963554707717 0.020948964407913516 0.0037356486559770746 -0.0055076258129755874 0.012443758662181408 -0.02624632772265393 0.0022670667169103959 -0.012060188392711214 -0.0020515316735644001
leaf_weight=32419.692483246326 50.286192707717419 211.02502365969121 120.96704098954797 13.134446336422114 68.986331317573786 30.28359364811331 77.078276678919792 57.172130599617958 106.02389084547758 86.304348029196262 99.510419726371765 409.14936918765306 274.08595189452171 891.77375072240829
leaf_count=145822 282 968 560 218 310 496 342 242 472 373 438 1722 1168 4024
internal_value=5.62424e-07 -0.00234139 -0.00126213 -0.00228681 -0.0102283 0.0140487 -0.00276486 -0.00229101 0.00659568 -0.00324808 -0.0161217 -0.0018566 -0.00278641 -0.00456822
internal_weight=34915.5 2495.78 2215.77 2094.8 280.011 43.418 2051.38 2001.1 183.102 1818 156.683 1661.31 1575.01 1165.86
internal_count=157437 11615 10337 9777 1278 714 9063 8781 814 7967 680 7287 6914 5192
is_linear=0
shrinkage=0.05


Tree=239
num_leaves=15
num_cat=0
split_feature=3 4 4 6 9 5 10 8 6 12 3 6 1 4
split_gain=4.07792 3.73257 7.52785 11.1243 4.73968 11.4528 7.28593 7.393 6.73575 10.5398 7.63429 8.93561 6.31157 5.8678
threshold=1982.5000000000002 48.771550000000012 48.467100000000009 49.860700000000008 49.999700000000011 16.375000000000004 48.778050000000007 3.6676073348438947 45.835000000000008 9.1850000000000005 1837.5000000000002 42.523000000000003 19.500000000000004 50.113650000000007
decision_type=2 8 10 8 8 10 10 8 8 10 2 10 2 8
left_child=1 2 -1 -4 5 6 8 -8 10 -10 -3 -12 -9 -6
right_child=-2 4 3 -5 13 -7 7 12 9 -11 11 -13 -14 -15
leaf_value=0.0012395797256055724 -0.012272189339674385 -0.016913065575419967 0.023541605995669956 -0.0050090429560271767 0.0068449768556169176 0.012945130629206944 0.0035636324332780668 0.0005438079807634791 0.013938044347383875 -0.0075355377415123204 0.004179977691438237 -0.012532451625499156 -0.014752279428774169 5.9245467910625996e-05
leaf_weight=3577.9357878281735 45.809145795181394 75.791550135239959 70.231873039156199 45.283169945701957 302.03566027712077 83.770143018104136 87.874210264533758 82.613179977983236 132.4545894167386 75.353498104959726 246.78137689176947 94.332457934506238 316.38861491624266 29757.36812077323
leaf_count=16318 381 353 307 218 1373 384 407 353 609 341 1115 434 1470 133625
internal_value=0.000163008 0.000186318 0.00168499 0.013262 8.25171e-06 -0.00305295 -0.00446606 -0.00892185 -0.000824359 0.00617353 -0.00443541 -0.000879849 -0.0117104 0.000131934
internal_weight=34994 34948.2 3693.45 115.515 31254.8 1195.36 1111.59 486.876 624.713 207.808 416.905 341.114 399.002 30059.4
internal_count=157688 157307 16843 525 140464 5466 5082 2230 2852 950 1902 1549 1823 134998
is_linear=0
shrinkage=0.05


Tree=240
num_leaves=15
num_cat=0
split_feature=2 7 8 2 8 8 4 4 2 5 1 12 5 10
split_gain=4.68819 7.9861 6.678 11.0358 9.56088 6.39423 5.66425 9.61249 5.59915 9.17401 8.31557 5.47302 5.40618 5.32465
threshold=9.5000000000000018 10.000550000000002 90.764226540305316 6.5000000000000009 52.826049558162822 115.00974168024858 48.353350000000006 49.529750000000007 12.500000000000002 18.9222 23.500000000000004 12.777450000000002 -92.244049999999987 36.137900000000009
decision_type=10 10 8 8 10 8 10 10 10 10 2 10 8 8
left_child=2 12 3 4 -1 -4 -3 -8 10 -10 -9 -12 -2 -14
right_child=1 6 5 -5 -6 -7 7 8 9 -11 11 -13 13 -15
leaf_value=-0.0015585481674936334 -0.011064483837631929 -0.0072873210721233275 -0.0097868928868789246 0.011151445370342267 0.010007831313783752 -0.00030327357094791997 0.016363988690857961 0.01212551774706647 -0.0016290967219721088 -0.02161834517890128 -0.01632422463232033 0.0045192025742050185 0.0106988588432953 0.0019411542452211839
leaf_weight=894.32627238845453 57.907209221273661 392.99327891506255 158.94609398767352 310.64392307586968 202.17428680509329 26973.252835805994 61.327609045431018 116.78217794001102 272.97594133764505 54.027941512875259 43.099001358263195 49.507577760145068 160.94024262949824 5190.5607480378821
leaf_count=3862 331 2011 692 1360 883 118897 297 491 1521 332 210 247 836 25486
internal_value=8.35973e-05 0.00130442 -0.000190902 0.00314307 0.000715146 -0.000365999 -0.00278396 0.000317017 -0.00203996 -0.00598739 0.00410932 -0.00635774 0.00206069 0.00224339
internal_weight=34939.5 6400.12 28539.3 1407.14 1096.5 27132.2 990.714 597.72 536.393 327.004 209.389 92.6066 5409.41 5351.5
internal_count=157456 31762 125694 6105 4745 119589 5109 3098 2801 1853 948 457 26653 26322
is_linear=0
shrinkage=0.05


Tree=241
num_leaves=15
num_cat=0
split_feature=0 1 11 1 3 2 10 4 6 4 3 6 9 0
split_gain=4.37426 3.87966 5.16008 4.0052 7.91138 8.97616 8.38073 6.83209 14.0533 12.188 12.7876 11.7742 11.2259 9.90492
threshold=13.500000000000002 14.500000000000002 100.52000000000002 26.500000000000004 1954.5000000000002 2.5000000000000004 60.392800000000001 51.627550000000006 51.937900000000006 55.53990000000001 1803.5000000000002 50.829300000000011 59.914200000000008 25.500000000000004
decision_type=2 2 8 2 2 10 10 10 8 10 2 10 10 2
left_child=-1 2 -2 4 6 -6 7 11 9 10 -9 -3 -10 -14
right_child=1 3 -4 -5 5 -7 -8 8 12 -11 -12 -13 13 -15
leaf_value=0.012709187191151348 0.0023863464774010906 0.00081012812504859671 -0.011531896803158056 -0.00049281147259188436 0.0057458287449844436 -0.011288054913957637 -0.013501579960680025 -0.0038768923350936488 0.00028660733822135959 -0.0035071160197479301 0.022093175310893397 -0.0044374492016398433 -0.0059159990383082558 0.017921726155518885
leaf_weight=48.505745977163315 102.90041736513376 15400.548859968781 142.63642754219472 15393.965311547276 93.241431683301926 255.41898427903652 82.968109171837568 52.478981137275696 1764.0173020530492 87.013263255357742 217.62842185050249 1128.7303060162812 47.280071809887886 152.86909084022045
leaf_count=229 461 65276 607 73984 400 1144 367 250 7821 377 921 4934 197 660
internal_value=8.69954e-05 6.21989e-05 -0.00595858 0.000108241 0.000588106 -0.00666814 0.000728625 0.0008055 0.00333366 0.0121809 0.017128 0.000446859 0.00161851 0.0122648
internal_weight=34970.2 34921.7 245.537 34676.2 19282.2 348.66 18933.5 18850.6 2321.29 357.121 270.107 16529.3 1964.17 200.149
internal_count=157628 157399 1068 156331 82347 1544 80803 80436 10226 1548 1171 70210 8678 857
is_linear=0
shrinkage=0.05


Tree=242
num_leaves=15
num_cat=0
split_feature=0 1 12 12 1 7 10 8 7 8 7 7 10 4
split_gain=3.63263 5.42003 7.20673 8.70603 3.02286 9.89122 9.0632 6.56328 5.67743 7.46868 5.16934 4.88183 14.5785 12.6266
threshold=13.500000000000002 15.500000000000002 -2.6852499999999995 2.3523500000000004 20.500000000000004 -86.016649999999984 59.872350000000004 48.53428211977063 49.119450000000008 6441.3659281550154 88.73220000000002 -80.479849999999985 46.071500000000007 47.805800000000012
decision_type=2 2 8 8 2 8 10 8 10 10 10 10 8 10
left_child=-1 2 -2 -4 5 -3 7 -7 -6 10 -10 12 -9 -13
right_child=1 4 3 -5 8 6 -8 11 9 -11 -12 13 -14 -15
leaf_value=0.011760243501939518 -0.020364447801123644 -0.014657086483659444 0.013846689918892827 -0.0054923186622128049 -0.00017536596386467582 0.0089681524804295157 -0.015050134612483871 0.01675077674063984 0.021151808979589071 -0.0056430191068227954 0.0047171284018677805 -0.0074449144864714772 0.0014550562976751173 0.0032978224505024684
leaf_weight=46.075626075267792 48.302228666841984 76.969446063041687 49.262865498661995 358.36579479463398 28808.854516118299 275.13824344426394 62.010529853403568 142.83642510324717 65.958666807040572 77.08633238170296 144.64313561003655 489.86624231375754 3784.8812314905226 572.38207315094769
leaf_count=217 212 336 214 1557 131289 1187 272 608 298 370 661 2128 15892 2495
internal_value=4.77219e-05 2.5568e-05 -0.00527384 -0.00261686 9.86153e-05 0.0011823 0.00146512 0.00171585 -0.000103331 0.00665272 0.0112524 0.00128177 0.00209335 -0.00170233
internal_weight=35002.6 34956.6 455.931 407.629 34500.6 5404.08 5327.11 5265.1 29096.5 287.688 210.602 4989.97 3927.72 1062.25
internal_count=157736 157519 1983 1771 155536 22918 22582 22310 132618 1329 959 21123 16500 4623
is_linear=0
shrinkage=0.05


Tree=243
num_leaves=15
num_cat=0
split_feature=3 7 10 0 2 10 0 0 12 11 2 3 3 3
split_gain=3.67926 6.79387 7.00687 6.0937 7.3568 5.24842 3.94642 4.7531 5.66924 5.31018 6.91128 5.30838 3.76129 3.28712
threshold=1688.5000000000002 10.202800000000002 48.856900000000003 25.500000000000004 4.5000000000000009 51.900850000000005 27.500000000000004 34.500000000000007 -2.6852499999999995 10.373500000000002 4.5000000000000009 1676.5000000000002 1652.5000000000002 1676.5000000000002
decision_type=2 10 8 2 8 10 2 2 10 8 10 2 2 2
left_child=1 2 -1 4 -4 -3 -5 9 11 -8 12 -9 -11 -6
right_child=-2 5 3 6 13 -7 7 8 -10 10 -12 -13 -14 -15
leaf_value=0.012058741980558322 0.00011647741231422626 -0.022285052710901233 -0.0054281832073417875 -0.012775157775272813 0.0088166692276510639 -0.00069209418056321648 0.012132143477501056 0.0034668975822992453 -0.022138260931303125 -0.0057748766733114335 -0.011186462700074899 -0.015513515314568483 0.0095815282526973151 -0.0029321067559915158
leaf_weight=70.042863944545388 33571.179735569283 53.304506283253431 208.36575442552567 134.3971218764782 242.35290084779263 47.821430061943829 56.267479047179222 94.566510430537164 41.297262688167393 45.386711031198502 110.31068739295006 35.307666851207614 92.531926870346069 66.238470360636711
leaf_count=364 150842 325 887 586 1021 296 267 619 364 205 502 248 417 280
internal_value=1.48011e-05 -0.00257642 -0.00140968 -0.00244239 0.00152825 -0.0138743 -0.00574875 -0.00332811 -0.00950896 0.000518341 -0.00282254 -0.00307475 0.00443664 0.00626985
internal_weight=34869.4 1298.19 1197.07 1127.02 516.957 101.126 610.065 475.668 171.171 304.497 248.229 129.874 137.919 308.591
internal_count=157223 6381 5760 5396 2188 621 3208 2622 1231 1391 1124 867 622 1301
is_linear=0
shrinkage=0.05


Tree=244
num_leaves=15
num_cat=0
split_feature=10 12 8 3 0 3 3 2 0 3 8 8 14 9
split_gain=4.64044 3.55251 11.434 3.69164 10.324 12.2977 6.60221 5.22809 4.98914 4.76943 6.02724 8.84414 8.48787 8.88229
threshold=-37.823399999999992 106.98350000000001 123.85089034290537 1968.5000000000002 52.500000000000007 1971.5000000000002 1963.5000000000002 6.5000000000000009 13.500000000000002 1943.5000000000002 549.36724520882012 880.33045572435162 1.0000000180025095e-35 49.612300000000012
decision_type=8 10 10 2 2 2 2 8 2 2 10 10 2 10
left_child=-1 3 -3 6 5 -5 8 -8 -2 -10 12 -12 13 -11
right_child=1 2 -4 4 -6 -7 7 -9 9 10 11 -13 -14 -15
leaf_value=0.012665910979567308 0.01358839006233052 -0.015330622080126277 0.008326646352649774 0.015089863160058873 0.022374712708380928 -0.0093318935078257892 -0.001571874374154552 -0.019644709044255373 -0.00049310805337813917 0.0027177494359222126 -0.013706341442519521 0.0017928768760416399 0.0012432233389960343 0.02016612022028855
leaf_weight=48.17339538782835 44.100074991583824 118.79161265585572 64.854901406913996 61.261450707912445 47.703757220879197 121.01864280551672 88.596498136408627 59.235648772679269 32911.19538296992 150.3238039361313 99.02192385867238 390.84776370599866 519.3917045975104 136.31816391181201
leaf_count=236 210 549 286 270 597 567 412 376 147133 1135 448 1808 2449 690
internal_value=-0.000368009 -0.000393307 -0.00697878 -0.000354374 0.00570079 -0.000443676 -0.000398147 -0.0102916 -0.000349464 -0.000375363 0.00257698 -0.00175487 0.00518842 0.0117897
internal_weight=34860.8 34812.7 183.647 34629 229.984 182.28 34399 147.832 34251.2 34207.1 1295.9 489.87 806.034 286.642
internal_count=157166 156930 835 156095 1434 837 154661 788 153873 153663 6530 2256 4274 1825
is_linear=0
shrinkage=0.05


Tree=245
num_leaves=15
num_cat=0
split_feature=6 7 7 14 7 11 6 8 3 3 5 3 2 6
split_gain=4.49825 3.25017 9.98561 7.84969 5.6637 18.1451 9.62423 9.85806 8.30891 11.1136 7.61566 6.55608 6.18488 9.42245
threshold=-26.155099999999994 1.3829 -0.069999999999999993 1.0000000180025095e-35 7.4092000000000011 6.3750000000000009 48.694300000000005 216.49914554719169 1886.5000000000002 1839.5000000000002 3.2260000000000004 1664.5000000000002 1.0000000180025095e-35 51.127550000000006
decision_type=8 10 10 2 10 8 10 8 2 2 8 2 10 8
left_child=-1 2 -2 -4 5 6 7 -3 9 -7 -8 -6 13 -13
right_child=1 4 3 -5 11 8 10 -9 -10 -11 -12 12 -14 -15
leaf_value=0.0078862721569048187 -9.9432969466477209e-05 0.023458394779293516 0.017985923187639342 -0.0027723548067076589 -0.013120326560453055 -0.015419882156153461 -0.0086531039424443176 -0.00045270338397887809 -0.020925649536853583 0.01151566584651386 0.0011583489569834645 0.012759063666232346 -0.00077932766226345492 -0.0027896096695794199
leaf_weight=151.64466019999236 29447.736332696397 55.584355396218598 115.0512617090717 61.515910589136183 79.716809738427401 63.146205295808613 328.55442761583254 98.594821623526514 179.23854854423553 51.929987294599414 447.80877890624106 197.82827215408906 3585.1583487489261 165.46353574376553
leaf_count=718 131973 262 523 282 464 324 1704 478 818 229 2074 872 16368 748
internal_value=-0.000188513 -0.000228121 -2.45252e-05 0.0112075 -0.00137185 -0.00431999 -0.000794065 0.00987144 -0.0147081 -0.00335946 -0.00310686 -0.00045848 -0.00013801 0.00590128
internal_weight=35029 34877.3 29624.3 176.567 5253.02 1224.86 930.542 154.179 294.315 115.076 776.363 4028.17 3948.45 363.292
internal_count=157837 157119 132778 805 24341 5889 4518 740 1371 553 3778 18452 17988 1620
is_linear=0
shrinkage=0.05


Tree=246
num_leaves=15
num_cat=0
split_feature=1 0 4 7 7 10 2 2 3 8 10 5 7 3
split_gain=4.44339 3.94441 3.64668 9.29979 10.7857 6.84139 17.8912 15.2746 10.1205 11.2152 12.2977 8.86038 8.35226 7.98722
threshold=45.500000000000007 66.500000000000014 56.668500000000002 18.068550000000005 12.750250000000003 48.087350000000008 1.0000000180025095e-35 1.0000000180025095e-35 1815.5000000000002 672.66289325358957 48.778050000000007 1.0000000180025095e-35 -3.8397499999999996 1815.5000000000002
decision_type=2 2 10 10 10 10 10 10 2 8 10 10 10 2
left_child=2 -2 5 4 -4 7 -7 13 9 10 -8 -12 -10 -1
right_child=1 -3 3 -5 -6 6 8 -9 12 -11 11 -13 -14 -15
leaf_value=0.0013948151878212744 -0.0027398524463810347 -0.018976134510459607 0.0015450591416880763 -0.0048200356272934085 0.013257326316772934 0.0038402883449371126 0.017460328114444965 0.0013434044257511707 0.0014967258640787508 -0.0094673210754693329 0.011396338753008861 -0.0070701053373638939 -0.00321997798672279 -0.0017412533569910564
leaf_weight=2558.5480683594942 945.37844015099108 19.87469401396811 669.47107355389744 300.99132134951651 262.13025370426476 1224.377453006804 64.603119576349854 13976.118078241125 1449.8174854554236 948.21370581164956 62.01329144090414 309.41723033878952 2592.854121202603 9582.005281239748
leaf_count=10666 8287 1891 3131 1358 1179 5312 304 60891 6601 4463 278 1550 11506 40257
internal_value=-0.0001424 -0.00345258 -4.64516e-05 0.00260131 0.00504998 -0.000147575 -0.00157664 0.000217301 -0.00280837 -0.00646863 0.000181642 -0.00356222 -0.00152939 -0.00107914
internal_weight=34965.8 965.253 34000.6 1232.59 931.601 32768 6651.3 26116.7 5426.92 1384.25 436.034 371.431 4042.67 12140.6
internal_count=157674 10178 147496 5668 4310 141828 30014 111814 24702 6595 2132 1828 18107 50923
is_linear=0
shrinkage=0.05


Tree=247
num_leaves=15
num_cat=0
split_feature=11 8 3 10 8 6 11 5 6 8 10 8 11 8
split_gain=4.97402 4.09479 5.08331 3.64947 8.81969 4.06766 3.16451 8.99646 10.1929 7.3292 13.7502 7.16478 14.1216 10.7022
threshold=126.9885 9583.6620685219441 1935.5000000000002 60.174250000000008 1.0000000180025095e-35 61.003600000000006 20.273350000000004 21.558050000000005 58.654350000000008 1492.1786247422351 42.910000000000004 917.3458199758802 15.195000000000002 748.19381061946387
decision_type=10 8 2 10 10 10 10 8 8 10 10 10 10 10
left_child=3 2 -2 5 -5 6 9 8 -8 11 -11 13 -13 -1
right_child=1 -3 -4 4 -6 -7 7 -9 -10 10 -12 12 -14 -15
leaf_value=-0.00023187154067113506 0.010329828355249327 -0.012250215303870056 -0.0085549639173761356 -0.015686091032664617 0.0044967685753137358 0.011418051169489643 0.012268525714130058 -0.0003596208147196341 -0.0082260471762057048 -0.0078046257058600622 0.013536578543644026 0.012278141271824763 -0.00993487630970292 -0.012184676427164094
leaf_weight=31882.960690142587 47.883832708001137 137.64796949550509 55.055969830602407 100.64239568077028 85.387726604938507 55.052756125107408 302.68764769332483 1015.6547640874051 59.892872450873256 616.58232744317502 67.224028687924147 259.22806007228792 79.441737497225404 168.39094260148704
leaf_count=143299 212 660 248 474 392 244 1376 4699 282 2954 304 1200 353 771
internal_value=-0.000301666 -0.00718412 0.000480945 -0.000249827 -0.00688493 -0.000210089 -0.000235284 0.00209497 0.00863008 -0.000333596 -0.00538155 -0.000223771 0.0068042 -0.000302228
internal_weight=34933.7 240.588 102.94 34693.1 186.03 34507.1 34452.1 1378.24 362.581 33073.8 683.806 32390 338.67 32051.4
internal_count=157468 1120 460 156348 866 155482 155238 6357 1658 148881 3258 145623 1553 144070
is_linear=0
shrinkage=0.05


Tree=248
num_leaves=15
num_cat=0
split_feature=11 1 5 7 1 2 11 4 7 2 5 2 10 2
split_gain=2.97347 6.59427 3.77281 4.42672 2.61161 9.10696 13.5197 10.4121 12.3551 9.62455 8.76159 7.49403 6.32577 6.25
threshold=126.9885 22.500000000000004 -0.46044999999999997 -1.1327999999999998 26.500000000000004 11.500000000000002 -4.1416999999999993 48.864100000000001 23.794200000000004 29.500000000000004 -0.70479999999999987 10.500000000000002 40.627350000000007 12.500000000000002
decision_type=10 2 10 10 2 8 10 10 10 8 10 10 8 10
left_child=4 -2 -3 -4 -1 7 9 8 11 12 -8 -6 -7 -12
right_child=1 2 3 -5 5 6 10 -9 -10 -11 13 -13 -14 -15
leaf_value=0.00052987533450793997 -0.01586563545786563 -0.0098336423241912295 -0.0061165901289198356 0.010641148629695991 -0.00063200579874966162 -0.0079915947995448083 0.0094338680736545666 -0.0055438023133864631 0.016482768191713824 -0.00063117246475877784 0.0058710261991630416 -0.011876044956851427 0.0075558814968788319 -0.003474826486438546
leaf_weight=19451.097458554432 73.41563519090414 42.832754844799638 46.415490848012269 85.907325732056051 3690.4073502137326 57.609340839087963 625.64062190195546 1474.767373831477 82.756162326782942 7976.5385763691738 339.750321702566 134.55357745615765 540.04083251440898 337.2027863455005
leaf_count=83156 321 217 222 392 16497 389 3387 6851 378 37332 1732 661 3349 2775
internal_value=0.000105507 -0.00513545 0.000527089 0.00473166 0.000145974 -0.00034344 0.000558359 -0.00199417 -0.000633136 -0.000167068 0.00526373 -0.00108726 0.00584697 0.00124956
internal_weight=34958.9 248.571 175.156 132.323 34710.4 15259.3 9876.78 5382.48 3907.72 8574.19 1302.59 3824.96 597.65 676.953
internal_count=157659 1152 831 614 156507 73351 48964 24387 17536 41070 7894 17158 3738 4507
is_linear=0
shrinkage=0.05


Tree=249
num_leaves=15
num_cat=0
split_feature=6 8 10 14 10 7 9 4 4 7 3 3 12 12
split_gain=3.51191 5.64785 3.52474 3.77635 2.55301 6.59678 6.58078 8.49555 8.18086 6.45046 6.3396 7.81505 8.52208 7.49968
threshold=61.003600000000006 202.79683983930337 60.174250000000008 1.0000000180025095e-35 37.501350000000009 -74.008049999999983 41.499600000000008 40.65120000000001 41.135550000000002 -84.557899999999989 1912.5000000000002 1837.5000000000002 95.670400000000015 78.715700000000012
decision_type=10 10 10 2 8 8 10 10 8 10 2 2 10 10
left_child=2 -2 4 -4 10 6 8 -8 -6 -9 11 -1 -13 -12
right_child=1 -3 3 -5 5 -7 7 9 -10 -11 13 12 -14 -15
leaf_value=-0.010090167421211554 -0.0047367472119334243 0.014771311756073754 -0.014846067431672003 0.0018511719796548403 0.016968438819000838 -9.1604254636358751e-05 -0.012752065300641295 -0.0022658015829160006 -0.0038215261451902947 0.011997473401238341 -0.0074302846179346909 0.0089957055064879155 -0.0066968393415484237 0.0043130707289522575
leaf_weight=87.171903277747333 47.593863705173135 77.003256316296756 62.684268914163113 50.611463649198413 159.61605056002736 32878.856041654013 69.02717845607549 151.42186255287379 55.563831204548478 134.98185706231743 625.0908528175205 311.2547964816913 100.7226978437975 158.00822519138455
leaf_count=394 212 346 302 233 728 147965 320 700 247 624 3010 1394 450 731
internal_value=-8.11238e-05 0.00769511 -0.000113328 -0.00822849 -8.21357e-05 2.42197e-06 0.00523989 0.000894179 0.0117316 0.0048008 -0.00225412 0.00209964 0.00502667 -0.00501239
internal_weight=34969.6 124.597 34845 113.296 34731.7 33449.5 570.611 355.431 215.18 286.404 1282.25 499.149 411.977 783.099
internal_count=157656 558 157098 535 156563 150584 2619 1644 975 1324 5979 2238 1844 3741
is_linear=0
shrinkage=0.05


Tree=250
num_leaves=15
num_cat=0
split_feature=9 2 5 3 0 3 4 7 6 5 11 10 4 7
split_gain=3.10728 9.63106 7.77347 8.61715 21.6572 9.90905 14.354 12.0141 10.4407 9.51266 9.28174 8.43673 17.3336 8.4935
threshold=52.374700000000011 1.5000000000000002 11.949150000000001 1917.5000000000002 43.500000000000007 1817.5000000000002 51.627550000000006 1.9053000000000002 50.544400000000003 8.6865500000000022 1.2627000000000004 50.000800000000005 51.190850000000005 5.3282000000000007
decision_type=8 10 8 2 2 2 10 8 10 10 10 10 10 8
left_child=1 -1 3 5 -5 7 8 -3 9 11 -10 13 -13 -7
right_child=-2 2 -4 4 -6 6 -8 -9 10 -11 -12 12 -14 -15
leaf_value=0.0039592584333225751 -0.00022885022961592903 0.012943243558372723 -0.0026092700746367628 -0.0050692993752698128 0.010212852456919433 0.0042902657453324266 0.016109241192011715 -0.004319562653295579 0.007239120435251197 0.015292074165518796 -0.0123218438431581 0.025100153024541379 0.0024462586314504854 -0.0056351548749211987
leaf_weight=1920.2968140826561 26952.411806261167 98.007525537163019 2016.752268712502 1123.5947565361857 271.30794210452586 500.70543914753944 224.63170106709003 681.74590802239254 74.007714378647506 166.12986203841865 166.6332997768186 98.371447302401066 312.73063393309712 347.79838799964637
leaf_count=8726 120444 445 9200 4816 1910 2285 1035 3242 328 729 975 464 1460 1581
internal_value=2.81212e-05 0.000891991 -8.61874e-05 0.00117202 -0.00199458 0.00282843 0.00476945 -0.00188037 0.0030679 0.00469848 -0.00621212 0.00308411 0.00878002 0.000185795
internal_weight=34955.1 8002.71 6082.42 4065.66 1394.9 2670.76 1891.01 779.753 1666.38 1425.74 240.641 1259.61 411.102 848.504
internal_count=157640 37196 28470 19270 6726 12544 8857 3687 7822 6519 1303 5790 1924 3866
is_linear=0
shrinkage=0.05


Tree=251
num_leaves=15
num_cat=0
split_feature=10 12 3 12 3 3 12 3 2 7 5 3 0 7
split_gain=3.47798 9.00146 7.40604 6.8043 6.51409 9.23302 5.83182 8.26648 6.36472 5.62598 9.42965 7.4544 7.89522 5.73127
threshold=41.21840000000001 -6.2601499999999985 1837.5000000000002 -4.5692999999999993 1835.5000000000002 1764.5000000000002 -7.9188499999999991 1864.5000000000002 11.500000000000002 -74.008049999999983 -7.903999999999999 1910.5000000000002 42.500000000000007 -77.453749999999985
decision_type=8 8 2 8 2 2 10 2 10 10 8 2 2 10
left_child=2 4 -1 -3 5 -2 8 -8 -6 13 11 -11 -13 -4
right_child=1 3 9 -5 6 -7 7 -9 -10 10 -12 12 -14 -15
leaf_value=-0.010702756667533441 0.011617075575951348 -0.010406087249537087 -6.0488380615102674e-06 -8.7308233097542758e-05 0.0074518986256079771 -0.010156468846120729 -0.0018223253765558623 0.023822762060769588 -0.0062589063234158417 0.0029517761681602862 -0.00011634743845999432 -0.016339212759030688 0.0034372196826291468 0.010155304546716841
leaf_weight=201.09554625395685 54.646874468773603 140.5740396361798 890.75881556607783 31620.245262436569 388.36647722357884 122.80974793992937 40.779550231993198 86.431613843888044 90.420020199380815 86.971317484043539 754.61831573816016 257.81931775063276 54.109501420520246 144.3694991087541
leaf_count=922 247 654 4186 142166 1731 537 182 435 504 383 3419 1115 355 666
internal_value=-0.000143089 -7.36801e-06 -0.00197598 -0.000139499 0.0052193 -0.00295389 0.00763059 0.0164711 0.00471544 -0.0010845 -0.00345882 -0.00947448 -0.0129082 0.00157679
internal_weight=34934 32544.3 2389.74 31760.8 783.454 177.457 605.998 127.211 478.786 2188.65 1153.52 398.9 311.929 1035.13
internal_count=157502 146456 11046 142820 3636 784 2852 617 2235 10124 5272 1853 1470 4852
is_linear=0
shrinkage=0.05


Tree=252
num_leaves=15
num_cat=0
split_feature=3 3 7 10 1 9 4 3 10 3 5 14 2 3
split_gain=4.22938 8.72204 11.4465 10.2641 7.74512 7.08489 6.22869 10.0714 6.17133 5.59696 5.23531 5.20001 4.97472 4.83891
threshold=1844.5000000000002 1837.5000000000002 4.5273500000000011 41.642900000000004 20.500000000000004 51.312300000000008 50.847900000000003 1792.5000000000002 51.260300000000008 1845.5000000000002 -4.9920999999999998 1.0000000180025095e-35 1.0000000180025095e-35 1834.5000000000002
decision_type=2 2 8 8 2 10 10 2 10 2 8 2 8 2
left_child=1 3 8 4 10 6 13 -8 -3 -2 -1 -4 -7 -5
right_child=9 2 11 5 -6 12 7 -9 -10 -11 -12 -13 -14 -15
leaf_value=0.010000221042590714 0.0088625434282152398 0.018491665171634499 -0.0083188494812667362 7.9952774214448678e-05 -0.019028380365664597 0.0085678493046646344 -0.0030662278538796132 0.023697034643645851 -0.0031909706842065313 0.0003096810408136899 -0.0093212438252387765 0.00035706139973052243 -0.003355988655876769 0.0059010968352200127
leaf_weight=45.483040630817413 172.94688805751503 56.749316822737455 816.58431870443746 8247.7437468604185 107.32295007258654 72.942173173651099 59.705693261697888 53.412716187536716 48.47805558796972 22664.949586112984 55.494829162955284 215.61925450246781 1869.72497427091 353.18394515151158
leaf_count=188 732 249 3484 35949 503 318 307 233 214 103265 258 923 8943 1502
internal_value=-1.71593e-05 -0.000776321 -0.00490274 -0.000336123 -0.0108261 -0.000111185 0.000499023 0.0112326 0.00958825 0.000382148 -0.000403882 -0.00653418 -0.00282553 0.000332125
internal_weight=34840.3 12002.4 1137.43 10865 208.301 10656.7 8714.05 113.118 105.227 22837.9 100.978 1032.2 1942.67 8600.93
internal_count=157068 53071 4870 48201 949 47252 37991 540 463 103997 446 4407 9261 37451
is_linear=0
shrinkage=0.05


Tree=253
num_leaves=15
num_cat=0
split_feature=3 7 8 7 3 7 1 2 3 9 2 1 2 14
split_gain=4.85813 8.54299 3.228 10.0488 4.8788 4.78164 3.72819 7.73807 7.08786 4.4596 6.72523 4.09725 3.05571 2.95014
threshold=1684.5000000000002 15.575950000000001 3.6676073348438947 -0.14169999999999996 1637.5000000000002 4.5273500000000011 19.500000000000004 7.5000000000000009 1676.5000000000002 56.653450000000007 6.5000000000000009 29.500000000000004 2.5000000000000004 1.0000000180025095e-35
decision_type=2 10 10 10 2 10 2 8 2 8 8 2 10 2
left_child=1 2 3 4 13 -4 9 12 11 -6 -11 -9 -8 -1
right_child=-2 -3 5 -5 6 -7 7 8 -10 10 -12 -13 -14 -15
leaf_value=-0.00099587397111748003 0.00035480869910505566 -0.020528161707008899 0.003749776631746408 0.015647673566540284 -0.010293281783135069 -0.015114478404873788 -0.0048519988005689216 0.0061022549248320483 -0.01390376528067256 0.01514880274606082 -0.0024994991973024227 -0.0055347732597659325 -0.018413357181175604 0.011111815288536463
leaf_weight=98.115809619426727 33830.652412218507 44.919223964214325 41.016385942697525 65.168413038365543 45.140149127691984 77.774064948782325 88.032545018941164 196.18136826716363 68.659574804827571 69.657500192523003 124.0495348572731 97.83717677090317 112.7774204723537 77.179479911923409
leaf_count=429 151972 287 210 336 215 463 392 921 378 294 570 595 530 324
internal_value=0.000242935 -0.00284865 -0.00182908 -0.000858315 -0.00225024 -0.00899922 -0.00390001 -0.00605798 -0.00147829 0.00126579 0.00467066 0.00212405 -0.0134462 0.00492696
internal_weight=35037.2 1206.51 1161.59 1042.8 977.631 118.79 802.335 563.488 362.678 238.847 193.707 294.019 200.81 175.295
internal_count=157916 5944 5657 4984 4648 673 3895 2816 1894 1079 864 1516 922 753
is_linear=0
shrinkage=0.05


Tree=254
num_leaves=15
num_cat=0
split_feature=8 8 1 0 4 6 1 2 3 3 1 4 8 9
split_gain=4.41157 4.24236 3.98592 2.97615 3.28185 8.39963 7.05429 5.64251 3.85894 9.05181 7.49117 6.67121 4.5741 5.74101
threshold=10139.780564788411 9169.1493065718914 9.5000000000000018 18.500000000000004 31.732150000000004 10.669450000000003 23.500000000000004 3.5000000000000004 1964.5000000000002 1968.5000000000002 25.500000000000004 48.847500000000004 6655.9052632384737 48.882450000000006
decision_type=10 10 2 2 8 10 2 8 2 2 2 10 10 10
left_child=1 2 -1 -4 5 7 -7 -5 12 -10 -11 -12 -6 -14
right_child=-2 -3 3 4 8 6 -8 -9 9 10 11 -13 13 -15
leaf_value=0.010791662452282469 -0.0092704553703221986 0.012534740075862522 -0.0045308959681252458 0.012283239336687551 1.0858446977754566e-05 -0.00080636526881170995 -0.019903042027579816 -0.0028058807165474201 -0.016147554653169378 -0.014694027426512836 -0.0033760540207752017 0.014877794059554486 -0.003560341226966086 0.014407976359819597
leaf_weight=64.123939253389835 110.35001247189939 46.787911389023066 355.76616980135441 65.96482393797487 33448.861786421388 85.546421125531197 96.762373412027955 204.13838256523013 102.70093221077695 39.149596109986305 90.759988538920879 77.398154186084867 60.171614019200206 99.776126762852073
leaf_count=300 530 221 1484 299 150360 375 453 954 559 193 610 474 275 438
internal_value=-8.92119e-05 -5.48277e-05 -7.89503e-05 -0.000105223 -5.6806e-05 -0.00419552 -0.0119077 0.00147196 8.36368e-07 -0.00537964 0.000906226 0.00571401 5.3636e-05 0.00800395
internal_weight=34948.3 34837.9 34791.1 34727 34371.2 452.412 182.309 270.103 33918.8 310.009 207.308 168.158 33608.8 159.948
internal_count=157525 156995 156774 156474 154990 2081 828 1253 152909 1836 1277 1084 151073 713
is_linear=0
shrinkage=0.05


Tree=255
num_leaves=15
num_cat=0
split_feature=9 8 2 8 6 4 3 5 12 5 2 4 4 3
split_gain=3.05743 2.91278 8.90931 8.35436 7.12773 8.83064 4.835 3.02941 8.4743 7.46443 6.99897 7.78454 14.1122 10.2496
threshold=63.442750000000011 6655.9052632384737 12.500000000000002 6222.3084097981582 38.896100000000011 30.307650000000006 1916.5000000000002 21.558050000000005 13.384950000000002 24.111950000000004 5.5000000000000009 48.467100000000009 49.647100000000009 1921.5000000000002
decision_type=10 10 10 10 10 8 2 10 10 10 10 10 10 2
left_child=1 3 4 7 6 -6 -3 8 -1 -9 -10 -12 -13 -14
right_child=-2 2 -4 -5 5 -7 -8 9 10 -11 11 12 13 -15
leaf_value=-0.00016250623736168896 -0.0088920986970076159 0.0042532572880220531 0.017145430601289278 -0.017478626221263498 -0.0055986657437420255 0.015892653338159292 -0.013540698998546761 -0.011511125500633775 0.0066686615006613624 -0.00065274989491424351 -0.005313800523486816 0.024200574798386026 0.0038536274826381344 -0.016008481289708689
leaf_weight=31692.654307365417 77.953574303537607 46.06934273801744 79.716711150482297 48.977773061022162 71.489064259454608 88.112869322299957 92.449849788099527 176.05255597177893 830.05599765479565 835.83152655046433 349.38882551994175 55.267956485971808 395.84681988693774 57.017525738105178
leaf_count=142562 355 199 464 224 309 384 425 817 3677 3861 1673 243 1942 305
internal_value=-7.08701e-05 -4.60275e-05 0.00420782 -9.51096e-05 -0.000112083 0.00671476 -0.00783274 -6.02097e-05 2.22599e-05 -0.00272844 0.00345343 0.000260113 0.0041488 0.000781588
internal_weight=34896.9 34818.9 377.838 34441.1 298.121 159.602 138.519 34392.1 33380.2 1011.88 1687.58 857.521 508.132 452.864
internal_count=157440 157085 1781 155304 1317 693 624 155080 150402 4678 7840 4163 2490 2247
is_linear=0
shrinkage=0.05


Tree=256
num_leaves=15
num_cat=0
split_feature=3 3 9 7 9 1 2 9 0 6 6 1 9 1
split_gain=2.66565 6.3111 11.4145 9.8403 7.98937 10.4074 5.57997 8.11786 7.80606 10.6335 7.11186 6.80513 6.73563 5.45519
threshold=1903.5000000000002 1891.5000000000002 52.208350000000003 12.569000000000001 50.700500000000012 23.500000000000004 17.500000000000004 42.188750000000006 33.500000000000007 48.874850000000009 39.915950000000009 20.500000000000004 49.41275000000001 28.500000000000004
decision_type=2 2 10 8 10 2 10 8 2 8 8 2 8 2
left_child=1 13 4 -4 6 -6 7 10 9 -9 -3 -11 -10 -1
right_child=-2 2 3 -5 5 -7 -8 8 12 11 -12 -13 -14 -15
leaf_value=0.00048580607736079749 -0.00067008250894248105 0.0044109704918573987 -0.01499100368951514 0.0015752424686325723 -0.0033676155705190261 0.019491394452886661 0.015697483474278209 0.020685259059249991 -0.015361312834485575 -0.0055182581849903614 -0.01631738706504704 0.0051138191424959321 0.00042510620120411616 -0.0012793070540933688
leaf_weight=15778.331856064498 10015.600783143658 56.272077772766352 145.04614428849891 188.77032739669085 64.833488406613469 139.2781948777847 60.134505700320005 82.988388180732727 54.090499588288367 154.02787080407143 86.570431344676763 1256.1526994109154 757.37528670113534 6034.9509161245078
leaf_count=66959 47228 244 655 861 292 708 379 346 244 670 378 5492 3425 29369
internal_value=1.78076e-05 0.000295274 0.00241957 -0.00606344 0.00350058 0.012578 0.00266804 0.00222326 0.0029632 0.00508603 -0.00861272 0.00389159 -0.000971369 -3.2618e-06
internal_weight=34874.4 24858.8 3045.54 333.816 2711.72 204.112 2507.61 2447.48 2304.63 1493.17 142.843 1410.18 811.466 21813.3
internal_count=157250 110022 13694 1516 12178 1000 11178 10799 10177 6508 622 6162 3669 96328
is_linear=0
shrinkage=0.05


Tree=257
num_leaves=15
num_cat=0
split_feature=4 0 7 0 11 0 7 9 5 6 0 14 11 0
split_gain=3.11941 5.42135 8.56693 6.21525 7.7423 4.32519 3.67676 7.43857 6.51481 9.06001 9.38499 10.0248 8.67823 12.1203
threshold=59.717100000000009 28.500000000000004 23.720550000000003 31.500000000000004 10.951400000000001 36.500000000000007 10.329000000000002 59.332750000000011 8.4569500000000009 53.502000000000002 29.500000000000004 1.0000000180025095e-35 6.3750000000000009 26.500000000000004
decision_type=10 2 10 2 10 2 10 10 10 8 2 2 10 2
left_child=6 -2 3 -3 -5 -6 7 8 12 -10 11 -11 -1 -14
right_child=1 2 -4 4 5 -7 -8 -9 9 10 -12 -13 13 -15
leaf_value=0.00021247580616189917 0.010716677272031325 -0.0073403915642970916 -0.014285656550306409 -0.0062951191775085392 0.023974575713276589 0.0050903110333525856 -0.0015495968739443417 -0.014780968614550104 0.0080181329864307729 0.010894562592723825 -0.0031247512341337335 -0.0034755030606732139 -0.018359476502120938 -0.0013314879539657739
leaf_weight=28914.241516384296 169.47220583260059 65.808161497116089 60.865222249180079 48.459306066855788 50.896750956773758 77.862535735592246 3144.6341027058661 62.223353557288647 612.15954207908362 313.56680664420128 692.93131385231391 178.50708119571209 129.23174722492695 360.54315708763897
leaf_count=129722 721 283 299 237 215 437 14421 300 2825 1349 3534 758 542 1720
internal_value=0.000131215 0.00407882 -5.60913e-05 0.00432293 0.00895915 0.0147747 7.45681e-05 0.000238821 0.000278224 0.00318362 0.000594536 0.00574947 9.86038e-05 -0.00636851
internal_weight=34881.4 473.364 303.892 243.027 177.219 128.759 34408 31263.4 31201.2 1797.16 1185.01 492.074 29404 489.775
internal_count=157363 2192 1471 1172 889 652 155171 140750 140450 8466 5641 2107 131984 2262
is_linear=0
shrinkage=0.05


Tree=258
num_leaves=15
num_cat=0
split_feature=0 0 4 10 7 14 1 9 6 6 3 3 3 4
split_gain=4.03932 4.01059 10.045 6.85948 6.72314 7.76539 6.84361 4.77327 3.46882 3.33905 3.19351 7.44618 7.2772 5.03708
threshold=13.500000000000002 22.500000000000004 51.499600000000008 50.371800000000007 -71.983349999999987 1.0000000180025095e-35 17.500000000000004 48.896800000000006 53.186650000000007 -33.302499999999988 1664.5000000000002 1748.5000000000002 1705.5000000000002 35.221550000000008
decision_type=2 2 10 10 10 2 2 10 8 8 2 2 2 10
left_child=-1 2 3 4 5 -2 -6 -8 -4 -3 -7 12 -12 -13
right_child=1 9 8 -5 6 10 7 -9 -10 -11 11 13 -14 -15
leaf_value=0.012139730293056641 -0.0026202691008141467 0.0079259090727112763 -0.00070040753343827392 0.0089679337681013039 0.0021382304855437936 -0.0059890206790342744 -0.021206179165401372 -0.0017156785160765541 -0.015235865985262418 2.7539842634874374e-05 0.00075995270805592123 0.0038386868369172586 0.024409001351339908 -0.010577429068107073
leaf_weight=47.553975164890289 1607.8850969225168 114.37406830489635 55.912364140152931 142.37552547454834 76.673181056976318 57.065361067652702 92.314782276749611 48.845547378063202 158.27056664228439 31922.196274983697 55.211113184690475 395.9726050645113 64.093139991164207 51.335313573479652
leaf_count=226 6655 550 236 605 326 236 386 204 680 144867 227 1637 258 214
internal_value=-7.49492e-05 -9.85749e-05 -0.00190424 -0.00100009 -0.00164744 -0.000788347 -0.00964193 -0.0155118 -0.0118253 6.06652e-05 0.00386915 0.00503234 0.0151452 0.00180233
internal_weight=34890.1 34842.5 2805.95 2591.77 2449.4 2231.56 217.834 141.16 214.183 32036.6 623.678 566.612 119.304 447.308
internal_count=157307 157081 11664 10748 10143 9227 916 590 916 145417 2572 2336 485 1851
is_linear=0
shrinkage=0.05


Tree=259
num_leaves=15
num_cat=0
split_feature=1 8 4 8 9 12 12 5 11 5 12 12 11 4
split_gain=3.27989 3.0707 2.38546 3.87173 3.67998 2.76395 10.8782 12.9635 7.19597 7.11876 7.88538 5.4127 8.96039 8.75892
threshold=58.500000000000007 15167.747100195398 -18.961799999999997 144.24948660152009 -1.0000000180025095e-35 13.384950000000002 14.368950000000002 14.153050000000002 16.049350000000004 14.422650000000003 17.747350000000004 11.940900000000001 16.351550000000007 56.471450000000011
decision_type=2 10 8 10 8 10 10 8 10 10 10 10 10 10
left_child=1 2 3 -1 -4 11 7 -7 -8 10 -10 -6 13 -13
right_child=-2 -3 4 -5 5 6 8 -9 9 -11 -12 12 -14 -15
leaf_value=-0.0012210129102592691 -0.010416617184305857 -0.010654109245026874 -0.0093518857684628219 0.013004553349150481 0.00014792278176780705 -0.0016589310350019427 -0.006764574984072437 0.022275551626994173 0.022263930669551676 0.00059691673432180753 0.0033446829603284811 -0.0034452506951704563 -0.013931841111433935 0.014704675788503067
leaf_weight=91.444686830043793 53.447454412933439 45.516772529110312 81.591218149289489 73.609255013987422 31300.586583020166 94.000491259619594 262.37308432534337 112.87859512679279 62.319076551124454 1819.4310030108318 194.59078041091561 447.50656650774181 159.86968120373785 57.554038934409618
leaf_count=425 3066 209 370 333 138090 431 1254 513 293 8329 900 2056 722 266
internal_value=0.000138606 0.000160789 0.00018107 0.00584301 0.000150694 0.000178564 0.00175755 0.0122128 0.000736985 0.0017404 0.00921052 5.17998e-05 -0.00434524 -0.00089565
internal_weight=34856.7 34803.3 34757.8 165.054 34592.7 34511.1 2545.59 206.879 2338.71 2076.34 256.91 31965.5 664.93 505.061
internal_count=157257 154191 153982 758 153224 152854 11720 944 10776 9522 1193 141134 3044 2322
is_linear=0
shrinkage=0.05


Tree=260
num_leaves=15
num_cat=0
split_feature=1 3 3 3 1 2 3 3 3 5 6 11 11 12
split_gain=4.01694 4.74195 10.7919 9.18738 5.64998 4.53175 4.24858 3.63052 4.37075 4.11654 3.16458 7.46962 16.1837 12.1785
threshold=45.500000000000007 1864.5000000000002 1907.5000000000002 1790.5000000000002 50.500000000000007 2.5000000000000004 1849.5000000000002 1954.5000000000002 1910.5000000000002 -1.2063999999999997 55.953500000000005 10.951400000000001 18.068350000000006 22.557750000000002
decision_type=2 2 2 2 2 8 2 2 2 8 10 10 10 10
left_child=10 3 -3 -2 6 -4 -5 8 -7 -9 -1 -12 -13 -14
right_child=1 2 5 4 -6 7 -8 9 -10 -11 11 12 13 -15
leaf_value=-0.00018958160153906311 -0.010036202050169717 -0.014070969480735405 -0.013288169345487173 -0.005778150357713209 0.018824029811921123 0.013694019358183117 0.011488571827953478 -0.0057364438371293302 -0.0026553287524372789 0.018991318258071106 -0.0054857188369182323 0.011876585493197632 -0.0069062448901356828 0.008497236083248285
leaf_weight=32885.042192310095 79.696293917484581 220.09297620784491 46.721429738216102 70.979565544053912 60.45844431547448 25.591848735231906 38.763133013620973 14.138121093623338 382.75822466844693 29.85076676029712 218.01448702253401 391.39843823388219 334.41445427201688 181.5247066039592
leaf_count=142502 942 2294 409 475 976 224 239 217 3755 666 956 1780 1502 797
internal_value=-0.000191115 -0.00333226 -0.00535635 0.00245794 0.00874844 -0.00111899 0.00115159 0.000647375 -0.00103915 0.0117349 -9.97089e-05 0.002484 0.00447597 -0.00137193
internal_weight=34979.4 969.051 719.153 249.897 170.201 499.06 109.743 452.339 408.35 43.9889 34010.4 1125.35 907.338 515.939
internal_count=157734 10197 7565 2632 1690 5271 714 4862 3979 883 147537 5035 4079 2299
is_linear=0
shrinkage=0.05


Tree=261
num_leaves=15
num_cat=0
split_feature=0 3 3 2 10 0 0 10 5 1 2 5 3 12
split_gain=3.00347 8.95899 4.1154 2.83541 2.67679 4.53391 6.03882 9.33533 6.78086 5.04803 5.42394 5.20343 4.31729 4.91644
threshold=63.500000000000007 1815.5000000000002 1977.5000000000002 41.500000000000007 58.648000000000003 24.500000000000004 28.500000000000004 59.438750000000006 23.338050000000003 35.500000000000007 14.500000000000002 16.615000000000006 1917.5000000000002 17.747350000000004
decision_type=2 2 2 10 10 2 2 10 8 2 8 10 2 10
left_child=4 -2 3 -3 -1 -6 7 -7 -9 10 12 -12 13 -8
right_child=1 2 -4 -5 5 6 9 8 -10 -11 11 -13 -14 -15
leaf_value=0.00023217511597695693 0.016642332323854734 -0.026484234323335906 0.0070359755944449489 0.0035600425698499396 -0.012996781305878469 -0.0054536246240439743 0.0013342297536836549 0.0019909320947405088 0.024880272079531314 0.0083797305827977026 -0.0070903743127683997 0.011701742355273914 -0.017295187740733332 -0.012005551243862008
leaf_weight=34052.015597103164 7.5916356602683654 34.044447415042669 4.3676250251010051 4.1176441609859458 74.24100986123085 97.72427736222744 143.38734591007233 67.24481113255024 50.029869273304939 52.454545613378286 50.879764502868056 58.971987627446651 92.290256634354591 107.20017302036285
leaf_count=150388 392 2713 159 121 317 421 613 293 206 356 282 340 385 469
internal_value=0.000143845 -0.0101941 -0.0187753 -0.023133 0.000164553 -0.0026685 -0.00128139 0.00542146 0.0139579 -0.00423185 -0.00598576 0.00324636 -0.00895947 -0.00483804
internal_weight=34896.6 50.1214 42.5297 38.1621 34846.4 794.424 720.183 214.999 117.275 505.184 452.73 109.852 342.878 250.588
internal_count=157455 3385 2993 2834 154070 3682 3365 920 499 2445 2089 622 1467 1082
is_linear=0
shrinkage=0.05


Tree=262
num_leaves=15
num_cat=0
split_feature=5 3 6 1 7 1 2 2 1 0 3 0 4 4
split_gain=3.38236 6.05667 7.24835 7.5554 8.59616 6.61279 6.09517 5.47792 5.36718 6.16609 5.92649 5.36254 5.04231 4.95647
threshold=21.558050000000005 1930.5000000000002 48.856600000000007 28.500000000000004 18.069600000000005 25.500000000000004 6.5000000000000009 12.500000000000002 22.500000000000004 46.500000000000007 1958.5000000000002 33.500000000000007 31.732150000000004 35.221550000000008
decision_type=10 2 8 2 8 2 10 10 2 2 2 2 10 10
left_child=-1 2 11 4 -4 6 -6 -8 -3 10 12 13 -10 -2
right_child=1 8 3 -5 5 -7 7 -9 9 -11 -12 -13 -14 -15
leaf_value=0.00010584992237156087 0.0053929794365882265 -0.0070358752526251235 0.017011369766725157 -0.012049671368992312 -0.011770246462636705 0.010885437342224549 0.0086282741449060993 -0.008368543883600121 -0.00031775807124370106 -0.0087936386252806722 -0.0021180732961159935 -0.023487758400944306 0.018009278423917339 -0.012290609067091273
leaf_weight=33805.319994054269 49.584857538342476 98.664762068539858 52.241682883352041 122.79988630767912 143.06552042067051 62.967266127467155 95.985271438956261 60.774143181741238 49.798548772931099 46.656469948589802 85.001611486077309 61.524959361180663 124.29341903328896 83.173747085034847
leaf_count=152371 209 424 230 646 616 284 408 307 215 362 365 320 512 360
internal_value=1.49474e-05 -0.00264395 -0.00530608 -0.00212099 0.00123561 -0.00180619 -0.00498564 0.00183747 0.00219827 0.00542713 0.00843459 -0.0131024 0.0132743 -0.00584451
internal_weight=34941.9 1136.53 732.117 537.834 415.034 362.792 299.825 156.759 404.415 305.75 259.094 194.284 174.092 132.759
internal_count=157629 5258 3380 2491 1845 1615 1331 715 1878 1454 1092 889 727 569
is_linear=0
shrinkage=0.05


Tree=263
num_leaves=15
num_cat=0
split_feature=0 3 1 5 5 11 3 9 6 11 9 8 6 8
split_gain=3.64412 2.68253 6.14482 9.43642 6.68764 5.79565 7.0116 5.13518 9.15814 11.3975 8.1063 9.78935 10.0111 7.44299
threshold=13.500000000000002 1940.5000000000002 21.500000000000004 10.734950000000003 20.790250000000004 -75.158349999999984 1951.5000000000002 47.498750000000008 57.397700000000007 15.555900000000001 47.210900000000009 129.39671948815368 38.297650000000004 28.539585138120035
decision_type=2 2 2 10 10 10 2 10 10 10 10 8 10 8
left_child=-1 -2 3 5 -5 -3 -7 10 13 -10 11 12 -4 -9
right_child=1 2 7 4 -6 6 -8 8 9 -11 -12 -13 -14 -15
leaf_value=0.011751564746502536 -6.3439540295257712e-05 0.0026935073513433641 -0.0051835669992485126 0.015901012165274078 -0.0057866920731888408 -0.0047237286007860303 -0.028910029055625199 -0.0036290784178307487 0.013169346862750906 -0.012973647727454789 -0.018283233994785656 -0.0016357716516621241 0.02113184263935923 0.0094944548417129834
leaf_weight=46.595292836427689 32918.664581740275 44.212156131863594 44.784281861968338 54.166051365435123 53.198321811854839 71.975938975811005 46.60422383248806 116.99336907453835 42.079268680885434 113.82771027367562 37.184505857527256 579.046049751807 85.982843437232077 675.13606762420386
leaf_count=224 147087 197 207 230 230 305 211 547 206 556 175 3620 393 3368
internal_value=6.64984e-05 4.41656e-05 0.00182913 -0.00493287 0.00593368 -0.0119646 -0.0170299 0.00295182 0.00535526 -0.00522259 -0.000158568 0.00126594 0.0126274 0.00751454
internal_weight=34930.5 34883.9 1965.19 270.157 107.364 162.792 118.58 1695.03 948.036 155.907 746.998 709.813 130.767 792.129
internal_count=157556 157332 10245 1173 460 713 516 9072 4677 762 4395 4220 600 3915
is_linear=0
shrinkage=0.05


Tree=264
num_leaves=15
num_cat=0
split_feature=1 0 3 3 3 12 12 12 3 3 3 7 2 1
split_gain=2.39967 8.18352 4.73037 10.4951 4.38082 6.15254 2.42555 12.165 9.89925 7.43339 18.3895 12.879 15.9238 10.0237
threshold=50.500000000000007 67.500000000000014 1760.5000000000002 1866.5000000000002 1954.5000000000002 28.608350000000005 14.017150000000003 14.368950000000002 1656.5000000000002 1927.5000000000002 1907.5000000000002 26.070300000000003 8.5000000000000018 24.500000000000004
decision_type=2 2 2 2 2 8 10 10 2 2 2 8 8 2
left_child=6 2 -2 -4 5 -5 -1 -8 -9 10 -10 -12 13 -13
right_child=1 -3 3 4 -6 -7 7 8 9 -11 11 12 -14 -15
leaf_value=-0.00023229662388694878 -0.011939839042226733 -0.01983288896592994 0.021464614695595605 -0.014802532665330043 0.01643260699141838 0.0032730167080064483 0.017902147670403691 -0.018900067944993673 0.0024086153198189962 0.0058731270323877467 -0.017136342990553395 -0.0030244673479239903 -0.014351659682865026 0.022326809491698772
leaf_weight=31951.482942448929 17.240371091291308 14.528181067202238 75.969535993412137 39.800991117954254 24.410814730450511 201.73023395705968 86.619656436145306 43.211145076900721 1374.3813592037186 599.95812867116183 219.85915919858962 66.987999573349953 94.829614536836743 61.169084131717682
leaf_count=139204 311 1527 1028 676 363 2564 393 245 6359 2659 944 288 456 268
internal_value=-6.9401e-05 0.00381228 0.00576447 0.00726767 0.00199448 -0.000609791 -0.000113631 0.0013652 0.000643355 0.00114496 -0.000462992 -0.00909406 -0.000406776 0.0104562
internal_weight=34872.2 373.68 359.152 341.912 265.942 241.531 34498.5 2547.02 2460.4 2417.19 1817.23 442.846 222.987 128.157
internal_count=157285 6469 4942 4631 3603 3240 150816 11612 11219 10974 8315 1956 1012 556
is_linear=0
shrinkage=0.05


Tree=265
num_leaves=15
num_cat=0
split_feature=8 3 0 3 3 11 7 11 3 3 8 2 3 8
split_gain=3.64345 3.07673 11.4433 8.66208 5.19715 4.73803 3.21125 9.99671 8.84186 13.3187 7.649 7.55225 10.051 6.38989
threshold=15167.747100195398 1968.5000000000002 45.500000000000007 1971.5000000000002 1965.5000000000002 16.375650000000004 1.3829 2.3445000000000005 1813.5000000000002 1821.5000000000002 17.208125890504729 57.500000000000007 1905.5000000000002 5.6001034705860464
decision_type=10 2 2 2 2 8 10 10 2 2 10 8 2 10
left_child=1 4 3 -3 6 -4 -1 -8 10 -10 -9 13 -13 -11
right_child=-2 2 5 -5 -6 -7 7 8 9 11 -12 12 -14 -15
leaf_value=0.00034455620181165841 -0.011690742732553662 0.010368133261294384 0.022554348921779734 -0.011941968948421255 -0.011411547315875245 -0.0015672658763552288 -0.014435568417080161 0.00050542315632784299 0.017978721379413875 -0.0043513229688400658 -0.0090113238360064792 0.01738278951672266 -0.007318064131058454 0.00048284175483200801
leaf_weight=29413.090351793449 45.081247569061816 53.145138099789619 71.463713179342449 89.927566647529602 77.599439947865903 23.00245959777385 115.01215468067676 348.7529386235401 84.041550378315151 857.4866886283271 507.31016665510833 109.52899053553119 46.910077105276287 3079.4675502358004
leaf_count=131654 226 233 566 415 434 234 510 1735 381 3798 2592 485 220 13998
internal_value=0.000128909 0.000150878 0.0055958 -0.00339955 0.000110332 0.0174332 0.000142786 -0.00100679 -0.00064403 0.000312282 -0.00521125 -0.000136081 0.00998601 -0.000586733
internal_weight=34921.8 34876.7 237.539 143.073 34639.2 94.4662 34561.6 5148.51 5033.5 4177.43 856.063 4093.39 156.439 3936.95
internal_count=157481 157255 1448 648 155807 800 155373 23719 23209 18882 4327 18501 705 17796
is_linear=0
shrinkage=0.05


Tree=266
num_leaves=15
num_cat=0
split_feature=8 5 8 9 8 7 7 4 0 7 12 0 8 8
split_gain=3.83149 6.41975 3.30346 8.56254 8.16766 7.3896 6.13227 2.80172 6.43599 8.0254 5.66919 4.77445 4.68093 5.36326
threshold=10139.780564788411 4.8790000000000004 6655.9052632384737 48.882450000000006 6222.3084097981582 -77.453749999999985 -74.004599999999996 59.717100000000009 28.500000000000004 24.111950000000004 6.140200000000001 31.500000000000004 1234.0873789924178 202.79683983930337
decision_type=10 10 10 10 10 10 10 10 2 10 10 2 8 10
left_child=2 -2 4 6 7 -5 -4 -1 -9 10 -10 -12 13 -13
right_child=1 -3 3 5 -6 -7 -8 8 9 -11 11 12 -14 -15
leaf_value=-3.495624230687527e-05 -0.017896542702843288 0.0033444309394996211 0.0080009193743742543 -0.0034218934566004121 -0.017392665589456249 0.018999415435125802 -0.012495557994773613 0.010996499592943007 -0.0098510941321406156 -0.015061386711153988 -0.0043368333495163091 0.0018464280113942742 -0.00061552903242085492 0.025398587669346023
leaf_weight=34010.820798968896 57.267164605669677 56.072488016448915 44.150646766647696 44.591261092573404 47.482292899861932 103.7792070005089 69.328972294926643 169.43458025157452 45.730628103017807 55.54495196044445 56.294710844755173 41.540058029815555 53.717244762927294 51.700532607734203
leaf_count=153308 287 256 210 208 220 467 329 721 207 273 243 198 293 248
internal_value=-3.08266e-06 -0.00846257 2.93193e-05 0.00542046 -1.46743e-05 0.0126549 -0.00451718 1.9321e-05 0.00375789 -0.00069905 0.00338664 0.00698074 0.0113163 0.0170851
internal_weight=34907.5 113.34 34794.1 261.85 34532.3 148.37 113.48 34484.8 473.963 304.528 248.983 203.253 146.958 93.2406
internal_count=157468 543 156925 1214 155711 675 539 155491 2183 1462 1189 982 739 446
is_linear=0
shrinkage=0.05


Tree=267
num_leaves=15
num_cat=0
split_feature=1 2 10 8 1 1 11 8 10 8 2 8 1 4
split_gain=3.31783 3.19224 9.63598 4.94361 4.14697 7.94917 6.60147 4.22911 3.26196 3.00695 2.8042 7.47789 3.9153 5.0551
threshold=58.500000000000007 1.0000000180025095e-35 33.017250000000004 880.33045572435162 27.500000000000004 24.500000000000004 -0.12744999999999998 268.99760406226835 51.387650000000008 365.50405620890257 17.500000000000004 85.551771813401061 16.500000000000004 54.990650000000009
decision_type=2 8 10 10 2 2 10 8 10 8 10 8 2 8
left_child=1 2 -1 4 5 6 -4 -6 -7 -8 -3 -12 13 -13
right_child=-2 10 3 -5 7 8 9 -9 -10 -11 11 12 -14 -15
leaf_value=-0.0061101172230566885 -0.010457349303574838 0.00025455887407019421 0.0081004819378123916 0.014018541456258769 -0.013646386582551004 0.0029824937116214299 -0.0010260164061617304 0.0018062424559980425 0.019149721361413866 -0.017161299397880785 -0.0099339021678136238 -0.015226991187637557 0.0041864103171904586 0.0025298481038049984
leaf_weight=674.00560034438968 52.297473180107772 32119.217935838737 64.156357929110527 63.774632751941681 63.525820389389992 63.47698213160038 54.651794627308846 85.595724783837795 64.12292854487896 48.417598038911819 95.04551269300282 43.335258755832911 1322.5409810366109 96.787565914914012
leaf_count=2852 3037 139358 275 269 272 269 231 383 279 204 776 231 8595 460
internal_value=0.000243613 0.000265655 -0.00226696 0.00287307 0.000736688 0.0041003 -0.00303923 -0.00561191 0.012601 -0.0101628 0.000355817 0.00241402 0.00333958 -0.00417773
internal_weight=34911 34858.7 1181.73 507.722 443.947 294.826 167.226 149.122 127.6 103.069 33676.9 1557.71 1462.66 140.123
internal_count=157491 154454 5034 2182 1913 1258 710 655 548 435 149420 10062 9286 691
is_linear=0
shrinkage=0.05


Tree=268
num_leaves=15
num_cat=0
split_feature=10 4 2 2 4 14 9 4 14 3 2 1 3 4
split_gain=3.59267 6.12503 7.74256 6.57275 5.46142 9.14184 10.2842 6.80342 5.64699 7.17157 5.84907 4.72082 7.28991 4.36164
threshold=61.309200000000011 59.717100000000009 1.5000000000000002 11.500000000000002 58.418950000000002 1.0000000180025095e-35 59.210900000000009 56.668500000000002 1.0000000180025095e-35 1913.5000000000002 13.500000000000002 21.500000000000004 1836.5000000000002 55.53990000000001
decision_type=10 10 8 10 10 2 10 10 2 2 8 2 2 10
left_child=1 4 -3 -4 7 6 -6 13 10 -10 -9 -8 -13 -1
right_child=-2 2 3 -5 5 -7 11 8 9 -11 -12 12 -14 -15
leaf_value=0.00022495650529278543 -0.0097267930944768561 -0.0081963159473936488 0.012722379433253092 -0.0024742150297818871 -0.013165316907885513 -0.013239307925273489 0.01605390245363171 0.0071166450465299409 0.023103208887879444 -0.00089400576600323373 -0.0099046517301726519 -0.013218224809643171 0.0084614617045342955 -0.0040636109759129803
leaf_weight=33074.643689606339 71.048399675637484 63.04517428483814 263.05803515482694 87.322376424446702 72.203579625114799 182.04562514740974 64.037225048989058 132.57514167902991 72.43387540243566 44.770627958700061 55.78378534456715 40.851391822099686 87.01602254062891 583.7182201212272
leaf_count=148907 328 270 1143 487 347 852 291 593 338 204 335 228 397 2694
internal_value=0.000192906 0.000218716 0.00612555 0.00900597 0.00014423 -0.0052312 0.00083208 0.00021788 0.00741123 0.0151425 0.00160882 0.00684407 0.000684157 0.000148213
internal_weight=34894.6 34823.5 413.426 350.38 34410.1 446.154 264.108 33963.9 305.563 117.205 188.359 191.905 127.867 33658.4
internal_count=157414 157086 1900 1630 155186 2115 1263 153071 1470 542 928 916 625 151601
is_linear=0
shrinkage=0.05


Tree=269
num_leaves=15
num_cat=0
split_feature=8 2 8 9 7 4 7 3 3 1 3 4 0 3
split_gain=3.96738 7.52545 6.68009 5.6116 6.21746 5.12133 3.32087 11.0112 9.39019 7.01092 6.60789 8.20378 7.88532 6.73102
threshold=6655.9052632384737 13.500000000000002 6222.3084097981582 48.882450000000006 -73.949049999999986 50.087800000000009 10.684600000000001 1746.5000000000002 1772.5000000000002 41.500000000000007 1963.5000000000002 38.896400000000007 50.500000000000007 1914.5000000000002
decision_type=10 10 10 10 10 10 10 2 2 2 2 8 2 2
left_child=2 3 6 4 -2 -5 10 -8 -9 -10 13 -12 -13 -1
right_child=1 -3 -4 5 -6 -7 7 8 9 -11 11 12 -14 -15
leaf_value=-0.00037921239772732772 0.0065700467407228628 0.017208611702617688 -0.016038300717353647 0.01451617047536549 -0.013742148862580034 -0.0012401528343474592 -0.01201086989917534 0.015515110566515534 -0.0019118834538483474 0.010754412753522402 0.0084991873361432001 -0.018391581055327604 0.0053790743489892153 0.0016520882541029335
leaf_weight=26262.968417024706 44.773530791513622 72.446826990693808 47.424148028716445 77.108238517306745 81.548090557567775 103.8664437122643 224.71772259380668 64.13337079808116 2821.2170067178085 93.892421153374016 41.116352900862694 131.05903056263924 35.415808419231325 4807.2950394107029
leaf_count=116165 200 423 220 336 369 458 1294 322 12269 774 247 593 458 23326
internal_value=-0.000257607 0.00469548 -0.000314766 0.000874139 -0.00662871 0.00624967 -0.000283856 -0.0018118 -0.000967541 -0.00143341 -0.000126283 -0.00861496 -0.0133001 -6.40622e-05
internal_weight=34909 379.743 34529.2 307.296 126.322 180.975 34481.8 3203.96 2979.24 2915.11 31277.9 207.591 166.475 31070.3
internal_count=157454 1786 155668 1363 569 794 155448 14659 13365 13043 140789 1298 1051 139491
is_linear=0
shrinkage=0.05


Tree=270
num_leaves=15
num_cat=0
split_feature=3 11 6 4 6 14 1 4 3 6 0 7 11 11
split_gain=3.90347 13.8604 8.70823 13.3027 10.8294 8.59545 15.9627 13.2457 13.9087 12.6927 12.6654 10.4466 10.3389 18.9124
threshold=1880.5000000000002 -78.879049999999992 55.953500000000005 57.787650000000006 58.012850000000007 1.0000000180025095e-35 29.500000000000004 40.65120000000001 1908.5000000000002 48.874850000000009 27.500000000000004 -87.629599999999982 -76.880999999999986 -72.87309999999998
decision_type=2 8 10 8 10 2 2 10 2 10 2 8 8 8
left_child=1 -1 -3 -4 -5 12 7 11 9 -9 -11 -7 -2 -14
right_child=5 2 3 4 -6 6 -8 8 -10 10 -12 -13 13 -15
leaf_value=-0.019938025976799618 0.011963984736056517 -0.00059256983380137759 0.020139718959505365 0.015808013370787865 -0.003992253045515576 0.014629541311598644 0.0026814759282187276 0.0088353362752850977 -0.0087961307917036099 -0.02358888873000374 0.0024525149082508849 -0.0010434338845870625 -0.014843463544330511 0.0014220164011450769
leaf_weight=71.473898585885763 205.60425959527493 18749.46665456472 107.16469291783869 72.194876793771982 255.95072933938354 93.700514979660511 1790.474456989672 238.81243493966758 1272.0299890683964 58.594534307718277 106.88423837721348 1617.704320371151 162.0470185354352 10031.93119280925
leaf_count=305 946 82348 491 338 1235 424 9302 1061 5466 243 461 7067 754 46792
internal_value=-4.44693e-05 -0.000520289 -0.000427259 0.00640621 0.00102185 0.000543621 -0.00111801 -0.00313006 -0.00626116 0.00175333 -0.00831778 -2.62502e-05 0.00137155 0.0011349
internal_weight=34834 19256.3 19184.8 435.31 328.146 15577.8 5178.2 3387.73 1676.32 404.291 165.479 1711.4 10399.6 10194
internal_count=157233 84717 84412 2064 1573 72516 24024 14722 7231 1765 704 7491 48492 47546
is_linear=0
shrinkage=0.05


Tree=271
num_leaves=15
num_cat=0
split_feature=3 11 0 11 11 11 2 2 5 3 3 5 7 3
split_gain=2.42281 2.70167 4.79443 2.92323 14.1168 8.52356 8.2114 7.90351 7.16885 8.01357 15.0594 13.3654 12.2938 6.30225
threshold=1982.5000000000002 -94.764849999999981 28.500000000000004 4.3631000000000002 5.8514000000000008 5.3282000000000007 1.0000000180025095e-35 13.500000000000002 2.8864000000000005 1825.5000000000002 1859.5000000000002 3.3425000000000007 2.2679000000000005 1908.5000000000002
decision_type=2 8 2 8 8 10 10 8 8 2 2 10 8 2
left_child=1 2 -1 6 5 7 -3 -5 13 -10 -11 12 -12 -8
right_child=-2 3 -4 4 -6 -7 8 -9 9 10 11 -13 -14 -15
leaf_value=0.015189577051345673 -0.0094820479218375737 0.0025953179628242034 -0.0026283961725456044 0.0006415363803469196 6.3498454514300688e-05 0.021393118391462889 0.00060101950684644074 0.01872438835183551 -0.013914090373237546 0.01014016750062853 -0.0051430271750007783 0.012077778773262465 -0.02558804694125176 -0.0036631787277597396
leaf_weight=58.848545163869858 47.124043248593807 1195.3184919352643 62.828965838998556 269.03331062849611 28740.769917584024 88.715608576312661 2180.3902480015531 58.508200350683182 223.92433676682413 143.99513854086399 274.78685300983489 56.50500980950892 88.342246150132269 1412.8573930058628
leaf_count=248 385 5691 313 1204 128493 423 9964 329 1003 629 1261 279 599 6648
internal_value=8.11444e-06 2.63756e-05 0.0069169 -1.73001e-06 0.000199043 0.00912583 -0.00104851 0.0047633 -0.00205002 -0.00630967 -0.00291523 -0.00765262 -0.011193 -0.00108665
internal_weight=34901.9 34854.8 121.678 34733.1 29157 416.257 5576.12 327.542 4380.8 787.554 563.629 419.634 363.129 3593.25
internal_count=157469 157084 561 156523 130449 1956 26074 1533 20383 3771 2768 2139 1860 16612
is_linear=0
shrinkage=0.05


Tree=272
num_leaves=15
num_cat=0
split_feature=3 2 3 2 4 4 2 0 0 2 6 6 3 3
split_gain=3.76138 7.19259 3.91424 10.5079 3.40085 4.3847 5.8317 7.59311 7.41287 9.03062 7.31437 6.56844 6.56461 5.96408
threshold=1637.5000000000002 3.5000000000000004 1652.5000000000002 6.5000000000000009 56.668500000000002 58.418950000000002 14.500000000000002 36.500000000000007 29.500000000000004 2.5000000000000004 59.342750000000002 58.942550000000004 1866.5000000000002 1842.5000000000002
decision_type=2 8 2 10 10 8 8 2 2 8 8 10 2 2
left_child=1 -1 3 -2 -4 -6 8 -8 10 -10 11 -7 -9 -11
right_child=2 -3 4 -5 5 6 7 12 9 13 -12 -13 -14 -15
leaf_value=-0.0071122543126025508 -0.012366547541637463 0.011824891150959655 -0.00011983801902924559 0.0080733302321109365 0.0074980068539058711 0.0039756906360182758 0.023961029616960935 -0.010864714620570891 -0.020591607420379601 -0.011978641682331341 0.0088478919961506499 -0.016576085742597928 0.010994040410702729 0.0020148260883713228
leaf_weight=56.005123846232891 175.77767469733953 147.31285604834557 33197.349920616951 76.208230502903461 308.96934774424881 75.529358059167862 37.764899745583534 44.527598542161286 60.943304335698485 85.153835170436651 242.37450456619263 48.924597665667534 53.575474401935935 260.63572168815881
leaf_count=247 819 651 149499 410 1476 318 168 328 272 420 1040 208 340 1159
internal_value=-2.95437e-05 0.00643875 -7.11693e-05 -0.0060458 -2.39381e-05 0.00254875 0.000742133 0.00957172 -0.00101084 -0.00553255 0.00402958 -0.00527992 0.000912913 -0.00189772
internal_weight=34871.1 203.318 34667.7 251.986 34415.7 1218.4 909.429 135.868 773.561 406.733 366.828 124.454 98.1031 345.79
internal_count=157355 898 156457 1229 155228 5729 4253 836 3417 1851 1566 526 668 1579
is_linear=0
shrinkage=0.05


Tree=273
num_leaves=15
num_cat=0
split_feature=1 2 3 1 5 8 10 5 2 9 10 8 12 8
split_gain=3.72898 5.68395 3.96926 14.4736 9.95206 7.65872 7.13601 6.83173 11.9514 5.41651 12.7217 9.1153 10.5219 6.75246
threshold=48.500000000000007 45.500000000000007 1919.5000000000002 23.500000000000004 8.4569500000000009 2.4676285159897486 51.336700000000008 20.790250000000004 15.500000000000002 13.086250000000001 31.198550000000004 862.29022012900384 -3.7133499999999997 1265.2572615190463
decision_type=2 8 2 2 8 8 10 10 8 8 8 10 8 10
left_child=2 -2 -1 4 5 -4 7 8 -6 -5 -11 12 -12 -13
right_child=1 -3 3 9 6 -7 -8 -9 -10 10 11 13 -14 -15
leaf_value=-0.00028902904731470673 -0.014152097044619181 -0.0016010730700597221 0.0077826386352303828 0.015499499871941514 0.013556732625573312 -0.010517191116238878 -0.0073495755875332761 -0.0047572072699145459 -0.008366973667896389 -0.0099390678878966982 -0.0065403026352658343 0.0180901423615814 0.0029076055291448501 0.0052923721881490346
leaf_weight=29255.563704793341 93.524196524638683 472.44875050475821 49.989205315709114 60.972167076542974 225.1986830085516 481.10699080303311 172.8226068764925 133.04485958069563 68.12898276746273 180.39126942679286 309.47405321896076 130.01891126669943 2848.8106441106647 425.59816065244377
leaf_count=126895 1905 5878 210 282 958 2106 736 575 309 842 1400 584 12777 1978
internal_value=-0.000132236 -0.00408731 -6.47117e-05 0.00122179 -0.00372432 -0.0085748 0.000713006 0.00416391 0.00825564 0.00264686 0.00236746 0.00301525 0.00194649 0.00881165
internal_weight=34907.1 565.973 34341.1 5085.56 1130.29 531.096 599.195 426.373 293.328 3955.27 3894.29 3713.9 3158.28 555.617
internal_count=157435 7783 149652 22757 4894 2316 2578 1842 1267 17863 17581 16739 14177 2562
is_linear=0
shrinkage=0.05


Tree=274
num_leaves=15
num_cat=0
split_feature=5 11 3 3 14 7 7 0 5 8 3 0 2 2
split_gain=2.63353 5.98968 14.0849 14.0901 8.26567 11.6944 6.84984 8.84295 5.75433 5.66542 7.12951 5.3327 5.27414 8.04815
threshold=18.9222 16.375650000000004 1894.5000000000002 1850.5000000000002 1.0000000180025095e-35 18.069600000000005 21.577650000000002 29.500000000000004 14.412300000000002 152.94071146240455 1928.5000000000002 45.500000000000007 11.500000000000002 6.5000000000000009
decision_type=10 10 2 2 2 10 10 2 8 10 2 2 10 8
left_child=1 -1 3 6 12 9 7 -3 -7 -6 -11 -2 13 -4
right_child=11 2 4 -5 5 8 -8 -9 -10 10 -12 -13 -14 -15
leaf_value=-8.9163332372272025e-05 -0.0011401042492357432 0.014203850258408205 0.0074829744341785498 0.016360267955802747 -0.025875117642049222 -0.0053820835593134872 -0.010168838179143335 -0.0033458251781949763 0.01020420446578325 0.006892743960291426 -0.015382447189391425 -0.011595755186012868 0.016685368114109339 -0.0095924039279849087
leaf_weight=32116.23243507836 1319.8019424602389 120.12759606540203 158.50668342970312 288.74007181636989 59.549789449200034 111.50242399610579 76.046623359899968 134.66244906932116 88.557689893059433 45.894161753356457 66.850688481703401 115.15132172126323 48.434892936609685 92.646781908348203
leaf_count=144623 5674 518 692 1277 276 535 391 737 382 193 308 949 270 410
internal_value=-4.46291e-05 4.60337e-05 0.00335807 0.00867334 -0.001652 -0.00647413 0.00141432 0.00536001 0.00181763 -0.0152898 -0.0066427 -0.00212701 0.00437146 0.000941192
internal_weight=34842.7 33407.8 1291.52 619.577 671.943 372.355 330.837 254.79 200.06 172.295 112.745 1434.95 299.588 251.153
internal_count=157235 150612 5989 2923 3066 1694 1646 1255 917 777 501 6623 1372 1102
is_linear=0
shrinkage=0.05


Tree=275
num_leaves=15
num_cat=0
split_feature=2 3 3 12 11 1 3 10 9 10 10 12 3 9
split_gain=2.54984 9.86782 13.1453 11.6371 11.5193 9.44115 8.42465 8.23114 6.45439 7.22211 9.68535 5.87834 6.4495 10.5912
threshold=26.500000000000004 1836.5000000000002 1914.5000000000002 3.4347000000000008 0.99180000000000013 47.500000000000007 1844.5000000000002 51.477350000000008 51.266950000000008 50.000800000000005 47.988700000000009 -0.33229999999999998 1756.5000000000002 52.024750000000004
decision_type=8 2 2 10 10 2 2 8 8 10 10 10 2 10
left_child=5 8 3 6 7 -1 -3 -4 9 10 -2 -10 -13 -14
right_child=1 2 4 -5 -6 -7 -8 -9 11 -11 -12 12 13 -15
leaf_value=0.00051104631032106108 0.012433754940572863 -0.0088991546051122028 0.018764734295115892 0.0088115084965018995 -0.013330651165398128 -0.012594637525298845 -0.0021812499123493173 0.0023735959572848179 0.0016697558920440215 0.023382363831482327 -0.013953556207842664 -0.016282832974785694 -0.011718850953079075 0.016264065551715924
leaf_weight=21475.499574377201 67.926320700906217 485.32406056718901 60.523907802067697 208.94211472757161 93.667763461358845 118.32437207130715 6665.6763286637142 1900.5077498736791 3547.8498403164558 51.020060952287167 37.877084680832922 78.378256816416979 52.306153248995543 43.7233931357041
leaf_count=93423 378 2103 396 1082 653 2170 30162 9862 15731 270 238 512 249 245
internal_value=9.23995e-05 -0.000451986 -0.00132581 -0.00231205 0.00219514 0.000427645 -0.00266073 0.00306382 0.00166473 0.0110069 0.00227071 0.00121441 -0.0072673 0.00162938
internal_weight=34887.5 13293.7 9414.64 7359.94 2054.7 21593.8 7151 1961.03 3879.08 156.823 105.803 3722.26 174.408 96.0295
internal_count=157474 61881 44258 33347 10911 95593 32265 10258 17623 886 616 16737 1006 494
is_linear=0
shrinkage=0.05


Tree=276
num_leaves=15
num_cat=0
split_feature=2 5 2 9 3 5 8 3 3 5 9 8 7 3
split_gain=1.90242 5.5589 3.99837 2.29612 3.18431 5.11409 2.14426 9.64979 8.83299 8.3044 8.85371 6.70807 4.47588 4.32083
threshold=32.500000000000007 -0.063499999999999987 26.500000000000004 48.208450000000006 1871.5000000000002 2.2803000000000004 0.00011439615133674166 1860.5000000000002 1880.5000000000002 17.456100000000003 52.366750000000003 0.7409185273087594 -43.192249999999994 1793.5000000000002
decision_type=10 10 10 8 2 10 8 2 2 10 10 8 10 2
left_child=2 -2 6 -4 -5 -6 7 13 -9 10 12 -8 -10 -1
right_child=1 -3 3 4 5 -7 11 8 9 -11 -12 -13 -14 -15
leaf_value=0.0020934100281746332 0.015188142870265618 -0.0095900310209663733 0.0047905902323040345 -0.014038259984782586 0.010183082889601739 -0.01302085749789517 -0.015407504384378374 -0.017561024511925056 0.00098184891387543042 -0.0091369933812530599 -0.0076792389462643461 1.698812768457828e-05 0.016166633567721515 0.017784651231660783
leaf_weight=77.13744765566662 45.698828077875078 18.138494864106178 22.113187621347606 95.040831418707967 35.449567713774741 21.539440611377358 50.634959945455194 50.169361017644405 75.720746628940105 106.54714628588408 70.001988355070353 33896.064466098323 130.17917244508862 103.99300543218851
leaf_count=366 713 397 227 808 329 260 225 217 331 464 306 151295 589 452
internal_value=1.66935e-05 0.00753953 -1.4632e-06 -0.00715688 -0.00924959 0.000308725 3.87099e-05 0.00292031 -0.00123234 0.00167591 0.00618694 -1.50777e-05 0.0111637 0.0119749
internal_weight=34798.4 63.8373 34734.6 174.143 152.03 56.989 34560.4 613.749 432.618 382.449 275.902 33946.7 205.9 181.13
internal_count=156979 1110 155869 1624 1397 589 154245 2725 1907 1690 1226 151520 920 818
is_linear=0
shrinkage=0.05


Tree=277
num_leaves=15
num_cat=0
split_feature=10 2 12 6 9 10 8 12 1 1 12 1 6 6
split_gain=3.42888 2.93766 6.28742 2.3383 2.41509 5.49639 4.50438 4.98185 4.21986 3.32906 3.6583 2.33265 2.17594 7.7051
threshold=61.309200000000011 32.500000000000007 -0.46264999999999995 61.003600000000006 60.174250000000008 59.438750000000006 420.38141151839449 10.734950000000003 25.500000000000004 26.500000000000004 17.141250000000003 21.500000000000004 57.001250000000006 55.953500000000005
decision_type=10 10 10 10 10 10 8 10 2 2 10 2 10 10
left_child=1 3 11 4 5 12 8 -8 -6 10 -7 -3 13 -1
right_child=-2 2 -4 -5 6 9 7 -9 -10 -11 -12 -13 -14 -15
leaf_value=0.00023235087577536803 -0.0094109790052302363 0.023955228311710638 -0.0081511755765044363 0.0080782035392924726 0.0091087484502619075 0.020932669594780507 0.00091260545460805089 -0.018656144799602575 -0.0071374533598496485 -0.0014440764735809504 0.0030048037710705021 0.0010381149590614107 -0.0027681278488979706 0.010805738439930187
leaf_weight=33599.347285358701 71.361630521714687 26.289287809282541 21.188903645612299 75.544440378434956 69.052105158567429 51.117257580161095 51.014958603307605 61.834853868931532 53.413226172327995 50.457862738985568 60.608617499470711 17.088857320137322 573.27965487260371 153.20434318017215
leaf_count=150709 329 241 468 341 297 229 229 306 262 243 258 406 2665 692
internal_value=0.000263737 0.000288924 0.00959753 0.00026615 0.000244513 0.000280223 -0.00460115 -0.0110043 0.00201572 0.00894229 0.0131401 0.0181036 0.000234113 0.000286715
internal_weight=34934.8 34863.4 64.567 34798.9 34723.3 34488 235.315 112.85 122.465 162.184 111.726 43.3781 34325.8 33752.6
internal_count=157675 157346 1115 156231 155890 154796 1094 535 559 730 487 647 154066 151401
is_linear=0
shrinkage=0.05


Tree=278
num_leaves=15
num_cat=0
split_feature=1 3 10 11 4 5 10 12 11 12 12 3 3 4
split_gain=3.60828 9.07541 8.08005 12.2459 13.496 7.15872 8.41652 6.70989 8.7851 8.47906 6.55044 6.53951 6.58715 6.43703
threshold=20.500000000000004 1926.5000000000002 34.053300000000007 25.446650000000002 50.371950000000005 -76.051949999999991 50.820400000000006 -3.3769999999999993 -6.2601499999999985 -1.0831499999999996 24.111950000000004 1734.5000000000002 1807.5000000000002 46.468350000000008
decision_type=2 2 8 10 10 8 8 8 8 8 10 2 2 8
left_child=1 2 -1 5 -5 -4 11 8 -8 -9 -2 -7 13 -13
right_child=10 -3 3 4 -6 6 7 9 -10 -11 -12 12 -14 -15
leaf_value=0.012725704366813759 -0.00042105753602075883 -0.0077388864948263487 -0.012823302911701809 -0.024857248549133917 0.0027105630337699929 0.015716447095657074 0.0048187560914820056 0.012156132166318638 -0.020710794373859788 0.00077661152513813249 0.004570578167160705 0.0092993809915351625 0.0068709953041348627 -0.0089224855907461455
leaf_weight=135.70047319680452 28413.947522559203 260.12645529210567 65.188945472240448 73.409072510898113 77.867885008454323 133.82782584428787 47.549118384718895 150.69449784606695 59.773540653288364 4116.8271702565253 652.87116551119834 51.212851472198963 547.41758592799306 138.93287706002593
leaf_count=580 129590 1131 275 346 348 646 204 656 259 17394 3075 222 2300 602
internal_value=-7.75747e-05 0.00105231 0.00148688 0.00116229 -0.0120075 0.00158103 0.00180803 0.000901288 -0.0104198 0.00123327 -0.000305875 0.00623801 0.00414867 -0.00359675
internal_weight=34925.3 5858.53 5598.4 5462.7 151.277 5311.42 5246.24 4374.84 107.323 4267.52 29066.8 871.391 737.563 190.146
internal_count=157628 24963 23832 23252 694 22558 22283 18513 463 18050 132665 3770 3124 824
is_linear=0
shrinkage=0.05


Tree=279
num_leaves=15
num_cat=0
split_feature=12 6 6 5 8 3 3 5 12 2 6 11 11 6
split_gain=3.704 10.3095 12.7746 9.4971 7.59583 15.4641 7.70308 7.34519 8.34809 6.87878 6.6285 7.5316 11.8087 8.95582
threshold=9.8997000000000011 55.847100000000005 57.001250000000006 10.686550000000002 74.242518985045521 1938.5000000000002 1758.5000000000002 14.153050000000002 19.042600000000004 5.5000000000000009 54.977900000000012 4.3631000000000002 5.8514000000000008 52.01335000000001
decision_type=10 10 10 8 10 2 2 10 10 8 10 10 10 10
left_child=10 3 9 -2 -5 6 -6 -7 -9 -3 11 -1 13 -13
right_child=1 2 -4 4 5 7 -8 8 -10 -11 -12 12 -14 -15
leaf_value=0.0001254907050417537 -0.013845733221568339 0.028786173633388215 0.0010008435807241658 3.4612566965610277e-05 0.0064141274380545392 -0.0098729819606727873 -0.010069259848862484 0.016469449446823058 -0.00043018374482450334 0.0032231018551302222 -0.0060535819792713877 0.014908909335959087 0.0013428136986866977 -0.0012215544620992399
leaf_weight=28202.646696646232 160.7727678255178 49.635309303645045 800.54690896440297 1805.351081058383 64.431017883121967 60.105660710483789 771.90631236881018 114.97228127904236 157.19451716169715 51.446288632228971 390.09142969222739 297.10560041479766 1785.7510612937622 114.16381044825539
leaf_count=126382 754 215 3693 8482 372 284 3413 534 722 250 1766 1392 8289 540
internal_value=7.42553e-05 -0.00134609 0.00331593 -0.00269953 -0.0020085 -0.00511232 -0.00867924 0.00384876 0.00734749 0.0184571 0.000261208 0.000346167 0.00315225 0.0105823
internal_weight=34826.1 4036.36 901.629 3134.73 2973.96 1168.61 836.337 332.272 272.167 101.082 30789.8 30399.7 2197.02 411.269
internal_count=157088 18719 4158 14561 13807 5325 3785 1540 1256 465 138369 136603 10221 1932
is_linear=0
shrinkage=0.05


Tree=280
num_leaves=15
num_cat=0
split_feature=1 14 2 2 12 8 3 3 7 10 8 12 7 8
split_gain=4.55716 10.0673 22.2723 13.7916 12.3041 12.2983 11.9512 11.0932 11.8325 10.8589 9.97392 7.78985 12.005 8.31059
threshold=29.500000000000004 1.0000000180025095e-35 2.5000000000000004 4.5000000000000009 8.7793500000000027 1167.6176734918988 1924.5000000000002 1901.5000000000002 1.9053000000000002 44.646650000000008 8440.872017326963 -4.3650499999999992 -74.008049999999983 649.37724142360787
decision_type=2 2 8 10 10 10 2 2 10 8 8 8 8 10
left_child=-1 3 4 11 5 -3 9 8 10 -4 -5 12 -2 -13
right_child=1 2 6 7 -6 -7 -8 -9 -10 -11 -12 13 -14 -15
leaf_value=0.00026424821097677752 0.0094106788182689565 -0.018468363871634429 -0.012086932065632855 0.013573054577829058 0.0043463382112797584 0.004686385498387873 0.0092231977791616109 -0.0013081518408458695 -0.025586629586021228 0.0023502861537024401 -0.0094158523519097415 -0.00086390499390009501 -0.017386085756120048 0.017180044361278051
leaf_weight=24553.990861172788 42.535354728810489 248.02039142325521 120.88620002381504 34.023548687808216 120.42872110195458 64.025502975098789 622.1320621217601 534.50300212809816 98.965602502692491 1732.4574733800255 548.34717142861336 5984.4045339664444 136.82308545894921 44.526849809102714
leaf_count=105279 190 1123 674 223 543 306 3656 3245 828 8570 3373 28549 666 206
internal_value=-0.000106513 -0.000986428 0.00150024 -0.00196184 -0.00872043 -0.0137214 0.00334141 -0.00678689 -0.0109251 0.00128962 -0.00766672 -0.000998139 -0.0107246 -0.000674278
internal_weight=34886.1 10332.1 2907.95 7424.13 432.475 312.046 2475.48 1215.84 681.336 1853.34 582.371 6208.29 179.358 6028.93
internal_count=157431 52152 14872 37280 1972 1429 12900 7669 4424 9244 3596 29611 856 28755
is_linear=0
shrinkage=0.05


Tree=281
num_leaves=15
num_cat=0
split_feature=8 14 8 14 3 3 9 6 9 11 3 3 1 3
split_gain=2.73116 15.6932 13.0098 6.52161 15.0133 11.7038 10.0016 13.0741 12.2923 9.87731 9.03594 12.0254 12.6229 10.7925
threshold=956.44339960092873 1.0000000180025095e-35 1143.2584142733215 1.0000000180025095e-35 1801.5000000000002 1760.5000000000002 50.371100000000006 43.289300000000004 51.922500000000007 6.1521000000000017 1897.5000000000002 1884.5000000000002 35.500000000000007 1865.5000000000002
decision_type=8 2 8 2 2 2 8 8 8 10 2 2 2 2
left_child=1 -1 -2 5 -5 -4 7 -6 9 -8 11 12 -10 -14
right_child=2 -3 3 4 6 -7 8 -9 10 -11 -12 -13 13 -15
leaf_value=0.0014101816293314081 0.01322344779928483 -0.0040254740956244617 -0.0037953684437719011 0.0053196821923057452 0.0017580908786664696 1.3778792109146154e-05 0.015023830015053051 -0.010115123580769771 -0.0012794918693525945 -0.0022307115676876771 0.0031925012306638378 -0.0078688567144622867 0.016129512755683445 -0.0053737668470192511
leaf_weight=2871.7216732413508 168.74034469109029 2438.0440809773281 2222.9860443687066 1777.0911379931495 419.0687383338809 19974.123850833159 242.21006466867402 485.21956764766946 1786.360370432958 114.49157378729433 1579.7251151921228 568.72604927793145 184.08285782998428 70.239282523281872
leaf_count=13349 789 11173 10432 7974 2041 89030 1158 2229 7439 517 7439 2528 965 403
internal_value=-4.94681e-05 -0.00109141 0.000138094 5.41216e-05 0.00135653 -0.000370771 4.95572e-05 -0.00469381 0.00100957 0.00966119 0.000230483 -0.00157335 0.000240507 0.0102319
internal_weight=34902.8 5309.77 29593.1 29424.3 7227.21 22197.1 5450.12 904.288 4545.84 356.702 4189.13 2609.41 2040.68 254.322
internal_count=157466 24522 132944 132155 32693 99462 24719 4270 20449 1675 18774 11335 8807 1368
is_linear=0
shrinkage=0.05


Tree=282
num_leaves=15
num_cat=0
split_feature=12 10 9 11 1 5 5 0 6 0 1 0 11 10
split_gain=2.77653 8.53854 12.3278 6.93224 5.84274 5.75406 13.1208 9.5418 5.32044 5.02282 7.73637 7.25232 4.51309 6.79092
threshold=-2.5973499999999996 56.339150000000011 56.035050000000005 -1.8710999999999998 17.500000000000004 12.569000000000001 -0.83934999999999993 32.500000000000007 42.523000000000003 39.500000000000007 28.500000000000004 26.500000000000004 -0.22404999999999997 53.349850000000011
decision_type=8 10 10 8 2 10 10 2 8 2 2 2 8 10
left_child=1 2 4 9 8 6 -6 -8 -1 10 11 -2 13 -5
right_child=3 -3 -4 12 5 -7 7 -9 -10 -11 -12 -13 -14 -15
leaf_value=-0.00059450257468461696 0.014678077236663782 -0.014911257915608579 0.015392524280483696 -0.0065915687514341813 -0.00053408770147630839 0.010281863947367291 -0.024577674106982736 -0.0017943885310472405 -0.018612974234265566 -0.0050568473323798118 0.024958279891799245 -0.0046100995374393694 7.8178793285289165e-05 0.0061845726051353292
leaf_weight=75.546160131692886 69.186975568532944 94.158190125599504 91.132368412800133 509.37330002943054 2634.2331717270426 88.549104744568467 81.89231850206852 89.919070010073483 73.185245029628277 48.663888393901289 50.836782783269882 92.050973951816559 30796.067404829431 112.63681294256821
leaf_count=323 311 439 431 2392 12303 402 341 464 315 295 221 405 138286 538
internal_value=-8.1099e-05 -0.00147322 -0.000977559 6.16216e-05 -0.00156506 -0.00103034 -0.00145755 -0.0140842 -0.010616 0.00788373 0.011033 0.00437285 -8.26818e-06 -0.00415741
internal_weight=34907.4 3228.62 3134.46 31678.8 3043.33 2894.59 2806.04 171.811 148.731 260.739 212.075 161.238 31418.1 622.01
internal_count=157466 15018 14579 142448 14148 13510 13108 805 638 1232 937 716 141216 2930
is_linear=0
shrinkage=0.05


Tree=283
num_leaves=15
num_cat=0
split_feature=9 8 8 6 10 1 11 12 0 11 9 5 0 11
split_gain=3.48934 9.14836 6.01357 5.13542 7.45096 6.71969 4.05727 4.57561 4.01086 3.96497 3.63807 3.34172 3.22853 2.77152
threshold=59.408200000000008 74.242518985045521 0.7409185273087594 61.003600000000006 60.174250000000008 22.500000000000004 18.656700000000004 5.336100000000001 36.500000000000007 16.351550000000007 59.332750000000011 23.338050000000003 28.500000000000004 16.189550000000004
decision_type=10 8 10 8 10 2 10 10 2 10 10 8 2 10
left_child=10 2 -2 6 9 -6 7 -3 13 -5 -1 -8 -13 -9
right_child=1 3 -4 4 5 -7 11 8 -10 -11 -12 12 -14 -15
leaf_value=-3.4626478041220836e-05 0.0015258142126497194 -0.009487231452067698 0.024197403931963114 0.023487971289137079 -0.014832347409144421 0.0065212184592490126 -0.015163009849200685 0.0021520149362087406 -0.0052134643561664723 0.0051066062936810496 -0.009928271710207319 0.0064742912180792188 -0.0074968879236108526 0.016827175900957933
leaf_weight=34052.621705133934 51.27544292807579 44.585113595239818 58.268857933580875 44.379630165174603 43.943850882351398 68.604450864717364 64.323213189840317 67.474835097789764 45.014840541407466 81.628149697557092 73.172571404371411 50.310143753886223 82.680996903218329 56.13929195702076
leaf_count=153545 223 200 265 205 202 344 303 282 241 378 330 212 404 243
internal_value=1.38346e-05 0.00332347 0.0154592 0.000874464 0.00642218 -0.00279618 -0.00249787 0.00222015 0.00599327 0.0139111 -6.16432e-05 -0.00733119 -0.00205619 0.010232
internal_weight=34884.4 758.629 109.544 649.085 238.556 112.548 410.528 213.214 168.629 126.008 34125.8 197.314 132.991 123.614
internal_count=157377 3502 488 3014 1129 546 1885 966 766 583 153875 919 616 525
is_linear=0
shrinkage=0.05


Tree=284
num_leaves=15
num_cat=0
split_feature=1 0 3 3 0 11 2 11 10 6 5 8 1 8
split_gain=4.6758 4.56668 2.5959 9.54198 7.87083 8.10866 9.9903 6.60106 6.96703 7.14021 9.10355 7.41309 6.20655 11.6452
threshold=8.5000000000000018 16.500000000000004 1944.5000000000002 1948.5000000000002 56.500000000000007 10.734950000000003 16.500000000000004 12.568600000000002 55.643050000000009 49.454750000000004 12.9641 498.4423973158606 24.500000000000004 2387.08493436139
decision_type=2 2 2 2 2 10 8 10 10 8 10 10 2 8
left_child=-1 -2 -3 -4 5 6 12 -7 9 -9 -11 -12 -5 -14
right_child=1 2 3 4 -6 7 -8 8 -10 10 11 -13 13 -15
leaf_value=0.012513142651707294 -0.0089680636794647207 -9.6445426337977972e-05 0.0091193888452068238 -0.0093669800018184243 0.015697396164170156 0.015906557130100221 -0.021175669129887255 -0.00098614164903964349 -0.0095104811196965646 -0.0055727350677018317 0.027873698894724352 0.002463824140475922 0.0057331454938935461 -0.013455033736886777
leaf_weight=54.391317747533321 122.50092744827271 33021.622158163693 341.14362422656268 190.63963760435581 54.973748871590942 66.78844353556633 62.130215458571911 288.67763784527779 104.77694003283978 45.247035697102547 61.234940357506275 50.929593153297901 311.52381686866283 83.967405125498772
leaf_count=261 518 147802 1732 834 1346 290 358 1248 466 199 264 219 1363 399
internal_value=-8.85999e-06 -3.56029e-05 1.09633e-06 0.00191718 -5.11966e-05 -0.000968603 -0.00480416 0.00308143 0.00102368 0.00379986 0.0116986 0.0184548 -0.00242731 0.0012077
internal_weight=34860.5 34806.2 34683.7 1662.03 1320.89 1265.92 648.261 617.655 550.866 446.089 157.412 112.165 586.131 395.491
internal_count=157299 157038 156520 8718 6986 5640 2954 2686 2396 1930 682 483 2596 1762
is_linear=0
shrinkage=0.05


Tree=285
num_leaves=15
num_cat=0
split_feature=8 2 1 8 9 9 3 5 3 8 12 1 8 2
split_gain=3.56824 9.47154 9.53369 9.12566 8.09132 9.57634 5.6256 4.53261 10.8673 11.1572 5.54189 7.94204 6.30592 3.59468
threshold=74.242518985045521 16.500000000000004 23.500000000000004 35.960800426070385 59.332750000000011 55.750550000000011 1957.5000000000002 3.2260000000000004 1859.5000000000002 3.0749149823511082 13.087750000000002 19.500000000000004 12.322128236417919 5.5000000000000009
decision_type=8 10 2 10 10 10 2 10 2 10 10 2 10 8
left_child=1 2 3 7 5 6 -4 8 -1 -10 12 -12 -9 -2
right_child=13 -3 4 -5 -6 -7 -8 10 9 -11 11 -13 -14 -15
leaf_value=0.012500673907654464 0.00060158454819630406 -0.010969319209904502 -0.0019361592978309112 0.016595829099521855 0.013916790070414074 -0.016903339947657831 0.01052209693699134 0.017995373326737899 0.0035015828523877282 -0.020408486017758132 0.012621234210158372 -0.0058334300270846771 -0.0017607852719815978 -0.00054599792347531705
leaf_weight=73.787084296345711 9588.0292050158605 109.73536839522421 611.7889344682917 169.79087480902672 66.284730713814497 77.286588774062693 85.790034247562289 133.31489382684231 90.025918781757355 75.1387829631567 73.657868236303329 134.98119224607944 50.31243908405304 23537.454549374059
leaf_count=306 41192 837 2806 719 298 347 404 561 381 314 313 566 210 108109
internal_value=-9.68622e-05 0.00208931 0.00308343 0.00691701 -0.000643062 -0.00220739 -0.000153448 0.00388378 -0.00148279 -0.00840535 0.00706621 0.00121592 0.0129411 -0.000213673
internal_weight=34877.4 1751.89 1642.16 801.009 841.15 774.866 697.579 631.218 238.952 165.165 392.266 208.639 183.627 33125.5
internal_count=157363 8062 7225 3370 3855 3557 3210 2651 1001 695 1650 879 771 149301
is_linear=0
shrinkage=0.05


Tree=286
num_leaves=15
num_cat=0
split_feature=8 1 4 10 3 12 6 10 11 8 3 5 8 6
split_gain=3.10276 2.79266 7.07196 7.18433 6.92897 11.2149 12.1075 9.99139 9.42432 8.53164 9.93016 8.33307 6.74836 6.22743
threshold=15167.747100195398 21.500000000000004 56.471450000000011 55.953500000000005 1926.5000000000002 10.000550000000002 49.196850000000005 35.193050000000007 -76.478899999999982 101.11467674896382 1859.5000000000002 25.515250000000005 34.13838983824693 54.598350000000003
decision_type=10 2 10 10 2 10 10 8 10 8 2 10 10 10
left_child=1 2 3 4 7 8 -7 11 -6 10 -9 -1 -12 -11
right_child=-2 -3 -4 -5 5 6 -8 9 -10 13 12 -13 -14 -15
leaf_value=0.020165900139360031 -0.010821536733262596 -0.00015085161782900537 0.0075983106710541433 -0.013451116759678161 0.0051481578942027453 -0.0067125621402523913 0.021404155201725776 0.013984841537378416 -0.015736918398512587 0.00054214415685230051 -0.0077030630206401237 -0.0011126680198053952 0.010425850424076699 -0.011452092662293765
leaf_weight=103.0078447535634 45.192237130366266 26684.148508428596 356.63162114657462 70.226321773603559 59.991462305188179 69.346491698175669 49.854102209210396 233.04855975881219 208.28304950147867 6663.4833314046264 121.10829519852996 70.315451614558697 60.883643560111523 90.017595395445824
leaf_count=438 225 122479 1611 315 267 298 211 1018 904 28168 525 304 267 401
internal_value=7.64276e-05 9.6764e-05 0.000905261 0.000580573 0.000742447 -0.00560829 0.00643262 0.00109194 -0.0110335 0.000787175 0.00757437 0.0123114 -0.00120641 0.00034893
internal_weight=34885.5 34840.3 8156.2 7799.57 7729.34 387.475 119.201 7341.86 268.275 7168.54 415.04 173.323 181.992 6753.5
internal_count=157431 157206 34727 33116 32801 1680 509 31121 1171 30379 1810 742 792 28569
is_linear=0
shrinkage=0.05


Tree=287
num_leaves=15
num_cat=0
split_feature=9 4 0 0 11 3 9 3 3 9 4 8 0 3
split_gain=3.66201 10.6492 7.82211 11.2879 6.56774 11.3068 10.8962 7.95717 11.0084 13.6329 7.69453 7.47279 7.64904 5.36927
threshold=55.953100000000006 55.53990000000001 36.500000000000007 42.500000000000007 -3.3546999999999998 1840.5000000000002 58.752500000000005 1937.5000000000002 1881.5000000000002 57.700400000000009 58.418950000000002 467.12867753179859 24.500000000000004 1756.5000000000002
decision_type=10 10 2 2 10 2 10 2 2 10 10 10 2 2
left_child=1 -1 -3 -4 5 -2 7 8 10 -10 13 12 -8 -6
right_child=4 2 3 -5 6 -7 11 -9 9 -11 -12 -13 -14 -15
leaf_value=-4.9255835743253308e-06 -0.023733771710237314 -0.014160147917492977 0.016621751096810179 -0.013323546288760556 0.022241552368948279 0.0069564232013397415 -0.011334250507490108 0.022292059424349059 -0.012963238017099775 0.01237734018662672 -0.0071793929465861182 -0.006843253039782617 0.0037628945579249655 0.0078430780602676813
leaf_weight=32769.434877886437 43.433670830912888 207.22344598174095 46.815283939242363 40.058105927892029 92.479024970903993 43.657934608869255 74.142222248017788 66.850603369064629 125.35130396857858 64.725490445271134 42.919941023923457 284.61664435453713 789.01943221082911 251.68284728843719
leaf_count=147468 211 876 199 285 519 203 318 326 580 291 220 1305 3698 1135
internal_value=2.9823e-05 -9.27538e-05 -0.00925548 0.00290437 0.00216512 -0.00992317 0.00285574 0.00795372 0.00560197 -0.00397734 0.0102702 -9.19228e-05 0.0022388 0.0127211
internal_weight=34942.4 33063.5 294.097 86.8734 1878.88 87.0916 1791.79 644.009 577.159 190.077 387.082 1147.78 863.162 344.162
internal_count=157634 148828 1360 484 8806 414 8392 3071 2745 871 1874 5321 4016 1654
is_linear=0
shrinkage=0.05


Tree=288
num_leaves=15
num_cat=0
split_feature=3 3 1 3 0 1 8 8 9 6 6 7 3 6
split_gain=3.89328 3.53306 6.7551 6.60703 7.62373 5.1245 4.23481 4.22346 3.93136 10.8839 4.5236 3.85164 3.82929 6.12763
threshold=1982.5000000000002 1955.5000000000002 25.500000000000004 1954.5000000000002 55.500000000000007 26.500000000000004 1492.1786247422351 4122.1520781143872 51.522750000000009 43.439150000000005 34.68845000000001 16.375000000000004 1960.5000000000002 51.499600000000008
decision_type=2 2 2 2 2 2 8 8 10 10 8 8 2 10
left_child=1 3 8 4 -1 -6 12 -8 9 10 -3 -9 -4 -14
right_child=-2 2 6 -5 5 -7 7 11 -10 -11 -12 -13 13 -15
leaf_value=0.00025741389288243911 -0.011805786846081599 0.0031978455054994894 0.016701177490847454 -0.014063246203635605 0.0074138931548044648 -0.010869540846703166 -0.0094968235408935814 0.012038084317926794 -0.010294178824501295 0.014914312003635353 -0.015553931813406283 -0.0072953611746303633 0.01046848913665782 -0.0048741792573906949
leaf_weight=33754.336661618203 47.290689185261726 45.201466720551252 110.99400349520147 61.493309988640249 31.122877033427358 217.51045804098248 55.637833232991397 57.025241635739803 88.862357303500175 68.506746917963028 57.371342852711678 22.67781973676756 170.83783834334463 84.205462956801057
leaf_count=145840 387 217 537 317 586 6196 306 306 389 297 265 409 872 418
internal_value=0.000210085 0.000233169 0.00355761 0.000156825 0.000190794 -0.00819932 0.00685719 -0.000659407 -0.00284186 0.00170135 -0.00811701 0.0061772 0.0095266 0.00541685
internal_weight=34873.1 34825.8 761.32 34064.5 34003 248.633 501.378 135.341 259.942 171.08 102.573 79.7031 366.037 255.043
internal_count=157342 156955 4016 152939 152622 6782 2848 1021 1168 779 482 715 1827 1290
is_linear=0
shrinkage=0.05


Tree=289
num_leaves=15
num_cat=0
split_feature=8 2 8 14 12 12 7 2 4 6 2 4 10 7
split_gain=2.45178 7.50553 7.10491 6.23312 6.65546 6.32631 8.32256 5.86953 7.1063 9.84025 5.44884 11.4919 10.6394 6.48918
threshold=101.11467674896382 16.500000000000004 149.61627921837052 1.0000000180025095e-35 2.1823000000000001 3.2260000000000004 4.8750000000000009 1.5000000000000002 52.374700000000011 49.860700000000008 5.5000000000000009 42.798600000000008 49.634200000000007 8.6862500000000029
decision_type=8 10 8 2 10 10 10 8 10 10 10 10 10 10
left_child=1 3 7 4 -1 -6 -7 -2 9 -9 13 -12 -13 -5
right_child=2 -3 -4 10 5 6 -8 8 -10 -11 11 12 -14 -15
leaf_value=0.011355722026320545 0.0043203645952945794 -0.009107243623210165 -5.5934588565684603e-05 -0.0094579176249292504 -0.0073690095178497346 0.018546526156612855 0.0021567585084918523 -0.01136428073458564 -0.019177554284233123 0.0080033494460333473 -0.011143139029493928 0.019774003140613051 0.00022500026362818864 0.0018857649862114977
leaf_weight=279.19758019410074 88.594484217464924 130.99631439801306 32524.718894758262 247.78529397957027 118.16062382841483 70.662002742290497 586.12717891391367 144.97855805046856 102.16132325306535 90.900193380191922 77.8517962154001 104.52240306138992 158.85796175617725 227.67706542741507
leaf_count=1219 380 998 146483 1051 583 313 2557 661 484 440 350 456 714 972
internal_value=-3.83619e-05 0.00165177 -0.000141979 0.00249348 0.00499767 0.00247893 0.00441605 -0.00640541 -0.00930076 -0.00385843 -0.000780999 0.00390932 0.00883106 -0.0041691
internal_weight=34953.2 2001.84 32951.4 1870.84 1054.15 774.95 656.789 426.635 338.04 235.879 816.695 341.232 263.38 475.462
internal_count=157661 9213 148448 8215 4672 3453 2870 1965 1585 1101 3543 1520 1170 2023
is_linear=0
shrinkage=0.05


Tree=290
num_leaves=15
num_cat=0
split_feature=8 1 7 12 6 4 2 7 11 3 0 12 4 3
split_gain=2.07349 2.09606 10.2879 9.9527 6.56881 8.3694 8.47873 8.12551 9.57955 7.68519 6.72208 5.95485 5.70546 5.47674
threshold=15167.747100195398 20.500000000000004 -86.016649999999984 26.753050000000005 49.454750000000004 50.827800000000003 19.500000000000004 7.4092000000000011 -0.19059999999999996 1877.5000000000002 43.500000000000007 24.747500000000006 34.24465 1916.5000000000002
decision_type=10 2 8 10 8 10 8 8 10 2 2 10 8 2
left_child=1 2 -1 4 5 6 -4 8 -6 -10 13 -3 -5 -9
right_child=-2 11 3 12 7 -7 -8 10 9 -11 -12 -13 -14 -15
leaf_value=-0.015011045435483601 -0.0088514838668347032 -0.00031068600202451284 0.0057777971693633856 0.0015242156398987874 0.0057339854106182369 0.020783020130211573 -0.012391943613972585 0.00073594771369184047 -0.0042373758495664032 -0.024472986361657581 0.01265621171565417 0.0046168877439158275 -0.015332353699275339 0.011089825872338283
leaf_weight=80.857065930962563 46.73740199347958 28396.524116651155 558.44137528538704 72.535312585532665 87.063468441367149 65.703259419649839 53.326421078294516 4437.1660512164235 124.52288778871298 67.336638912558556 108.26653162762523 606.67519243061543 121.77245765179396 111.69882245361805
leaf_count=356 230 129500 2343 314 372 282 293 18559 544 293 709 2842 563 478
internal_value=-4.66211e-05 -2.97631e-05 0.000828651 0.00109993 0.00149868 0.00604273 0.00385183 0.000853147 -0.00714527 -0.0129793 0.00136069 -0.000204503 -0.00948478 0.00103762
internal_weight=34938.6 34891.9 5888.69 5807.83 5613.53 677.471 611.768 4936.05 278.923 191.86 4657.13 29003.2 194.308 4548.86
internal_count=157678 157448 25106 24750 23873 2918 2636 20955 1209 837 19746 132342 877 19037
is_linear=0
shrinkage=0.05


Tree=291
num_leaves=15
num_cat=0
split_feature=1 2 12 7 4 4 11 4 11 11 11 1 2 10
split_gain=3.86869 11.0124 8.75702 8.69498 8.07042 4.8195 4.21218 3.14991 3.07765 5.19457 3.42523 3.27186 5.75656 6.41419
threshold=16.500000000000004 19.500000000000004 -2.6852499999999995 19.695850000000004 50.113650000000007 22.315950000000004 12.081600000000002 54.879900000000013 48.161950000000004 81.258300000000006 37.617100000000008 43.500000000000007 13.500000000000002 50.543450000000007
decision_type=2 8 8 8 8 10 10 8 10 10 10 2 8 8
left_child=1 2 -1 4 -4 -5 -7 -3 10 -10 11 -2 -13 -14
right_child=8 7 3 5 -6 6 -8 -9 9 -11 -12 12 13 -15
leaf_value=-0.014050792762014775 0.00014638923359858229 -0.023160579432223716 0.025102230696619699 0.0020855843863730097 0.00047205956203325722 0.0017550965195175729 -0.015750374939106328 -0.0078133264844839016 0.011210629535722605 0.00070368313489911399 -0.0076609437364800791 -0.0089468340576521112 0.015044200658591356 -0.001617365948320941
leaf_weight=75.850597038865089 32053.382786421105 44.047218389809132 50.408363208174706 335.88696510344744 64.516440026462078 51.203062891960144 65.90540499985218 152.62214738875628 144.24459986481816 425.14005803409964 124.86469808686525 246.40376127883792 41.050041461363435 1066.5385399046354
leaf_count=320 138677 243 215 1392 286 220 296 699 658 1955 603 2596 523 9031
internal_value=-9.7211e-06 -0.0033209 -3.8138e-05 0.00224769 0.0133949 -0.00102716 -0.00895695 -0.0130712 7.37822e-05 0.00365555 1.08203e-05 4.40611e-05 -0.00234525 -0.00074396
internal_weight=34942.1 840.44 643.771 567.92 114.925 452.995 117.108 196.669 34101.6 569.385 33532.2 33407.4 1353.99 1107.59
internal_count=157714 3671 2729 2409 501 1908 516 942 154043 2613 151430 150827 12150 9554
is_linear=0
shrinkage=0.05


Tree=292
num_leaves=15
num_cat=0
split_feature=12 12 10 7 7 7 6 7 8 8 3 1 3 3
split_gain=4.18455 4.3486 5.08547 4.58775 7.44639 3.93855 3.18304 2.93703 3.32983 2.7784 9.59146 7.6778 9.13975 6.2579
threshold=-122.32154999999999 -92.925649999999976 41.21840000000001 -94.140549999999976 -97.009599999999992 -90.065099999999987 41.147800000000011 -118.23434999999999 1579.3542042570468 956.44339960092873 1835.5000000000002 31.500000000000004 1859.5000000000002 1977.5000000000002
decision_type=8 8 10 8 10 8 8 10 10 10 2 2 2 2
left_child=-1 2 3 4 7 -3 -5 -2 -9 13 -11 12 -12 -7
right_child=1 5 -4 6 -6 9 -8 8 -10 10 11 -13 -14 -15
leaf_value=0.0098563049443633165 0.0005119835573454772 0.01129861813256795 0.0076696260982346363 -0.020566028542490473 0.011039810385361511 -8.8666358005498813e-06 -0.0034601069421820764 -0.0009334848686748502 -0.018831208560743412 -0.011776261803752299 0.018079029692433635 0.011857573802327478 -9.3072401467550711e-05 -0.014272283968292932
leaf_weight=88.152285793796182 66.343495620414615 57.875324956141412 50.159963928163052 65.781611278653145 54.374981166794896 33153.697640930302 53.895611356943846 43.01804228965193 55.311105381697416 88.347988920286298 56.085479035973549 215.18635001219809 761.65418924205005 57.078002886846662
leaf_count=414 333 262 227 336 256 149240 262 203 277 437 235 1191 3308 389
internal_value=3.65107e-05 5.97047e-06 -0.00512004 -0.007336 -0.00255904 6.68781e-05 -0.014461 -0.0077587 -0.0124823 4.13771e-05 0.00246707 0.00388588 0.00155514 -4.19556e-05
internal_weight=34867 34778.8 388.885 338.725 219.048 34389.9 119.677 164.673 98.3291 34332 1121.27 1032.93 817.74 33210.8
internal_count=157370 156956 1894 1667 1069 155062 598 813 480 154800 5171 4734 3543 149629
is_linear=0
shrinkage=0.05


Tree=293
num_leaves=15
num_cat=0
split_feature=6 3 2 9 9 3 12 3 8 2 10 4 11 12
split_gain=3.45889 9.93287 5.90178 4.61787 6.21524 5.11668 4.60725 4.48698 9.01091 9.28883 15.9544 10.1065 7.08227 9.11344
threshold=43.609750000000012 1811.5000000000002 7.5000000000000009 44.311550000000004 43.558050000000009 1890.5000000000002 3.4347000000000008 1909.5000000000002 5.6001034705860464 10.500000000000002 38.626700000000007 42.58015000000001 -81.178099999999986 -79.445949999999996
decision_type=8 2 8 8 10 2 10 2 8 10 10 8 10 10
left_child=1 2 -1 4 5 -2 -6 8 -3 11 -11 -10 -9 -14
right_child=3 7 -4 -5 6 -7 -8 12 9 10 -12 -13 13 -15
leaf_value=-0.024084357845942372 0.0065558441301713337 -0.013472221126042433 -0.0017651798027739621 0.00020586282100460037 0.0026553665777874153 -0.0037175369529779791 0.023938131344233476 0.0048989520001545403 0.016204190963173864 0.010046167908042088 -0.02067137490425866 0.0011952365644900883 -0.010575592032872956 -0.0010313558170174596
leaf_weight=56.783316865563393 250.47829010058194 58.858208518475294 53.768454185687006 32186.667563896626 50.817181456834078 202.01558057079092 45.430779423564672 245.6110588372685 186.66224457323551 64.286590674892068 67.924904688261449 252.88892386760563 355.83999266661704 762.76459702337161
leaf_count=256 1106 260 278 144908 226 988 203 1159 793 323 373 1087 1760 3501
internal_value=0.000158167 -0.00179662 -0.0151625 0.00028491 0.00475119 0.00200608 0.0150913 -0.000912743 0.00252343 0.00456972 -0.00637778 0.00799685 -0.00251465 -0.00419991
internal_weight=34840.8 2105.39 110.552 32735.4 548.742 452.494 96.248 1994.84 630.621 571.763 132.211 439.551 1364.22 1118.6
internal_count=157221 9790 534 147431 2523 2094 429 9256 2836 2576 696 1880 6420 5261
is_linear=0
shrinkage=0.05


Tree=294
num_leaves=15
num_cat=0
split_feature=2 12 1 1 1 3 3 3 3 1 3 3 3 1
split_gain=2.76936 9.7057 13.0815 10.5036 11.0809 9.44603 7.93019 9.76697 7.86028 7.2052 13.7683 11.964 9.55447 9.9998
threshold=1.0000000180025095e-35 -2.7542999999999993 19.500000000000004 31.500000000000004 24.500000000000004 1918.5000000000002 1917.5000000000002 1838.5000000000002 1946.5000000000002 24.500000000000004 1918.5000000000002 1809.5000000000002 1919.5000000000002 43.500000000000007
decision_type=10 10 2 2 2 2 2 2 2 2 2 2 2 2
left_child=1 6 -3 4 -4 -6 7 -1 -8 10 11 -2 13 -11
right_child=9 2 3 -5 5 -7 8 -9 -10 12 -12 -13 -14 -15
leaf_value=0.00044208639557076485 -0.00078379132375764021 -0.018422985384946567 -0.00050180081720611826 -0.0014325868683629131 0.014298597283339499 -0.0023164424139777485 0.0028916736997547875 -0.002656044170915783 -0.012046833419343823 -0.0016139078892664579 -0.0036787282491952105 0.0027947633213804245 0.0018187075437327881 -0.016303822599518149
leaf_weight=3871.7870293785818 3456.5350098554045 47.212419092655182 284.84989278018475 507.59963223896921 471.99127922952175 97.37973165512085 1587.1045220349915 7369.0870622778311 73.596395849250257 6177.3726892825216 1362.5002506952733 7135.3890211191028 2370.7634581592865 98.400634009391069
leaf_count=16752 15056 207 1217 2691 2073 429 7785 32510 852 28405 5926 30341 11878 1505
internal_value=-0.000147921 -0.000681739 0.00323003 0.00423649 0.00756091 0.0114747 -0.0011133 -0.00159004 0.00209417 0.000223201 0.00101774 0.00162767 -0.000875121 -0.0018953
internal_weight=34911.6 14310.6 1409.03 1361.82 854.221 569.371 12901.6 11240.9 1660.7 20601 11954.4 10591.9 8646.54 6275.77
internal_count=157627 64516 6617 6410 3719 2502 57899 49262 8637 93111 51323 45397 41788 29910
is_linear=0
shrinkage=0.05


Tree=295
num_leaves=15
num_cat=0
split_feature=8 4 4 8 0 8 0 0 4 3 10 6 6 2
split_gain=2.4643 3.20803 5.2624 6.92173 4.40076 6.098 5.47196 4.64152 3.58563 3.35865 6.58337 6.79375 5.93965 3.89254
threshold=15167.747100195398 19.025700000000004 30.307650000000006 9169.1493065718914 28.500000000000004 1406.2337030154206 33.500000000000007 25.500000000000004 33.021750000000004 1963.5000000000002 40.627350000000007 51.392150000000008 48.856900000000003 8.5000000000000018
decision_type=10 8 8 8 2 8 2 2 8 2 10 8 10 8
left_child=1 4 3 -3 7 -6 -7 -1 -4 -10 -11 12 13 -12
right_child=-2 2 8 -5 5 6 -8 -9 9 10 11 -13 -14 -15
leaf_value=0.00076225343170426311 -0.0098208538476016651 -0.016211993576518466 0.0097083794921860589 0.004015412182425954 0.0096106535364910792 -0.017783340800338648 0.0019532301466959282 0.018741399554909957 -4.8840908061950286e-05 -0.014556548643791198 0.0068995649110549151 -0.0084978679282678403 0.01924001022523282 -0.010272886070685036
leaf_weight=64.580237597227097 44.913047702051699 92.243882512673736 73.429458892904222 57.258839531801641 72.224436583928764 43.49805261194706 70.785214573144913 66.130069419741631 33958.696515078656 98.49218299658969 55.365120449103415 112.30105978716165 40.047266544774175 38.802940890192986
leaf_count=278 220 424 339 255 356 189 357 294 152818 676 271 619 218 245
internal_value=-8.77786e-05 -6.96063e-05 -0.000116939 -0.00890529 0.00478362 -0.000317402 -0.00708862 0.0111384 -7.35641e-05 -0.000100148 -0.00487083 -0.000199073 0.00694627 -0.00073654
internal_weight=34888.8 34843.9 34526.6 149.503 317.218 186.508 114.283 130.71 34377.1 34303.7 345.009 246.516 134.215 94.1681
internal_count=157559 157339 155865 679 1474 902 546 572 155186 154847 2029 1353 734 516
is_linear=0
shrinkage=0.05


Tree=296
num_leaves=15
num_cat=0
split_feature=3 6 7 2 0 6 10 10 8 5 7 12 14 2
split_gain=4.10799 8.79896 8.20308 5.22408 8.21454 6.34128 6.97803 6.469 5.18625 5.14642 7.00646 4.77651 4.48961 7.28702
threshold=1940.5000000000002 58.654350000000008 15.198250000000002 6.5000000000000009 33.500000000000007 49.196850000000005 50.785550000000008 52.660150000000009 3.0749149823511082 26.098900000000004 13.7399 21.01275 1.0000000180025095e-35 4.5000000000000009
decision_type=2 10 10 10 2 10 10 10 8 8 8 10 2 8
left_child=-1 3 -3 5 -5 8 -7 -8 -2 10 -6 -4 -10 -14
right_child=1 2 11 4 9 6 7 -9 12 -11 -12 -13 13 -15
leaf_value=-0.00023471141768432568 0.013728366291298096 0.0073883575065468651 -0.023360999642535896 -0.010076396489578919 0.003515460937966057 0.018793023263926456 -0.0024961571244504987 0.013703964671848154 0.0058054052493936607 0.01391524770026282 -0.010767643151870248 -0.0022521102439759591 -0.0062201693450495482 0.0074128117011319911
leaf_weight=32867.796675562393 70.928212910890579 42.237823203206062 56.916640684939921 146.6885022521019 387.02859502797946 133.80439718067646 136.10683776717633 85.53978939820081 270.85111812176183 64.822872360702604 88.855489076115191 48.338679691776633 305.21701222611591 121.31504751835018
leaf_count=147046 299 209 273 633 2155 591 626 391 1763 410 522 228 1383 742
internal_value=-0.000101647 0.00211109 -0.00890138 0.00309532 -0.000339997 0.00516588 0.0105129 0.00437269 0.00248816 0.00256659 0.000521848 -0.0155742 0.000994093 -0.00218431
internal_weight=34826.4 1958.65 147.493 1811.16 687.395 1123.76 355.451 221.647 768.311 540.707 475.884 105.255 697.383 426.532
internal_count=157271 10225 710 9515 3720 5795 1608 1017 4187 3087 2677 501 3888 2125
is_linear=0
shrinkage=0.05


Tree=297
num_leaves=15
num_cat=0
split_feature=3 3 3 0 2 1 11 7 7 9 2 10 5 7
split_gain=4.60922 8.25481 5.24897 4.64113 5.78146 4.09934 3.70333 3.97936 4.7157 4.45043 4.99484 3.71844 3.59656 3.46031
threshold=1982.5000000000002 1968.5000000000002 1965.5000000000002 60.500000000000007 41.500000000000007 25.500000000000004 126.9885 49.119450000000008 37.642050000000005 51.498850000000012 4.5000000000000009 -37.823399999999992 17.942600000000002 32.840050000000012
decision_type=2 2 2 2 10 2 10 10 10 10 10 10 10 10
left_child=1 2 3 6 12 -3 7 8 13 10 -9 -8 -5 -1
right_child=-2 5 -4 4 -6 -7 11 9 -10 -11 -12 -13 -14 -15
leaf_value=-1.3022184922438796e-06 -0.013342241287270774 -0.0033429716917897051 -0.011625824420854752 -0.019248534700491562 0.01136409367297426 0.013005105964952385 0.0050474293930453645 0.0099172860838698095 -0.013331398246023028 0.017423323027330559 -0.0066557523040091842 -0.0091987493813017254 0.007913892248016292 0.010877588867392258
leaf_weight=33964.964017215185 44.920262559317052 39.892475567758083 77.957154777366668 60.681671816855669 8.9890009295195323 157.71462143678218 45.424077555537224 69.270180262625217 46.242914661765099 48.17640757933259 73.356340948492289 178.98651185631752 3.202339469920843 53.252327311784029
leaf_count=148937 367 194 449 3874 235 919 206 304 227 209 327 789 136 242
internal_value=-3.18954e-05 -7.08056e-06 -6.8043e-05 -3.5256e-05 -0.0111975 0.00970087 -5.18673e-06 3.85486e-05 -3.83042e-06 0.0068871 0.00162311 -0.00613805 -0.0163247 2.21091e-05
internal_weight=34873 34828.1 34630.5 34552.5 72.873 197.607 34479.7 34255.3 34064.5 190.803 142.627 224.411 63.884 34018.2
internal_count=157415 157048 155935 155486 4245 1113 151241 150246 149406 840 631 995 4010 149179
is_linear=0
shrinkage=0.05


Tree=298
num_leaves=15
num_cat=0
split_feature=6 8 11 5 1 5 3 5 4 3 2 12 5 8
split_gain=3.13041 4.54488 2.7662 9.4865 7.14256 5.60348 12.0524 8.58993 8.45475 4.72627 5.28752 13.0858 5.83748 5.05736
threshold=61.003600000000006 265.40399628642666 -74.170399999999987 -74.004599999999996 36.500000000000007 -77.951099999999983 1873.5000000000002 -80.241399999999985 39.953500000000012 1899.5000000000002 6.5000000000000009 -111.95404999999998 -98.432799999999986 685.39267694077751
decision_type=10 10 8 8 2 10 2 10 10 2 10 10 8 10
left_child=2 -2 5 4 -4 6 -1 9 -7 -8 12 -12 -11 -13
right_child=1 -3 3 -5 -6 8 7 -9 -10 10 11 13 -14 -15
leaf_value=-0.014658691214624282 -0.0026625534674471771 0.014323336062738043 -0.010087043260776425 -9.1807227055577313e-05 0.008654150077823948 0.00042413488181430089 0.016150148573889547 -0.013649616262185197 0.022345828170260627 -0.0045868220110416883 0.014354188754668521 -0.0016420995692763458 0.011222372869287024 -0.023406511704485031
leaf_weight=89.144687741994858 60.70002300105989 69.678338432684541 350.59474542364478 33511.717675751541 43.301811886020005 95.923524529673159 70.118024669587612 45.711626388132572 62.488020634278655 67.122498614247888 44.339380728080869 51.635455689392984 197.97803123854101 43.559144392609596
leaf_count=377 278 309 1578 151066 295 440 309 219 279 298 244 279 873 229
internal_value=-8.56706e-05 0.00711289 -0.000116823 -0.000184782 -0.00770816 0.00281188 0.000513632 0.00355862 0.0106071 0.00570031 0.00321412 -0.00427364 0.00717857 -0.0139358
internal_weight=34804 130.378 34673.6 33905.6 393.897 768.02 609.609 520.464 158.412 474.753 404.635 139.534 265.101 95.1946
internal_count=157073 587 156486 152939 1873 3547 2828 2451 719 2232 1923 752 1171 508
is_linear=0
shrinkage=0.05


Tree=299
num_leaves=15
num_cat=0
split_feature=7 3 3 3 12 3 11 0 5 5 12 0 4 2
split_gain=4.27921 7.52926 7.25016 7.4616 6.84 5.83312 5.5294 6.74521 6.57363 5.48236 9.18041 8.80642 8.1906 10.7732
threshold=10.684600000000001 1746.5000000000002 1772.5000000000002 1813.5000000000002 15.618050000000002 1821.5000000000002 81.258300000000006 33.500000000000007 51.011500000000005 8.634050000000002 9.442400000000001 39.500000000000007 52.230500000000006 6.5000000000000009
decision_type=10 2 2 2 10 2 10 2 10 10 10 2 10 10
left_child=6 -2 -3 4 -4 -5 8 -8 -1 11 -11 12 13 -7
right_child=1 2 3 5 -6 9 7 -9 -10 10 -12 -13 -14 -15
leaf_value=0.00027119535447016232 -0.010155207649655358 0.013308332835892729 -0.01755124018490151 0.013138519988897431 0.0027229543136570358 0.0027181374966179454 -0.01611238962522844 0.0044406069690708988 0.014663156655017518 -0.018398187811500152 -0.0015896401469607136 0.013753047163349845 0.015443471535737392 -0.013157223226583149
leaf_weight=31330.128350032959 219.70455039618537 66.859304450452328 107.44344250950962 54.048404762521386 54.636220562271774 307.86941324174404 89.549682438373566 51.638148648664355 59.552836236543953 64.730857606977224 2177.2264993879944 126.91114807175472 52.793615028262138 139.66393795609474
leaf_count=141094 1280 331 483 245 249 1286 386 262 263 291 9765 770 218 579
internal_value=7.92026e-05 -0.00160841 -0.000952433 -0.00134519 -0.0111685 -0.000728341 0.00026058 -0.00897704 0.000307819 -0.0010787 -0.00223333 0.00298981 -0.000164039 -0.00258707
internal_weight=34902.8 3371.89 3152.18 3085.32 162.08 2923.24 31530.9 141.188 31389.7 2869.2 2241.96 627.238 500.327 447.533
internal_count=157502 15497 14217 13886 732 13154 142005 648 141357 12909 10056 2853 2083 1865
is_linear=0
shrinkage=0.05


end of trees

feature_importances:
Column_3=804
Column_0=545
Column_1=368
Column_8=305
Column_2=286
Column_12=278
Column_11=258
Column_5=234
Column_10=222
Column_6=219
Column_7=201
Column_4=196
Column_9=184
Column_14=98
Column_15=2

parameters:
[boosting: gbdt]
[objective: binary]
[metric: binary_logloss]
[tree_learner: serial]
[device_type: cpu]
[data_sample_strategy: bagging]
[data: ]
[valid: ]
[num_iterations: 300]
[learning_rate: 0.05]
[num_leaves: 15]
[num_threads: 8]
[seed: 0]
[deterministic: 0]
[force_col_wise: 0]
[force_row_wise: 0]
[histogram_pool_size: -1]
[max_depth: -1]
[min_data_in_leaf: 200]
[min_sum_hessian_in_leaf: 0.001]
[bagging_fraction: 0.8]
[pos_bagging_fraction: 1]
[neg_bagging_fraction: 1]
[bagging_freq: 1]
[bagging_seed: 7719]
[bagging_by_query: 0]
[feature_fraction: 0.8]
[feature_fraction_bynode: 1]
[feature_fraction_seed: 2437]
[extra_trees: 0]
[extra_seed: 11797]
[early_stopping_round: 0]
[early_stopping_min_delta: 0]
[first_metric_only: 0]
[max_delta_step: 0]
[lambda_l1: 0]
[lambda_l2: 20]
[linear_lambda: 0]
[min_gain_to_split: 0]
[drop_rate: 0.1]
[max_drop: 50]
[skip_drop: 0.5]
[xgboost_dart_mode: 0]
[uniform_drop: 0]
[drop_seed: 21238]
[top_rate: 0.2]
[other_rate: 0.1]
[min_data_per_group: 100]
[max_cat_threshold: 32]
[cat_l2: 10]
[cat_smooth: 10]
[max_cat_to_onehot: 4]
[top_k: 20]
[monotone_constraints: ]
[monotone_constraints_method: basic]
[monotone_penalty: 0]
[feature_contri: ]
[forcedsplits_filename: ]
[refit_decay_rate: 0.9]
[cegb_tradeoff: 1]
[cegb_penalty_split: 0]
[cegb_penalty_feature_lazy: ]
[cegb_penalty_feature_coupled: ]
[path_smooth: 0]
[interaction_constraints: ]
[verbosity: -1]
[saved_feature_importance_type: 0]
[use_quantized_grad: 0]
[num_grad_quant_bins: 4]
[quant_train_renew_leaf: 0]
[stochastic_rounding: 1]
[linear_tree: 0]
[max_bin: 255]
[max_bin_by_feature: ]
[min_data_in_bin: 3]
[bin_construct_sample_cnt: 200000]
[data_random_seed: 38]
[is_enable_sparse: 1]
[enable_bundle: 1]
[use_missing: 1]
[zero_as_missing: 0]
[feature_pre_filter: 1]
[pre_partition: 0]
[two_round: 0]
[header: 0]
[label_column: ]
[weight_column: ]
[group_column: ]
[ignore_column: ]
[categorical_feature: ]
[forcedbins_filename: ]
[precise_float_parser: 0]
[parser_config_file: ]
[objective_seed: 8855]
[num_class: 1]
[is_unbalance: 0]
[scale_pos_weight: 1]
[sigmoid: 1]
[boost_from_average: 1]
[reg_sqrt: 0]
[alpha: 0.9]
[fair_c: 1]
[poisson_max_delta_step: 0.7]
[tweedie_variance_power: 1.5]
[lambdarank_truncation_level: 30]
[lambdarank_norm: 1]
[label_gain: ]
[lambdarank_position_bias_regularization: 0]
[eval_at: ]
[multi_error_top_k: 1]
[auc_mu_weights: ]
[num_machines: 1]
[local_listen_port: 12400]
[time_out: 120]
[machine_list_filename: ]
[machines: ]
[gpu_platform_id: -1]
[gpu_device_id: -1]
[gpu_device_id_list: ]
[gpu_use_dp: 0]
[num_gpu: 1]

end of parameters

pandas_categorical:null
